customerID,gender,SeniorCitizen,Partner,Dependents,tenure,PhoneService,MultipleLines,InternetService,OnlineSecurity,TechSupport,StreamingTV,Contract,PaperlessBilling,PaymentMethod,MonthlyCharges,TotalCharges,Churn
CUS-00000,Male,0,No,No,67,Yes,Yes,DSL,No internet service,No,Yes,One year,Yes,Electronic check,74.86,5059.43,No
CUS-00001,Female,1,No,No,25,No,Yes,DSL,No,No,No,Month-to-month,Yes,Credit card (automatic),99.05,2561.75,Yes
CUS-00002,Male,0,No,No,61,Yes,No,Fiber optic,No,Yes,Yes,One year,Yes,Bank transfer (automatic),41.25,2395.45,Yes
CUS-00003,Male,0,Yes,No,26,Yes,Yes,DSL,Yes,No,No,One year,Yes,Bank transfer (automatic),105.11,2751.93,Yes
CUS-00004,Male,0,Yes,No,34,Yes,No,DSL,No,No internet service,Yes,Month-to-month,Yes,Credit card (automatic),81.91,2701.69,No
CUS-00005,Female,1,Yes,No,9,Yes,No,No,Yes,Yes,Yes,Month-to-month,No,Mailed check,56.11,523.68,No
CUS-00006,Male,0,Yes,Yes,40,Yes,Yes,No,No,Yes,No,Two year,Yes,Electronic check,82.77,3462.1,No
CUS-00007,Male,0,Yes,No,7,No,No,No,No,No internet service,Yes,Two year,Yes,Electronic check,110.81,801.12,No
CUS-00008,Male,0,Yes,No,30,Yes,Yes,Fiber optic,No internet service,No,Yes,Month-to-month,Yes,Credit card (automatic),116.82,3341.18,Yes
CUS-00009,Female,0,Yes,Yes,66,No,Yes,Fiber optic,Yes,No,Yes,One year,Yes,Credit card (automatic),46.14,2985.17,No
CUS-00010,Male,0,Yes,Yes,30,Yes,No,No,No,No,No,Month-to-month,Yes,Credit card (automatic),108.91,3179.0,Yes
CUS-00011,Male,0,Yes,No,68,Yes,Yes,Fiber optic,Yes,No,Yes,One year,Yes,Electronic check,21.86,1534.98,No
CUS-00012,Male,0,No,No,58,Yes,No,DSL,No,No,Yes,Month-to-month,Yes,Electronic check,18.73,1033.99,Yes
CUS-00013,Male,0,No,Yes,55,Yes,Yes,DSL,Yes,No,No internet service,Month-to-month,Yes,Electronic check,78.16,4480.53,No
CUS-00014,Female,0,Yes,No,14,Yes,No,DSL,No internet service,Yes,Yes,Month-to-month,No,Credit card (automatic),66.16,934.34,Yes
CUS-00015,Male,0,Yes,No,37,Yes,No,No,Yes,No,Yes,One year,Yes,Electronic check,64.92,2460.67,No
CUS-00016,Female,0,Yes,Yes,44,Yes,No,Fiber optic,No,No,Yes,Month-to-month,No,Mailed check,41.41,1813.97,Yes
CUS-00017,Female,0,No,Yes,6,Yes,No,Fiber optic,Yes,No internet service,No internet service,Month-to-month,Yes,Electronic check,77.75,476.16,No
CUS-00018,Female,1,Yes,No,26,Yes,No,DSL,No,No internet service,No,One year,No,Credit card (automatic),19.69,503.47,No
CUS-00019,Male,0,No,No,14,Yes,No phone service,DSL,No,No internet service,Yes,Two year,Yes,Bank transfer (automatic),61.38,873.08,No
CUS-00020,Female,1,Yes,No,8,No,Yes,Fiber optic,Yes,No,No,Two year,No,Credit card (automatic),54.69,434.49,Yes
CUS-00021,Male,0,Yes,No,24,Yes,No phone service,Fiber optic,No internet service,No,No internet service,Month-to-month,Yes,Bank transfer (automatic),37.31,934.12,No
CUS-00022,Female,0,Yes,Yes,39,Yes,No,Fiber optic,No internet service,No,No internet service,One year,Yes,Bank transfer (automatic),69.07,2809.69,No
CUS-00023,Female,1,Yes,No,49,Yes,No,DSL,Yes,No,No,Two year,Yes,Mailed check,87.03,4294.45,No
CUS-00024,Female,0,No,No,63,Yes,No phone service,Fiber optic,No,No,Yes,Two year,Yes,Electronic check,99.3,6426.9,No
CUS-00025,Female,0,No,No,26,Yes,No,No,No,Yes,No,Month-to-month,No,Mailed check,64.22,1710.18,Yes
CUS-00026,Female,0,No,No,10,Yes,No,No,No,No internet service,No,Month-to-month,Yes,Electronic check,41.99,428.57,Yes
CUS-00027,Female,0,No,Yes,58,Yes,No,DSL,No,Yes,No,Two year,No,Bank transfer (automatic),38.99,2368.63,No
CUS-00028,Female,0,No,No,14,Yes,No,Fiber optic,Yes,No,No,Month-to-month,No,Mailed check,75.92,1103.03,No
CUS-00029,Female,0,No,Yes,71,Yes,No,DSL,No internet service,No,No,Two year,No,Mailed check,56.93,4141.19,No
CUS-00030,Male,0,Yes,Yes,39,No,Yes,Fiber optic,Yes,No,Yes,Two year,Yes,Bank transfer (automatic),49.76,1858.95,Yes
CUS-00031,Male,0,Yes,No,31,Yes,No,Fiber optic,Yes,No,No,One year,Yes,Electronic check,70.3,2147.71,No
CUS-00032,Female,0,Yes,Yes,50,Yes,No phone service,DSL,No,Yes,No,One year,Yes,Mailed check,73.64,3624.32,No
CUS-00033,Female,0,No,No,16,No,No,No,Yes,No internet service,No internet service,Month-to-month,No,Mailed check,41.38,662.89,No
CUS-00034,Female,0,Yes,Yes,51,Yes,No,Fiber optic,Yes,No internet service,Yes,Month-to-month,No,Electronic check,55.83,2948.92,Yes
CUS-00035,Male,0,No,Yes,15,Yes,No,No,No,No,No internet service,One year,Yes,Electronic check,88.77,1354.44,No
CUS-00036,Female,1,Yes,No,38,Yes,Yes,DSL,No internet service,Yes,Yes,Two year,No,Electronic check,56.74,2214.67,No
CUS-00037,Male,0,No,Yes,71,Yes,Yes,DSL,Yes,Yes,Yes,Month-to-month,Yes,Bank transfer (automatic),62.41,4228.03,No
CUS-00038,Male,1,Yes,Yes,21,Yes,Yes,Fiber optic,No,Yes,Yes,Month-to-month,No,Electronic check,82.0,1645.12,No
CUS-00039,Male,0,Yes,No,16,No,Yes,Fiber optic,No,No,No,Month-to-month,No,Mailed check,37.08,618.7,No
CUS-00040,Male,0,No,Yes,67,Yes,No,Fiber optic,No,No,No,One year,Yes,Bank transfer (automatic),104.68,6809.86,No
CUS-00041,Male,0,Yes,Yes,65,Yes,No,No,No,No,No,Month-to-month,No,Credit card (automatic),51.84,3468.86,Yes
CUS-00042,Female,0,No,No,13,No,Yes,Fiber optic,No,No,No,Month-to-month,No,Credit card (automatic),86.77,1133.45,No
CUS-00043,Female,0,Yes,Yes,64,No,Yes,Fiber optic,No,No internet service,Yes,Month-to-month,No,Electronic check,47.72,3008.17,No
CUS-00044,Female,0,Yes,No,61,Yes,Yes,No,No,Yes,No,One year,Yes,Electronic check,82.81,5184.54,No
CUS-00045,Female,0,No,Yes,32,Yes,Yes,Fiber optic,No,No,No,Month-to-month,No,Electronic check,45.73,1531.39,Yes
CUS-00046,Female,1,No,Yes,12,Yes,No,Fiber optic,No,No,No,Month-to-month,Yes,Electronic check,92.8,1086.74,No
CUS-00047,Male,0,Yes,No,41,Yes,Yes,Fiber optic,No,No internet service,No,Month-to-month,No,Electronic check,28.49,1150.83,No
CUS-00048,Female,0,No,No,66,Yes,Yes,Fiber optic,No,No,Yes,Two year,Yes,Electronic check,48.75,3150.99,No
CUS-00049,Female,0,No,Yes,8,Yes,No phone service,DSL,No internet service,No,No internet service,Month-to-month,Yes,Electronic check,74.75,606.65,Yes
CUS-00050,Male,0,No,No,59,Yes,Yes,DSL,No internet service,No,No internet service,Month-to-month,No,Mailed check,81.32,4905.48,Yes
CUS-00051,Female,0,Yes,Yes,25,Yes,No,Fiber optic,No,No internet service,No,Month-to-month,Yes,Credit card (automatic),31.82,793.78,No
CUS-00052,Male,0,Yes,Yes,5,Yes,No,DSL,No internet service,No internet service,No,Month-to-month,No,Credit card (automatic),49.95,242.62,No
CUS-00053,Female,1,No,No,45,Yes,Yes,No,No,Yes,No,One year,Yes,Mailed check,28.18,1245.44,No
CUS-00054,Male,0,No,Yes,2,Yes,No,DSL,Yes,No,Yes,Month-to-month,Yes,Bank transfer (automatic),101.43,207.88,No
CUS-00055,Female,0,No,No,42,No,No,DSL,No,No internet service,Yes,Two year,Yes,Mailed check,116.37,5075.05,No
CUS-00056,Female,0,Yes,Yes,38,Yes,Yes,Fiber optic,Yes,No,No internet service,Two year,Yes,Mailed check,46.38,1763.85,No
CUS-00057,Male,0,Yes,No,3,Yes,Yes,Fiber optic,No,No,No,Two year,Yes,Bank transfer (automatic),66.31,193.93,No
CUS-00058,Male,0,No,No,46,No,No,Fiber optic,No,No,No,Month-to-month,No,Mailed check,68.65,3210.21,Yes
CUS-00059,Male,0,Yes,No,22,Yes,No,Fiber optic,No,No,No internet service,Month-to-month,Yes,Mailed check,34.45,768.47,Yes
CUS-00060,Male,0,Yes,Yes,33,Yes,Yes,No,No,No,No internet service,One year,Yes,Electronic check,84.76,2911.55,Yes
CUS-00061,Male,0,Yes,No,32,Yes,Yes,Fiber optic,No,No,No,Month-to-month,Yes,Mailed check,69.68,2181.82,Yes
CUS-00062,Male,0,No,No,17,Yes,Yes,Fiber optic,No,No internet service,Yes,Month-to-month,Yes,Bank transfer (automatic),69.39,1217.07,Yes
CUS-00063,Male,0,Yes,No,56,Yes,No,No,Yes,No,Yes,Month-to-month,No,Credit card (automatic),23.86,1358.96,No
CUS-00064,Male,0,No,No,3,No,No,DSL,No,No,No internet service,Month-to-month,Yes,Electronic check,25.99,80.62,Yes
CUS-00065,Female,0,No,No,70,Yes,No,No,No,No internet service,No internet service,Month-to-month,No,Mailed check,114.43,7692.05,No
CUS-00066,Female,0,No,No,49,Yes,Yes,Fiber optic,No internet service,No,No,Month-to-month,Yes,Mailed check,111.97,5666.06,Yes
CUS-00067,Male,1,Yes,No,55,Yes,No phone service,No,No internet service,No,Yes,Month-to-month,Yes,Credit card (automatic),19.82,1087.6,No
CUS-00068,Female,1,Yes,No,31,Yes,No,DSL,No,Yes,No,Two year,No,Electronic check,72.05,2294.87,No
CUS-00069,Female,0,No,No,21,Yes,No,No,No,No,Yes,One year,No,Electronic check,24.48,500.88,No
CUS-00070,Female,0,No,Yes,16,Yes,Yes,Fiber optic,No,No internet service,Yes,Month-to-month,No,Electronic check,97.31,1533.24,Yes
CUS-00071,Female,0,No,No,17,Yes,No,Fiber optic,Yes,No internet service,No internet service,Two year,Yes,Electronic check,22.93,386.49,Yes
CUS-00072,Male,0,No,No,1,Yes,No,Fiber optic,No,No,Yes,Two year,Yes,Credit card (automatic),72.93,73.3,No
CUS-00073,Female,1,No,No,65,Yes,Yes,No,No,No,No,One year,No,Bank transfer (automatic),79.93,5200.86,No
CUS-00074,Male,0,No,Yes,66,No,No,Fiber optic,No,Yes,No,Two year,Yes,Mailed check,27.61,1774.25,No
CUS-00075,Female,1,Yes,No,37,Yes,No,Fiber optic,No,No,No internet service,Month-to-month,Yes,Credit card (automatic),77.44,2980.94,No
CUS-00076,Female,1,Yes,No,24,Yes,Yes,No,No,Yes,No,Two year,Yes,Electronic check,112.17,2811.73,No
CUS-00077,Female,0,No,No,62,Yes,No,DSL,No,No internet service,Yes,Month-to-month,No,Credit card (automatic),27.73,1674.08,No
CUS-00078,Male,0,Yes,No,21,Yes,Yes,DSL,Yes,No,No,One year,No,Bank transfer (automatic),86.47,1796.07,No
CUS-00079,Female,0,No,No,37,Yes,No,Fiber optic,No,No,Yes,Month-to-month,Yes,Electronic check,45.13,1720.68,No
CUS-00080,Male,1,Yes,No,35,Yes,No phone service,DSL,No,Yes,No,Month-to-month,No,Mailed check,45.36,1632.48,No
CUS-00081,Female,0,No,Yes,38,No,No phone service,No,No,No,No,Month-to-month,Yes,Credit card (automatic),72.41,2881.91,No
CUS-00082,Male,1,Yes,Yes,53,Yes,No,Fiber optic,No,No,Yes,Month-to-month,No,Mailed check,110.78,6134.0,Yes
CUS-00083,Female,0,Yes,Yes,15,No,No,Fiber optic,No,No,Yes,Two year,Yes,Credit card (automatic),41.07,639.15,Yes
CUS-00084,Male,0,No,Yes,42,No,No,DSL,No,No,Yes,Two year,No,Credit card (automatic),117.33,4970.53,Yes
CUS-00085,Male,1,Yes,No,4,Yes,No,No,No,No,Yes,Month-to-month,Yes,Bank transfer (automatic),27.15,106.84,No
CUS-00086,Female,0,Yes,No,39,Yes,Yes,No,No,No,No,One year,Yes,Electronic check,112.02,4378.6,No
CUS-00087,Male,0,Yes,No,23,Yes,Yes,Fiber optic,Yes,No,No,Two year,No,Electronic check,19.78,467.28,No
CUS-00088,Female,0,No,No,15,Yes,No,Fiber optic,Yes,No internet service,Yes,Month-to-month,Yes,Bank transfer (automatic),34.22,492.99,No
CUS-00089,Female,0,No,No,12,Yes,Yes,DSL,No,Yes,No internet service,Two year,Yes,Bank transfer (automatic),115.64,1415.87,No
CUS-00090,Female,0,No,No,70,Yes,No phone service,Fiber optic,No internet service,No,No,Month-to-month,Yes,Electronic check,44.61,3246.38,No
CUS-00091,Female,0,Yes,No,54,Yes,No,Fiber optic,Yes,No,No internet service,Two year,No,Credit card (automatic),18.71,981.09,No
CUS-00092,Female,1,No,Yes,38,Yes,Yes,DSL,No,No,No internet service,Two year,No,Credit card (automatic),106.51,4173.33,No
CUS-00093,Female,1,Yes,No,28,Yes,Yes,No,No internet service,No,No internet service,Month-to-month,No,Mailed check,109.4,3182.92,No
CUS-00094,Female,0,No,Yes,19,Yes,No,No,Yes,Yes,No internet service,Two year,No,Bank transfer (automatic),92.44,1680.32,No
CUS-00095,Female,0,No,No,69,Yes,No phone service,DSL,Yes,No internet service,No,One year,Yes,Mailed check,111.96,8079.05,Yes
CUS-00096,Female,0,No,No,64,Yes,Yes,Fiber optic,No internet service,Yes,No,Two year,Yes,Electronic check,44.57,2853.11,No
CUS-00097,Female,0,No,No,4,Yes,No,No,Yes,Yes,No,Month-to-month,No,Electronic check,82.53,328.73,No
CUS-00098,Female,1,No,Yes,10,No,No,No,No,No,Yes,Two year,Yes,Bank transfer (automatic),92.23,931.76,No
CUS-00099,Male,0,No,No,12,Yes,No,DSL,No,No internet service,Yes,One year,No,Mailed check,115.36,1344.69,Yes
CUS-00100,Male,0,Yes,No,69,No,No,Fiber optic,Yes,No,Yes,Month-to-month,Yes,Bank transfer (automatic),107.81,7560.61,No
CUS-00101,Female,0,No,Yes,7,Yes,Yes,No,Yes,No,Yes,One year,Yes,Bank transfer (automatic),23.91,172.54,No
CUS-00102,Female,0,Yes,Yes,44,Yes,No,DSL,No,No,No,One year,Yes,Mailed check,51.9,2243.03,No
CUS-00103,Female,0,Yes,No,23,Yes,Yes,Fiber optic,No,No,No internet service,Month-to-month,Yes,Electronic check,79.51,1784.02,Yes
CUS-00104,Female,0,Yes,Yes,2,Yes,Yes,Fiber optic,Yes,No,No,Two year,No,Bank transfer (automatic),103.54,215.67,Yes
CUS-00105,Female,0,Yes,No,37,Yes,Yes,Fiber optic,No,No,No internet service,Month-to-month,Yes,Mailed check,45.97,1695.37,Yes
CUS-00106,Female,0,Yes,No,69,Yes,Yes,DSL,No,No,Yes,Two year,Yes,Electronic check,18.81,1314.61,Yes
CUS-00107,Female,0,No,No,20,No,No,No,No,Yes,No internet service,Month-to-month,Yes,Electronic check,36.7,760.08,No
CUS-00108,Female,0,Yes,Yes,44,Yes,Yes,DSL,No,No internet service,Yes,Two year,Yes,Electronic check,60.53,2721.11,No
CUS-00109,Male,0,Yes,No,70,No,No,Fiber optic,Yes,Yes,No internet service,Two year,Yes,Electronic check,24.11,1657.62,No
CUS-00110,Female,0,No,No,51,Yes,No,Fiber optic,No,No,No internet service,Month-to-month,Yes,Electronic check,22.23,1079.36,Yes
CUS-00111,Male,0,Yes,Yes,31,No,No phone service,DSL,No,No internet service,No internet service,One year,Yes,Electronic check,58.16,1797.35,No
CUS-00112,Female,0,No,Yes,41,Yes,No,DSL,No,Yes,No internet service,Month-to-month,Yes,Electronic check,82.79,3309.01,Yes
CUS-00113,Female,0,No,Yes,58,Yes,No phone service,No,No,Yes,No,Month-to-month,Yes,Bank transfer (automatic),89.05,5123.35,Yes
CUS-00114,Male,0,No,No,5,Yes,Yes,Fiber optic,No,No,Yes,Month-to-month,Yes,Electronic check,71.28,354.92,No
CUS-00115,Female,1,No,No,33,No,No,Fiber optic,No,No internet service,No internet service,Month-to-month,Yes,Bank transfer (automatic),61.59,2106.8,Yes
CUS-00116,Male,1,Yes,Yes,43,Yes,Yes,No,No,No,No,Two year,No,Credit card (automatic),19.88,877.64,Yes
CUS-00117,Female,0,Yes,No,19,Yes,No,DSL,No internet service,No internet service,No internet service,Month-to-month,Yes,Mailed check,44.26,815.37,Yes
CUS-00118,Female,1,Yes,No,32,Yes,Yes,Fiber optic,No internet service,No,No,Month-to-month,No,Bank transfer (automatic),84.99,2669.62,No
CUS-00119,Male,0,No,No,3,Yes,No,DSL,No,No internet service,Yes,Month-to-month,No,Electronic check,62.96,190.46,Yes
CUS-00120,Female,0,Yes,No,1,Yes,Yes,Fiber optic,No,No,Yes,Two year,Yes,Electronic check,44.41,44.7,Yes
CUS-00121,Male,0,Yes,Yes,41,Yes,Yes,DSL,No,No internet service,No,Month-to-month,Yes,Bank transfer (automatic),40.94,1686.21,No
CUS-00122,Female,0,Yes,Yes,48,Yes,No,No,Yes,No,Yes,Month-to-month,Yes,Credit card (automatic),19.73,989.87,Yes
CUS-00123,Male,0,No,No,39,Yes,No phone service,Fiber optic,No,Yes,No,One year,No,Bank transfer (automatic),100.51,3995.43,No
CUS-00124,Male,0,Yes,Yes,5,No,Yes,Fiber optic,No,No,No,Two year,Yes,Mailed check,105.8,507.69,Yes
CUS-00125,Female,0,No,No,11,No,No phone service,Fiber optic,No internet service,Yes,No,Two year,No,Electronic check,54.57,626.71,No
CUS-00126,Female,0,Yes,No,22,Yes,Yes,DSL,No internet service,Yes,No internet service,One year,No,Mailed check,88.13,1931.73,No
CUS-00127,Male,0,Yes,No,64,Yes,No,No,No internet service,No,Yes,Month-to-month,No,Bank transfer (automatic),24.5,1580.63,Yes
CUS-00128,Female,1,Yes,No,12,Yes,No phone service,DSL,No,Yes,No,Two year,Yes,Electronic check,106.87,1323.41,No
CUS-00129,Female,0,No,No,53,Yes,Yes,Fiber optic,No,No,No,Two year,Yes,Mailed check,108.68,5594.89,No
CUS-00130,Female,0,No,No,55,Yes,No,DSL,No,Yes,No internet service,Two year,Yes,Bank transfer (automatic),33.68,1854.61,No
CUS-00131,Male,0,Yes,No,53,Yes,Yes,No,No internet service,No,Yes,Month-to-month,Yes,Electronic check,96.06,5274.15,Yes
CUS-00132,Male,0,Yes,No,21,Yes,Yes,Fiber optic,No,No internet service,No,Month-to-month,Yes,Bank transfer (automatic),65.32,1404.18,Yes
CUS-00133,Male,0,No,No,19,Yes,No,DSL,No,No,No internet service,Month-to-month,No,Bank transfer (automatic),86.1,1611.45,No
CUS-00134,Male,0,Yes,No,69,Yes,No,Fiber optic,Yes,Yes,No,Two year,Yes,Credit card (automatic),65.47,4557.73,No
CUS-00135,Male,0,Yes,Yes,66,Yes,No phone service,No,No,No,No internet service,One year,No,Electronic check,25.87,1623.42,Yes
CUS-00136,Male,0,Yes,Yes,59,Yes,Yes,Fiber optic,No,No internet service,No internet service,Month-to-month,No,Electronic check,102.0,5745.56,Yes
CUS-00137,Male,0,Yes,No,49,Yes,No,Fiber optic,Yes,No,No internet service,Month-to-month,Yes,Credit card (automatic),26.57,1251.6,Yes
CUS-00138,Male,0,Yes,No,59,Yes,No,DSL,No,No,No,Two year,Yes,Electronic check,54.02,3249.15,No
CUS-00139,Male,0,Yes,No,23,Yes,No phone service,DSL,Yes,No internet service,No,Month-to-month,No,Mailed check,116.6,2714.0,Yes
CUS-00140,Female,0,Yes,No,3,Yes,Yes,DSL,No internet service,Yes,Yes,One year,Yes,Electronic check,60.67,189.58,No
CUS-00141,Male,0,No,Yes,56,Yes,No phone service,Fiber optic,No,No,Yes,Month-to-month,Yes,Credit card (automatic),100.03,5718.51,No
CUS-00142,Female,0,Yes,No,58,Yes,No,Fiber optic,No,Yes,Yes,Two year,Yes,Electronic check,34.89,2007.55,No
CUS-00143,Female,1,No,No,62,Yes,No,No,Yes,Yes,Yes,Month-to-month,Yes,Electronic check,101.01,6492.42,Yes
CUS-00144,Female,1,Yes,No,18,Yes,Yes,No,No,Yes,Yes,One year,No,Mailed check,64.12,1101.39,No
CUS-00145,Male,1,No,No,61,Yes,No,DSL,Yes,No,Yes,One year,Yes,Electronic check,68.99,4002.23,No
CUS-00146,Male,0,Yes,No,37,Yes,No,Fiber optic,No,No internet service,Yes,Two year,Yes,Bank transfer (automatic),114.87,4144.06,No
CUS-00147,Male,0,No,No,54,Yes,No,Fiber optic,No internet service,No,Yes,Month-to-month,Yes,Bank transfer (automatic),106.61,5542.56,Yes
CUS-00148,Male,0,Yes,No,65,Yes,No,Fiber optic,Yes,No,Yes,One year,No,Bank transfer (automatic),52.78,3351.87,No
CUS-00149,Female,0,No,No,14,No,Yes,Fiber optic,Yes,No,No,Month-to-month,No,Credit card (automatic),112.94,1550.42,No
CUS-00150,Male,0,Yes,No,5,Yes,Yes,DSL,Yes,No,No internet service,Two year,Yes,Bank transfer (automatic),28.31,140.92,Yes
CUS-00151,Male,0,Yes,Yes,62,Yes,No,DSL,No,No,No internet service,One year,Yes,Electronic check,20.62,1292.58,No
CUS-00152,Male,1,No,No,1,Yes,Yes,Fiber optic,No internet service,No internet service,No internet service,One year,Yes,Electronic check,71.26,70.21,Yes
CUS-00153,Male,0,No,No,63,Yes,No,DSL,No,Yes,No,Month-to-month,No,Bank transfer (automatic),94.99,6263.98,Yes
CUS-00154,Male,1,Yes,No,67,Yes,No,Fiber optic,No,No,Yes,Month-to-month,No,Bank transfer (automatic),40.09,2697.22,No
CUS-00155,Female,0,No,No,20,Yes,Yes,Fiber optic,Yes,No internet service,No,Month-to-month,Yes,Credit card (automatic),26.03,540.19,No
CUS-00156,Male,0,Yes,No,43,Yes,No,No,No,No,No,Month-to-month,Yes,Electronic check,102.55,4542.97,No
CUS-00157,Female,0,Yes,No,42,Yes,No,No,Yes,No,No,Month-to-month,Yes,Electronic check,116.63,4677.09,Yes
CUS-00158,Male,0,No,No,69,Yes,No,No,No,No,No internet service,Month-to-month,No,Bank transfer (automatic),87.43,6015.43,No
CUS-00159,Female,0,Yes,No,39,Yes,No,No,No,No,Yes,Month-to-month,Yes,Electronic check,115.53,4643.76,No
CUS-00160,Male,0,No,Yes,62,Yes,Yes,No,No,Yes,No,Month-to-month,No,Electronic check,101.27,6534.05,No
CUS-00161,Male,0,Yes,No,48,Yes,No phone service,Fiber optic,No,Yes,No,Month-to-month,No,Credit card (automatic),43.19,2100.66,No
CUS-00162,Female,0,No,Yes,6,Yes,Yes,No,No,Yes,No internet service,Month-to-month,Yes,Electronic check,28.98,181.39,Yes
CUS-00163,Female,1,No,Yes,42,Yes,No,Fiber optic,Yes,No,Yes,Two year,Yes,Electronic check,98.89,4221.21,Yes
CUS-00164,Female,0,No,No,58,Yes,Yes,No,No internet service,No,Yes,Two year,No,Bank transfer (automatic),83.96,4727.71,Yes
CUS-00165,Male,1,No,No,43,No,Yes,DSL,No internet service,No internet service,No,Month-to-month,Yes,Electronic check,99.29,4294.45,No
CUS-00166,Female,0,Yes,Yes,10,Yes,No,Fiber optic,No,No,No internet service,One year,No,Electronic check,89.84,921.4,Yes
CUS-00167,Male,0,No,No,39,Yes,Yes,No,Yes,No internet service,Yes,One year,No,Electronic check,68.52,2716.75,No
CUS-00168,Male,0,Yes,No,13,Yes,No phone service,Fiber optic,No,No,No,Month-to-month,Yes,Bank transfer (automatic),112.08,1396.34,No
CUS-00169,Female,0,No,Yes,39,Yes,Yes,DSL,No internet service,Yes,Yes,One year,No,Mailed check,93.36,3545.29,No
CUS-00170,Female,0,No,No,11,Yes,Yes,Fiber optic,No,No,Yes,Two year,Yes,Electronic check,18.85,211.24,No
CUS-00171,Male,0,No,No,16,Yes,Yes,Fiber optic,No internet service,No internet service,No,One year,Yes,Electronic check,88.43,1418.89,No
CUS-00172,Male,0,No,No,33,Yes,Yes,Fiber optic,No,No,No,Month-to-month,Yes,Mailed check,72.41,2277.43,Yes
CUS-00173,Female,0,Yes,No,60,Yes,No,Fiber optic,No internet service,No,No internet service,Month-to-month,Yes,Bank transfer (automatic),31.83,1955.32,No
CUS-00174,Female,0,No,No,59,Yes,No,DSL,No internet service,No,No,Month-to-month,No,Credit card (automatic),61.51,3476.46,Yes
CUS-00175,Female,0,Yes,No,51,Yes,Yes,No,Yes,No,No,Two year,No,Electronic check,70.42,3478.23,No
CUS-00176,Male,0,No,No,15,Yes,Yes,Fiber optic,No,Yes,Yes,One year,No,Bank transfer (automatic),64.85,1012.1,No
CUS-00177,Male,0,Yes,No,43,Yes,Yes,DSL,Yes,No,Yes,Month-to-month,Yes,Electronic check,61.44,2593.06,No
CUS-00178,Male,0,No,No,27,Yes,Yes,No,Yes,No,No,Month-to-month,No,Electronic check,81.12,2088.24,No
CUS-00179,Male,0,Yes,No,56,Yes,No,Fiber optic,No,No,Yes,Month-to-month,Yes,Electronic check,83.86,4469.54,Yes
CUS-00180,Male,0,No,Yes,60,No,No,DSL,No internet service,Yes,Yes,Month-to-month,No,Bank transfer (automatic),87.75,5494.32,Yes
CUS-00181,Male,0,Yes,Yes,70,No,No,No,No internet service,No,No,Month-to-month,No,Bank transfer (automatic),94.14,6505.79,No
CUS-00182,Female,0,No,No,47,Yes,No phone service,No,Yes,No,No internet service,Month-to-month,Yes,Electronic check,101.31,4819.27,No
CUS-00183,Male,0,Yes,No,8,Yes,No,Fiber optic,Yes,No,Yes,Month-to-month,Yes,Credit card (automatic),75.42,598.17,Yes
CUS-00184,Male,0,No,Yes,63,Yes,No,DSL,No,No,No,Month-to-month,Yes,Electronic check,25.29,1547.61,No
CUS-00185,Male,0,Yes,No,7,Yes,Yes,DSL,Yes,No,Yes,Month-to-month,No,Electronic check,54.48,395.76,Yes
CUS-00186,Female,1,No,Yes,2,Yes,No phone service,No,No,No,Yes,One year,No,Mailed check,18.38,38.41,Yes
CUS-00187,Male,0,Yes,Yes,17,Yes,No,No,No internet service,No,No internet service,Two year,No,Credit card (automatic),77.52,1382.13,No
CUS-00188,Male,0,No,Yes,4,Yes,Yes,Fiber optic,No internet service,No internet service,No,Two year,No,Credit card (automatic),115.51,440.85,No
CUS-00189,Female,0,Yes,No,26,Yes,No,DSL,No internet service,No internet service,Yes,Two year,No,Electronic check,100.71,2500.73,Yes
CUS-00190,Male,0,No,No,69,Yes,No phone service,DSL,No,Yes,No internet service,Two year,Yes,Electronic check,66.62,4761.33,No
CUS-00191,Male,0,Yes,Yes,5,Yes,No,No,No,No internet service,No,One year,No,Mailed check,88.82,429.72,Yes
CUS-00192,Male,0,Yes,No,5,Yes,Yes,DSL,No,No,No,Month-to-month,No,Bank transfer (automatic),92.19,463.79,No
CUS-00193,Male,0,No,Yes,69,Yes,No phone service,Fiber optic,Yes,No,No,Month-to-month,Yes,Bank transfer (automatic),77.48,5388.8,No
CUS-00194,Male,0,Yes,No,3,Yes,No phone service,Fiber optic,No internet service,No internet service,Yes,Month-to-month,Yes,Electronic check,106.56,324.86,No
CUS-00195,Female,0,Yes,Yes,38,Yes,Yes,DSL,Yes,No internet service,No,One year,No,Electronic check,50.18,1818.66,No
CUS-00196,Female,0,No,No,1,Yes,No,DSL,No internet service,Yes,Yes,Month-to-month,No,Electronic check,85.34,83.71,Yes
CUS-00197,Female,1,No,No,8,Yes,No,Fiber optic,No,No,Yes,Month-to-month,No,Credit card (automatic),24.46,195.96,No
CUS-00198,Male,0,No,No,13,Yes,Yes,Fiber optic,No,No internet service,No,One year,No,Mailed check,31.82,400.19,No
CUS-00199,Male,1,Yes,Yes,70,Yes,No,No,No,No,Yes,Month-to-month,Yes,Credit card (automatic),111.85,8177.15,No
CUS-00200,Male,0,Yes,Yes,50,No,Yes,Fiber optic,Yes,Yes,No,Month-to-month,Yes,Electronic check,72.31,3734.38,No
CUS-00201,Female,1,No,No,8,Yes,No,DSL,No,No internet service,No,Two year,No,Bank transfer (automatic),93.44,720.57,Yes
CUS-00202,Male,1,Yes,No,30,Yes,No phone service,Fiber optic,No,Yes,No,Month-to-month,No,Electronic check,104.93,3201.69,Yes
CUS-00203,Male,0,No,No,40,Yes,No,DSL,No,No,No,Month-to-month,Yes,Credit card (automatic),111.41,4416.37,Yes
CUS-00204,Female,0,Yes,No,33,Yes,Yes,DSL,No internet service,No,No internet service,Month-to-month,Yes,Credit card (automatic),26.98,873.56,No
CUS-00205,Male,0,No,No,52,Yes,No phone service,Fiber optic,Yes,No,No internet service,One year,Yes,Electronic check,88.18,4489.51,No
CUS-00206,Female,0,No,No,33,No,No phone service,No,No,Yes,No internet service,Month-to-month,Yes,Electronic check,80.98,2715.81,Yes
CUS-00207,Female,0,No,No,37,Yes,Yes,No,No internet service,Yes,No,Two year,No,Electronic check,78.01,3002.85,No
CUS-00208,Female,0,Yes,Yes,70,Yes,No phone service,Fiber optic,No,Yes,No,Month-to-month,No,Credit card (automatic),32.54,2354.4,Yes
CUS-00209,Male,0,No,No,69,Yes,Yes,Fiber optic,No internet service,No,Yes,Month-to-month,No,Electronic check,95.32,6477.74,Yes
CUS-00210,Male,0,Yes,No,4,Yes,Yes,No,No,No,No,Month-to-month,Yes,Electronic check,49.56,202.36,Yes
CUS-00211,Male,1,No,No,60,No,No,Fiber optic,No internet service,No internet service,No,One year,Yes,Credit card (automatic),40.22,2419.81,No
CUS-00212,Male,0,No,Yes,31,Yes,No,Fiber optic,No internet service,No,No,Two year,Yes,Bank transfer (automatic),88.73,2734.23,No
CUS-00213,Male,0,Yes,No,14,Yes,No,Fiber optic,No internet service,Yes,No,Month-to-month,Yes,Credit card (automatic),39.54,542.31,Yes
CUS-00214,Male,0,Yes,No,60,Yes,Yes,DSL,No internet service,No internet service,No,Month-to-month,Yes,Bank transfer (automatic),67.87,3901.67,Yes
CUS-00215,Male,1,No,No,68,Yes,Yes,Fiber optic,Yes,Yes,No internet service,Month-to-month,No,Mailed check,49.75,3278.95,No
CUS-00216,Female,0,Yes,Yes,26,Yes,No phone service,No,No,No,Yes,Two year,No,Credit card (automatic),100.35,2626.43,No
CUS-00217,Male,0,No,No,24,Yes,Yes,Fiber optic,Yes,No,No,Month-to-month,Yes,Bank transfer (automatic),113.44,2784.81,No
CUS-00218,Female,0,Yes,Yes,56,Yes,Yes,DSL,Yes,Yes,No,One year,Yes,Bank transfer (automatic),100.46,5365.16,No
CUS-00219,Male,0,Yes,No,9,Yes,No,Fiber optic,No,Yes,Yes,Month-to-month,Yes,Electronic check,57.69,512.94,Yes
CUS-00220,Male,0,No,No,35,Yes,No,Fiber optic,No internet service,No internet service,No internet service,One year,No,Credit card (automatic),34.28,1159.7,No
CUS-00221,Male,1,No,No,24,No,Yes,No,No,No,No,Two year,No,Credit card (automatic),87.84,2129.69,No
CUS-00222,Female,0,Yes,No,31,Yes,Yes,DSL,No internet service,No,Yes,One year,No,Electronic check,108.37,3481.98,No
CUS-00223,Female,0,No,No,66,Yes,No,Fiber optic,No internet service,No internet service,No,Two year,No,Electronic check,58.15,4002.81,Yes
CUS-00224,Female,1,No,No,66,Yes,No phone service,Fiber optic,Yes,No internet service,Yes,One year,Yes,Bank transfer (automatic),22.08,1513.42,No
CUS-00225,Female,0,No,Yes,41,Yes,Yes,No,Yes,Yes,No,Two year,Yes,Electronic check,30.44,1294.51,No
CUS-00226,Male,0,Yes,No,36,Yes,No,Fiber optic,No,Yes,Yes,One year,Yes,Electronic check,56.27,2046.17,Yes
CUS-00227,Female,1,Yes,No,34,Yes,Yes,No,No,No,No,One year,Yes,Mailed check,67.93,2250.26,No
CUS-00228,Male,0,No,Yes,39,Yes,No,DSL,Yes,Yes,Yes,Two year,No,Electronic check,47.06,1880.66,No
CUS-00229,Male,0,No,No,23,Yes,Yes,DSL,No internet service,No,No internet service,Month-to-month,Yes,Credit card (automatic),66.75,1569.72,Yes
CUS-00230,Female,0,Yes,Yes,44,Yes,No,Fiber optic,Yes,No,No,Month-to-month,Yes,Credit card (automatic),113.88,4843.69,No
CUS-00231,Female,0,No,Yes,70,Yes,No,Fiber optic,Yes,No,No internet service,Month-to-month,No,Credit card (automatic),25.7,1744.1,No
CUS-00232,Female,0,Yes,No,58,Yes,No,Fiber optic,No,No,No,Month-to-month,No,Electronic check,98.35,5481.45,No
CUS-00233,Female,0,Yes,No,59,Yes,No,DSL,No,No internet service,No internet service,Two year,Yes,Electronic check,63.53,3747.78,No
CUS-00234,Female,0,No,No,26,Yes,No,Fiber optic,No internet service,Yes,No,Month-to-month,Yes,Mailed check,83.37,2128.94,Yes
CUS-00235,Female,1,No,No,22,Yes,No,Fiber optic,No internet service,No,No,Month-to-month,Yes,Credit card (automatic),114.94,2629.86,Yes
CUS-00236,Female,0,Yes,No,40,Yes,Yes,Fiber optic,No internet service,No,Yes,Month-to-month,No,Electronic check,63.96,2439.86,No
CUS-00237,Female,1,No,Yes,11,Yes,Yes,DSL,Yes,No,No internet service,One year,Yes,Electronic check,27.6,298.26,Yes
CUS-00238,Male,0,No,Yes,9,Yes,No,No,No,Yes,No,Two year,Yes,Mailed check,100.79,941.22,No
CUS-00239,Female,0,No,No,12,Yes,No,Fiber optic,No,No,No internet service,One year,No,Mailed check,44.47,560.27,No
CUS-00240,Female,0,No,No,26,Yes,No,DSL,Yes,No internet service,No,One year,Yes,Mailed check,108.52,2884.44,No
CUS-00241,Male,0,Yes,No,38,Yes,No,Fiber optic,No,No,Yes,Month-to-month,Yes,Mailed check,26.19,1035.1,No
CUS-00242,Female,0,Yes,No,3,Yes,No,DSL,No,Yes,Yes,Two year,Yes,Bank transfer (automatic),40.8,116.48,No
CUS-00243,Male,1,Yes,Yes,15,No,No,Fiber optic,No,No,No internet service,Month-to-month,Yes,Bank transfer (automatic),114.81,1768.95,No
CUS-00244,Male,0,No,No,47,Yes,No,Fiber optic,Yes,No,Yes,Month-to-month,No,Mailed check,106.03,4964.29,Yes
CUS-00245,Female,0,No,No,5,Yes,Yes,No,No internet service,No,Yes,Two year,Yes,Bank transfer (automatic),39.88,203.2,No
CUS-00246,Male,0,Yes,No,54,Yes,Yes,No,No,No internet service,Yes,Month-to-month,Yes,Electronic check,95.65,5128.92,Yes
CUS-00247,Male,0,Yes,Yes,24,Yes,No,DSL,No,No,Yes,One year,Yes,Credit card (automatic),26.63,643.55,No
CUS-00248,Male,0,Yes,No,11,Yes,Yes,DSL,No internet service,Yes,Yes,Month-to-month,Yes,Mailed check,33.79,362.77,Yes
CUS-00249,Male,0,Yes,Yes,33,Yes,Yes,DSL,No internet service,No,No internet service,Month-to-month,Yes,Electronic check,36.23,1204.45,No
CUS-00250,Female,0,No,No,57,Yes,Yes,Fiber optic,No internet service,Yes,No,Month-to-month,Yes,Mailed check,22.32,1245.63,No
CUS-00251,Male,0,No,Yes,52,Yes,No,DSL,No,No,Yes,Two year,No,Electronic check,66.46,3379.98,No
CUS-00252,Female,0,Yes,No,64,Yes,No,No,No,No,No,Month-to-month,Yes,Electronic check,57.06,3588.71,No
CUS-00253,Male,0,No,No,43,No,Yes,Fiber optic,No,Yes,Yes,Month-to-month,Yes,Electronic check,76.96,3210.25,No
CUS-00254,Male,0,No,No,44,Yes,No,Fiber optic,No,No,No,One year,No,Bank transfer (automatic),86.87,3716.31,No
CUS-00255,Male,1,No,No,36,Yes,Yes,Fiber optic,No internet service,No internet service,No,One year,Yes,Credit card (automatic),77.53,2911.52,No
CUS-00256,Male,0,Yes,Yes,12,Yes,No,No,No,No,Yes,Month-to-month,Yes,Bank transfer (automatic),45.85,547.69,Yes
CUS-00257,Female,0,Yes,No,56,No,No,DSL,No,No,Yes,Month-to-month,No,Mailed check,26.26,1487.35,Yes
CUS-00258,Female,0,Yes,No,3,Yes,No,Fiber optic,No,Yes,No,Two year,No,Bank transfer (automatic),91.2,275.56,No
CUS-00259,Male,0,No,No,50,Yes,No,Fiber optic,No,No,Yes,Month-to-month,No,Credit card (automatic),48.91,2388.13,Yes
CUS-00260,Male,1,No,No,29,Yes,Yes,Fiber optic,No internet service,No,No internet service,Two year,No,Electronic check,42.71,1176.68,No
CUS-00261,Female,0,No,No,16,Yes,No,Fiber optic,Yes,No internet service,No internet service,Month-to-month,Yes,Mailed check,87.05,1337.69,No
CUS-00262,Male,0,Yes,No,40,Yes,Yes,DSL,No,Yes,No,Month-to-month,No,Electronic check,62.19,2569.89,No
CUS-00263,Male,0,Yes,No,27,Yes,Yes,Fiber optic,No,Yes,Yes,Month-to-month,Yes,Electronic check,38.45,997.6,Yes
CUS-00264,Male,0,Yes,No,70,Yes,No phone service,No,Yes,Yes,Yes,Month-to-month,No,Mailed check,94.65,6431.22,No
CUS-00265,Female,0,No,Yes,42,Yes,No phone service,DSL,No,No internet service,Yes,One year,Yes,Electronic check,98.64,4313.91,No
CUS-00266,Female,0,Yes,Yes,57,Yes,No,Fiber optic,No,No,Yes,One year,Yes,Credit card (automatic),116.53,6846.67,No
CUS-00267,Female,0,Yes,Yes,10,Yes,No phone service,DSL,No,No internet service,No internet service,Month-to-month,No,Bank transfer (automatic),64.8,619.05,No
CUS-00268,Male,0,No,Yes,38,Yes,No,Fiber optic,Yes,No,Yes,Two year,No,Electronic check,21.67,835.27,No
CUS-00269,Male,0,No,No,8,Yes,No,No,No internet service,No internet service,Yes,Two year,Yes,Electronic check,69.73,558.71,No
CUS-00270,Female,1,No,Yes,18,No,Yes,Fiber optic,No internet service,Yes,No internet service,Month-to-month,Yes,Mailed check,20.33,361.0,Yes
CUS-00271,Female,0,Yes,Yes,17,Yes,No phone service,DSL,No,Yes,Yes,Month-to-month,Yes,Credit card (automatic),112.76,1916.46,No
CUS-00272,Female,0,No,No,58,Yes,No,DSL,No,No,No,Month-to-month,No,Bank transfer (automatic),35.48,1986.03,Yes
CUS-00273,Female,0,Yes,No,66,Yes,Yes,No,Yes,No,No internet service,One year,Yes,Electronic check,110.54,7627.43,No
CUS-00274,Male,1,No,No,44,Yes,No,DSL,No,No,Yes,One year,Yes,Bank transfer (automatic),113.0,4808.67,No
CUS-00275,Female,0,Yes,No,9,Yes,Yes,DSL,Yes,No,No,Month-to-month,No,Credit card (automatic),95.55,832.96,Yes
CUS-00276,Male,1,Yes,Yes,48,Yes,No phone service,Fiber optic,No,No,Yes,One year,No,Electronic check,26.73,1266.21,No
CUS-00277,Female,0,No,Yes,39,Yes,No,DSL,No internet service,No internet service,No,Two year,No,Bank transfer (automatic),73.84,2796.99,No
CUS-00278,Male,0,No,No,6,Yes,Yes,No,Yes,No internet service,Yes,One year,No,Electronic check,53.43,314.58,Yes
CUS-00279,Female,0,No,No,30,Yes,Yes,DSL,No,Yes,No,One year,Yes,Electronic check,100.02,2862.53,Yes
CUS-00280,Female,0,Yes,No,18,Yes,No phone service,Fiber optic,Yes,No,No,Month-to-month,No,Mailed check,48.22,877.88,No
CUS-00281,Female,0,Yes,No,43,Yes,No,DSL,No,No,Yes,Month-to-month,Yes,Mailed check,63.13,2644.32,Yes
CUS-00282,Female,0,No,Yes,33,Yes,No,Fiber optic,Yes,No,No,Two year,No,Mailed check,75.37,2604.35,Yes
CUS-00283,Male,0,No,No,53,Yes,No,Fiber optic,No,Yes,Yes,Two year,No,Credit card (automatic),21.53,1097.07,No
CUS-00284,Female,0,No,Yes,56,Yes,Yes,No,No,No,No internet service,One year,Yes,Electronic check,78.89,4231.11,No
CUS-00285,Male,0,No,No,19,Yes,Yes,Fiber optic,Yes,No internet service,No,Month-to-month,No,Bank transfer (automatic),52.43,963.72,Yes
CUS-00286,Male,0,No,No,69,Yes,No,DSL,No internet service,Yes,No,One year,Yes,Mailed check,70.92,4914.25,No
CUS-00287,Male,0,No,No,26,Yes,No,DSL,No internet service,No internet service,Yes,One year,Yes,Credit card (automatic),30.48,812.09,No
CUS-00288,Male,0,Yes,No,29,Yes,Yes,No,No internet service,Yes,No internet service,One year,Yes,Electronic check,51.58,1504.65,No
CUS-00289,Female,0,Yes,No,24,No,No,Fiber optic,Yes,No,No,One year,Yes,Electronic check,76.18,1894.21,Yes
CUS-00290,Male,0,Yes,No,6,Yes,Yes,Fiber optic,Yes,No,Yes,Two year,No,Credit card (automatic),75.16,455.18,Yes
CUS-00291,Male,1,Yes,No,54,Yes,No phone service,No,No,No,No internet service,Month-to-month,Yes,Bank transfer (automatic),33.8,1759.23,No
CUS-00292,Male,0,No,No,39,No,Yes,DSL,No internet service,No internet service,No,Month-to-month,No,Credit card (automatic),59.47,2246.43,No
CUS-00293,Female,0,No,No,4,Yes,Yes,Fiber optic,No,No internet service,Yes,Two year,Yes,Mailed check,69.95,275.82,Yes
CUS-00294,Female,0,No,No,58,Yes,Yes,DSL,No,No,Yes,Month-to-month,Yes,Bank transfer (automatic),26.12,1578.59,No
CUS-00295,Female,1,Yes,No,48,Yes,Yes,DSL,No internet service,No,No internet service,Two year,No,Bank transfer (automatic),77.94,3726.16,Yes
CUS-00296,Female,0,Yes,Yes,60,Yes,Yes,DSL,Yes,No,Yes,Month-to-month,No,Credit card (automatic),41.17,2562.62,Yes
CUS-00297,Male,0,Yes,No,26,Yes,Yes,No,No internet service,Yes,No,Two year,Yes,Electronic check,110.02,2738.85,No
CUS-00298,Male,1,No,No,40,Yes,No,Fiber optic,No internet service,Yes,Yes,Two year,No,Electronic check,44.85,1827.5,Yes
CUS-00299,Female,0,Yes,No,56,Yes,Yes,DSL,No internet service,No,No,One year,Yes,Mailed check,96.74,5399.68,No
CUS-00300,Male,0,No,No,39,Yes,No,DSL,Yes,No,Yes,One year,Yes,Electronic check,76.22,2875.4,No
CUS-00301,Male,0,Yes,Yes,39,Yes,No phone service,DSL,No,No,Yes,Month-to-month,No,Bank transfer (automatic),86.53,3233.47,No
CUS-00302,Male,0,Yes,Yes,48,Yes,Yes,No,No,No internet service,No,Month-to-month,Yes,Credit card (automatic),108.18,5096.73,Yes
CUS-00303,Female,0,No,No,25,Yes,No,Fiber optic,Yes,Yes,No internet service,Two year,No,Credit card (automatic),102.78,2651.88,No
CUS-00304,Female,0,No,Yes,34,Yes,Yes,No,No,Yes,No,Two year,No,Electronic check,30.77,1060.89,No
CUS-00305,Male,0,Yes,Yes,21,Yes,Yes,No,No,No internet service,Yes,Month-to-month,No,Credit card (automatic),111.37,2329.9,No
CUS-00306,Female,1,No,Yes,25,Yes,No,No,No,No,Yes,Two year,Yes,Bank transfer (automatic),31.87,824.28,No
CUS-00307,Female,0,No,Yes,22,Yes,Yes,DSL,No,No,Yes,Month-to-month,Yes,Electronic check,49.64,1057.25,No
CUS-00308,Female,0,No,No,23,Yes,No phone service,DSL,Yes,Yes,No,One year,No,Mailed check,70.31,1581.39,No
CUS-00309,Female,0,No,No,25,Yes,Yes,Fiber optic,No internet service,No internet service,No,Month-to-month,Yes,Credit card (automatic),111.33,2798.3,Yes
CUS-00310,Female,0,No,No,26,Yes,No,Fiber optic,No internet service,Yes,No,Month-to-month,Yes,Electronic check,80.72,2117.53,Yes
CUS-00311,Male,0,Yes,No,30,Yes,No,Fiber optic,No,Yes,No internet service,Month-to-month,Yes,Bank transfer (automatic),105.5,3108.33,Yes
CUS-00312,Female,0,No,Yes,38,Yes,Yes,DSL,Yes,Yes,No,One year,Yes,Electronic check,112.17,4264.3,No
CUS-00313,Male,0,Yes,Yes,34,Yes,No,No,No,No,No,One year,No,Credit card (automatic),92.85,3036.93,No
CUS-00314,Male,0,No,No,15,Yes,No,DSL,Yes,No internet service,Yes,Month-to-month,No,Electronic check,66.19,944.3,Yes
CUS-00315,Female,0,Yes,No,44,Yes,No,DSL,No,Yes,No,Month-to-month,Yes,Bank transfer (automatic),56.8,2600.44,No
CUS-00316,Male,0,Yes,Yes,10,No,No,Fiber optic,No,Yes,No,Month-to-month,No,Mailed check,45.52,452.54,Yes
CUS-00317,Male,0,No,No,37,Yes,Yes,DSL,No internet service,No,No,Month-to-month,No,Mailed check,68.66,2472.1,Yes
CUS-00318,Male,0,Yes,No,7,No,No,DSL,Yes,No internet service,Yes,Two year,No,Electronic check,22.8,156.88,No
CUS-00319,Female,0,Yes,No,32,Yes,Yes,DSL,Yes,Yes,Yes,Two year,Yes,Mailed check,40.81,1308.23,No
CUS-00320,Female,1,No,Yes,11,Yes,Yes,DSL,No internet service,No,Yes,Two year,Yes,Bank transfer (automatic),53.83,618.57,No
CUS-00321,Male,0,No,No,48,Yes,Yes,DSL,No internet service,No,Yes,Month-to-month,Yes,Mailed check,103.34,5069.93,Yes
CUS-00322,Female,0,No,Yes,68,Yes,No phone service,DSL,No,No internet service,No,Two year,Yes,Bank transfer (automatic),55.61,3950.96,No
CUS-00323,Female,0,Yes,No,48,Yes,No,Fiber optic,Yes,No,No,Month-to-month,Yes,Electronic check,41.95,1935.49,Yes
CUS-00324,Female,0,No,No,45,Yes,Yes,Fiber optic,No,Yes,No,One year,No,Mailed check,96.27,4192.78,No
CUS-00325,Female,0,Yes,No,33,Yes,Yes,Fiber optic,No,No,No,One year,Yes,Bank transfer (automatic),112.32,3655.79,Yes
CUS-00326,Male,1,Yes,Yes,4,Yes,Yes,Fiber optic,No internet service,Yes,Yes,Month-to-month,No,Mailed check,95.48,372.15,No
CUS-00327,Male,1,No,Yes,47,Yes,Yes,DSL,No,No,No,One year,Yes,Mailed check,30.58,1502.95,No
CUS-00328,Female,0,No,No,53,Yes,Yes,DSL,Yes,Yes,No internet service,Month-to-month,Yes,Electronic check,50.03,2564.4,No
CUS-00329,Female,0,No,No,31,No,Yes,No,No,Yes,No,Month-to-month,No,Bank transfer (automatic),78.29,2346.88,No
CUS-00330,Male,0,No,No,31,Yes,Yes,Fiber optic,Yes,No,No,Month-to-month,Yes,Electronic check,37.6,1164.16,Yes
CUS-00331,Male,0,Yes,No,27,Yes,No,DSL,Yes,No internet service,Yes,One year,No,Mailed check,81.66,2248.23,Yes
CUS-00332,Female,0,No,Yes,48,Yes,No phone service,No,No,No,No,Month-to-month,Yes,Electronic check,41.6,1972.7,Yes
CUS-00333,Male,0,Yes,No,36,Yes,Yes,Fiber optic,Yes,Yes,No,Month-to-month,Yes,Electronic check,72.27,2483.01,No
CUS-00334,Female,0,No,Yes,49,Yes,No,DSL,No internet service,Yes,No internet service,Two year,Yes,Electronic check,88.68,4460.84,No
CUS-00335,Female,0,No,Yes,31,Yes,Yes,No,No,Yes,No,Two year,Yes,Mailed check,96.68,3130.58,No
CUS-00336,Male,0,No,No,44,Yes,No,Fiber optic,No,No,Yes,Two year,Yes,Credit card (automatic),98.06,4448.61,Yes
CUS-00337,Male,1,No,No,59,Yes,Yes,No,No,No,No,One year,No,Bank transfer (automatic),95.48,5824.9,No
CUS-00338,Female,0,No,No,23,No,No,DSL,No internet service,No,No internet service,Two year,No,Bank transfer (automatic),31.71,754.7,No
CUS-00339,Female,0,No,No,68,Yes,No,DSL,No internet service,No internet service,No,One year,Yes,Electronic check,116.93,8157.58,No
CUS-00340,Male,0,Yes,No,42,Yes,No,Fiber optic,No internet service,No internet service,Yes,Month-to-month,No,Electronic check,95.22,4121.39,Yes
CUS-00341,Female,1,Yes,Yes,42,Yes,No,DSL,No,No,Yes,Month-to-month,Yes,Mailed check,28.41,1142.71,No
CUS-00342,Male,1,No,No,13,Yes,No,DSL,Yes,No internet service,Yes,One year,No,Credit card (automatic),87.76,1090.07,No
CUS-00343,Female,0,No,No,1,No,Yes,No,No,No,No internet service,One year,No,Bank transfer (automatic),65.0,62.24,No
CUS-00344,Male,0,Yes,No,53,No,No,DSL,No,No,No,Two year,Yes,Mailed check,60.8,3251.89,No
CUS-00345,Male,0,Yes,No,40,Yes,No,No,Yes,No internet service,No internet service,Two year,Yes,Electronic check,85.66,3337.74,No
CUS-00346,Male,0,Yes,No,46,Yes,Yes,Fiber optic,Yes,No internet service,Yes,One year,Yes,Bank transfer (automatic),34.79,1524.83,No
CUS-00347,Female,0,No,No,22,Yes,No,No,No,No internet service,No internet service,Month-to-month,No,Credit card (automatic),117.94,2484.81,Yes
CUS-00348,Female,0,Yes,No,52,Yes,No,Fiber optic,No,Yes,Yes,One year,Yes,Mailed check,72.45,3604.85,No
CUS-00349,Male,0,Yes,No,28,Yes,Yes,Fiber optic,No,Yes,Yes,Month-to-month,Yes,Electronic check,77.46,2196.54,Yes
CUS-00350,Female,0,No,Yes,53,Yes,No,DSL,No,No internet service,Yes,Month-to-month,No,Electronic check,60.52,3093.01,Yes
CUS-00351,Male,0,No,No,63,Yes,No,Fiber optic,No,No,Yes,Two year,No,Bank transfer (automatic),78.59,5122.36,Yes
CUS-00352,Male,1,Yes,Yes,17,Yes,Yes,DSL,No,No internet service,No internet service,Month-to-month,Yes,Mailed check,84.4,1505.49,Yes
CUS-00353,Female,0,Yes,Yes,64,Yes,No,DSL,No,No,Yes,One year,No,Bank transfer (automatic),52.55,3343.42,No
CUS-00354,Female,0,No,Yes,6,Yes,No phone service,DSL,No internet service,No,Yes,One year,No,Mailed check,64.21,386.71,No
CUS-00355,Male,0,Yes,Yes,14,Yes,No,DSL,Yes,Yes,No internet service,Month-to-month,Yes,Credit card (automatic),43.56,595.2,No
CUS-00356,Female,0,No,No,17,Yes,Yes,DSL,No,No,No,Month-to-month,No,Electronic check,95.2,1643.57,No
CUS-00357,Female,0,No,No,38,Yes,Yes,Fiber optic,No,No internet service,No,Month-to-month,Yes,Mailed check,91.74,3630.79,No
CUS-00358,Male,0,Yes,Yes,69,Yes,Yes,DSL,Yes,No,Yes,Month-to-month,Yes,Electronic check,99.09,6618.96,Yes
CUS-00359,Male,1,No,Yes,13,Yes,Yes,DSL,No,No,No internet service,Month-to-month,Yes,Credit card (automatic),88.28,1199.65,Yes
CUS-00360,Female,0,Yes,No,53,Yes,Yes,No,No,No,No,Month-to-month,Yes,Electronic check,20.01,1030.98,Yes
CUS-00361,Male,0,Yes,Yes,9,Yes,No phone service,Fiber optic,No,Yes,Yes,Two year,No,Bank transfer (automatic),37.11,326.17,No
CUS-00362,Male,0,No,No,44,Yes,No phone service,No,Yes,Yes,Yes,Month-to-month,Yes,Electronic check,56.86,2604.81,No
CUS-00363,Female,0,No,Yes,26,No,No,No,No,No,No,Month-to-month,Yes,Credit card (automatic),41.42,1086.98,No
CUS-00364,Male,0,Yes,Yes,19,No,Yes,DSL,Yes,Yes,No,Two year,Yes,Credit card (automatic),71.17,1288.9,No
CUS-00365,Male,0,Yes,No,48,Yes,Yes,No,No,No,No internet service,One year,Yes,Mailed check,107.81,5331.65,No
CUS-00366,Female,0,Yes,No,30,Yes,No,DSL,No,No internet service,No,Month-to-month,No,Mailed check,91.81,2793.43,No
CUS-00367,Female,0,Yes,No,32,No,No,No,No internet service,No,No,Two year,No,Bank transfer (automatic),44.65,1463.53,No
CUS-00368,Male,0,No,Yes,69,Yes,No,Fiber optic,Yes,No internet service,No,Month-to-month,No,Credit card (automatic),57.76,3850.63,No
CUS-00369,Male,0,Yes,No,11,Yes,No,Fiber optic,No,No,No,Month-to-month,No,Mailed check,23.2,264.72,Yes
CUS-00370,Female,0,No,No,26,Yes,No,Fiber optic,No,No,No,One year,Yes,Electronic check,18.62,497.81,No
CUS-00371,Female,0,Yes,Yes,26,No,No,No,No,Yes,No internet service,Month-to-month,Yes,Mailed check,60.51,1645.22,Yes
CUS-00372,Female,0,No,Yes,17,Yes,No,Fiber optic,No internet service,Yes,No,Two year,Yes,Mailed check,90.79,1529.35,No
CUS-00373,Female,0,No,Yes,44,Yes,No,Fiber optic,No,No internet service,No,Month-to-month,No,Bank transfer (automatic),104.08,4587.93,No
CUS-00374,Male,1,No,No,23,Yes,Yes,DSL,No,Yes,No,One year,No,Electronic check,61.15,1434.82,No
CUS-00375,Female,0,Yes,Yes,25,Yes,No,No,Yes,Yes,Yes,Two year,Yes,Credit card (automatic),36.03,865.12,No
CUS-00376,Female,0,Yes,No,37,Yes,Yes,DSL,No internet service,No internet service,No,Month-to-month,Yes,Credit card (automatic),44.14,1585.88,No
CUS-00377,Male,1,Yes,Yes,65,No,Yes,Fiber optic,No,No internet service,No internet service,One year,No,Electronic check,62.55,3979.66,No
CUS-00378,Female,0,No,Yes,2,Yes,Yes,Fiber optic,Yes,No internet service,Yes,Two year,Yes,Mailed check,82.96,173.31,No
CUS-00379,Male,0,No,Yes,32,Yes,Yes,Fiber optic,No,Yes,No,Two year,Yes,Mailed check,72.28,2197.63,Yes
CUS-00380,Female,0,No,No,55,No,No phone service,Fiber optic,No,Yes,Yes,Two year,Yes,Electronic check,102.06,5890.58,No
CUS-00381,Female,0,No,Yes,50,Yes,Yes,Fiber optic,Yes,No,No,Month-to-month,No,Bank transfer (automatic),19.85,982.14,No
CUS-00382,Female,0,Yes,No,65,Yes,No phone service,No,No internet service,No,No,Month-to-month,No,Bank transfer (automatic),117.21,7731.63,Yes
CUS-00383,Male,0,No,No,32,Yes,Yes,DSL,No,Yes,No,Month-to-month,No,Electronic check,110.92,3517.76,No
CUS-00384,Male,0,No,No,37,Yes,Yes,No,No,Yes,Yes,One year,Yes,Bank transfer (automatic),32.96,1254.16,No
CUS-00385,Female,0,Yes,No,13,Yes,No,No,No,No,No internet service,Month-to-month,Yes,Electronic check,22.82,310.03,Yes
CUS-00386,Male,1,Yes,No,54,No,Yes,No,Yes,No,Yes,Two year,Yes,Credit card (automatic),79.77,4285.08,No
CUS-00387,Male,0,No,No,3,Yes,No,No,No internet service,Yes,No,Month-to-month,No,Electronic check,90.14,261.77,Yes
CUS-00388,Male,1,Yes,No,42,Yes,No,Fiber optic,No,No internet service,No,Month-to-month,No,Electronic check,65.53,2675.77,No
CUS-00389,Male,0,Yes,Yes,40,Yes,No,DSL,No,Yes,No,Month-to-month,Yes,Credit card (automatic),45.83,1790.27,No
CUS-00390,Male,0,No,Yes,66,Yes,No,Fiber optic,No,No internet service,Yes,Month-to-month,Yes,Mailed check,81.92,5256.17,No
CUS-00391,Male,0,No,No,60,Yes,No,Fiber optic,No internet service,No internet service,No,Month-to-month,No,Credit card (automatic),81.58,4656.54,Yes
CUS-00392,Female,0,Yes,No,11,Yes,Yes,No,No,No,No internet service,Month-to-month,Yes,Electronic check,32.83,374.2,Yes
CUS-00393,Female,0,Yes,No,1,Yes,No,Fiber optic,Yes,No,No,Month-to-month,Yes,Electronic check,97.95,99.72,Yes
CUS-00394,Male,0,No,Yes,26,Yes,No,No,No,Yes,No,Month-to-month,Yes,Electronic check,92.95,2420.51,Yes
CUS-00395,Female,0,No,No,42,Yes,Yes,Fiber optic,No,No internet service,Yes,Month-to-month,No,Credit card (automatic),26.48,1072.89,No
CUS-00396,Female,1,Yes,No,62,Yes,Yes,DSL,No internet service,Yes,No internet service,Month-to-month,No,Electronic check,64.25,3800.54,No
CUS-00397,Female,0,No,No,61,Yes,No,DSL,No,No,No,Two year,Yes,Bank transfer (automatic),57.34,3457.38,No
CUS-00398,Female,0,No,No,62,Yes,No phone service,Fiber optic,No,No,No,Month-to-month,Yes,Mailed check,64.25,3786.44,Yes
CUS-00399,Male,0,No,No,12,Yes,Yes,DSL,Yes,Yes,No internet service,Month-to-month,Yes,Credit card (automatic),64.13,735.48,Yes
CUS-00400,Female,0,Yes,Yes,27,Yes,No,DSL,No,No internet service,Yes,Month-to-month,Yes,Electronic check,70.4,1819.72,No
CUS-00401,Female,0,Yes,No,67,Yes,No,Fiber optic,No,No internet service,No,Month-to-month,No,Electronic check,45.72,3159.98,Yes
CUS-00402,Male,0,No,No,28,Yes,No,No,Yes,Yes,No,Month-to-month,Yes,Bank transfer (automatic),64.96,1860.02,No
CUS-00403,Male,0,Yes,No,66,Yes,No phone service,Fiber optic,No,No,No internet service,Two year,Yes,Bank transfer (automatic),27.95,1809.56,No
CUS-00404,Female,1,No,No,28,Yes,No,No,No internet service,No,No,Month-to-month,No,Mailed check,35.67,979.17,Yes
CUS-00405,Female,0,Yes,No,21,Yes,No,DSL,Yes,No internet service,No,Month-to-month,Yes,Electronic check,26.8,554.04,No
CUS-00406,Female,0,Yes,Yes,7,No,No,DSL,No,Yes,Yes,Month-to-month,Yes,Credit card (automatic),36.62,258.02,No
CUS-00407,Female,0,Yes,Yes,14,Yes,Yes,Fiber optic,Yes,No internet service,Yes,Month-to-month,Yes,Electronic check,18.43,267.31,Yes
CUS-00408,Female,0,Yes,No,39,Yes,No,No,Yes,Yes,No,Month-to-month,No,Electronic check,21.78,847.47,No
CUS-00409,Female,0,No,No,62,Yes,No phone service,Fiber optic,Yes,Yes,Yes,Month-to-month,Yes,Electronic check,97.66,5842.08,Yes
CUS-00410,Male,0,Yes,Yes,12,Yes,No,DSL,No,No,Yes,Month-to-month,No,Electronic check,37.91,439.39,No
CUS-00411,Female,1,No,No,38,Yes,Yes,Fiber optic,No internet service,Yes,No internet service,Month-to-month,Yes,Credit card (automatic),70.0,2542.16,Yes
CUS-00412,Female,0,No,No,58,Yes,Yes,No,No,No internet service,No internet service,Month-to-month,No,Credit card (automatic),55.04,3269.05,Yes
CUS-00413,Male,0,Yes,Yes,56,Yes,No,DSL,Yes,Yes,Yes,One year,Yes,Electronic check,50.9,2821.68,No
CUS-00414,Male,1,No,Yes,39,Yes,No,DSL,Yes,No internet service,No internet service,Two year,Yes,Bank transfer (automatic),103.71,4213.77,No
CUS-00415,Male,0,Yes,Yes,4,Yes,Yes,Fiber optic,No,No internet service,No internet service,Month-to-month,No,Bank transfer (automatic),66.62,261.42,No
CUS-00416,Male,0,No,No,48,Yes,Yes,DSL,Yes,No internet service,No,Month-to-month,No,Mailed check,69.68,3444.41,No
CUS-00417,Female,0,No,No,7,Yes,No,Fiber optic,No internet service,No,Yes,One year,Yes,Electronic check,63.91,447.16,No
CUS-00418,Female,0,Yes,No,60,Yes,No,DSL,Yes,No,Yes,Month-to-month,No,Bank transfer (automatic),44.89,2787.31,Yes
CUS-00419,Female,0,Yes,No,40,Yes,No,DSL,No,No,Yes,One year,Yes,Credit card (automatic),86.33,3474.35,No
CUS-00420,Female,0,No,No,8,Yes,No phone service,Fiber optic,No,No internet service,No internet service,Month-to-month,Yes,Mailed check,22.72,176.17,Yes
CUS-00421,Female,0,No,No,58,Yes,Yes,DSL,No,Yes,No,One year,No,Mailed check,46.15,2757.3,Yes
CUS-00422,Female,0,Yes,No,57,Yes,No,DSL,Yes,No,No,Month-to-month,No,Credit card (automatic),84.15,4559.43,No
CUS-00423,Male,0,No,No,35,Yes,No,No,No,No internet service,No,Month-to-month,Yes,Electronic check,21.34,747.22,Yes
CUS-00424,Female,0,Yes,Yes,13,Yes,No phone service,DSL,No,No,No,Two year,Yes,Electronic check,20.57,259.28,Yes
CUS-00425,Male,0,No,No,39,Yes,Yes,Fiber optic,No,No,Yes,Month-to-month,Yes,Bank transfer (automatic),55.28,2121.0,Yes
CUS-00426,Male,0,Yes,No,21,Yes,Yes,No,No internet service,No,Yes,Month-to-month,Yes,Bank transfer (automatic),43.12,897.29,No
CUS-00427,Female,0,No,Yes,47,Yes,No,DSL,Yes,No internet service,No internet service,Two year,Yes,Credit card (automatic),88.1,4165.53,No
CUS-00428,Male,0,Yes,No,2,Yes,No phone service,DSL,Yes,No,No internet service,One year,Yes,Electronic check,93.59,184.46,No
CUS-00429,Female,0,No,No,44,No,No,Fiber optic,No,No internet service,Yes,One year,No,Electronic check,21.62,965.05,No
CUS-00430,Male,1,No,No,30,Yes,No,DSL,Yes,Yes,Yes,Month-to-month,Yes,Mailed check,61.64,1791.4,Yes
CUS-00431,Female,0,No,No,55,Yes,Yes,Fiber optic,No,No internet service,No,Month-to-month,Yes,Mailed check,112.32,6356.69,Yes
CUS-00432,Male,0,No,Yes,40,Yes,No,No,Yes,Yes,Yes,Month-to-month,No,Credit card (automatic),49.3,1992.09,No
CUS-00433,Female,0,No,No,24,Yes,No,DSL,No internet service,Yes,No,One year,No,Credit card (automatic),37.7,891.39,No
CUS-00434,Female,0,No,No,42,Yes,No,Fiber optic,No,No internet service,No,Month-to-month,Yes,Mailed check,70.13,2954.85,Yes
CUS-00435,Female,0,No,No,28,Yes,No,No,No,No,No,Month-to-month,Yes,Mailed check,63.09,1749.55,Yes
CUS-00436,Female,1,No,No,51,Yes,Yes,DSL,No internet service,No,Yes,One year,Yes,Mailed check,39.95,2113.84,No
CUS-00437,Female,0,No,No,22,Yes,No,DSL,No internet service,No,No internet service,Two year,No,Bank transfer (automatic),40.68,899.11,No
CUS-00438,Male,0,No,Yes,8,Yes,No,Fiber optic,No,No,Yes,Two year,Yes,Mailed check,86.67,713.37,Yes
CUS-00439,Male,0,Yes,No,14,Yes,No phone service,No,No internet service,Yes,Yes,Month-to-month,No,Electronic check,50.29,724.83,No
CUS-00440,Male,1,No,No,45,No,No,DSL,No,Yes,Yes,Month-to-month,No,Bank transfer (automatic),116.6,5369.75,Yes
CUS-00441,Female,0,Yes,No,38,Yes,No,DSL,Yes,No,No internet service,Two year,No,Credit card (automatic),46.98,1830.01,No
CUS-00442,Male,1,No,No,32,Yes,No phone service,DSL,No internet service,Yes,Yes,One year,Yes,Bank transfer (automatic),72.79,2265.11,No
CUS-00443,Female,0,No,No,62,Yes,Yes,Fiber optic,No,No,No internet service,Month-to-month,Yes,Electronic check,25.31,1627.44,Yes
CUS-00444,Female,0,No,No,67,No,Yes,DSL,Yes,No internet service,Yes,One year,Yes,Credit card (automatic),71.88,4916.04,No
CUS-00445,Male,0,Yes,Yes,61,No,No,Fiber optic,No internet service,No,Yes,Month-to-month,No,Credit card (automatic),64.06,3733.36,No
CUS-00446,Male,0,Yes,No,13,Yes,Yes,Fiber optic,No,No,No,Month-to-month,Yes,Bank transfer (automatic),52.93,698.25,Yes
CUS-00447,Female,0,No,No,47,Yes,Yes,No,No internet service,No,No internet service,Month-to-month,No,Electronic check,60.96,2859.97,No
CUS-00448,Male,0,Yes,Yes,54,Yes,No,No,No internet service,Yes,No internet service,Month-to-month,No,Electronic check,35.85,1866.67,No
CUS-00449,Female,0,Yes,Yes,71,Yes,No,No,No,No internet service,Yes,Month-to-month,No,Mailed check,100.02,7082.31,No
CUS-00450,Female,0,No,No,52,Yes,Yes,DSL,Yes,No,No internet service,Month-to-month,Yes,Mailed check,110.18,5971.33,No
CUS-00451,Female,0,No,No,25,Yes,Yes,DSL,No,No,Yes,Month-to-month,No,Credit card (automatic),101.75,2639.4,Yes
CUS-00452,Female,0,Yes,Yes,23,Yes,Yes,Fiber optic,No,No,Yes,Month-to-month,No,Bank transfer (automatic),98.49,2171.57,No
CUS-00453,Female,0,No,Yes,30,Yes,No,Fiber optic,Yes,No,No,One year,No,Electronic check,72.84,2172.2,No
CUS-00454,Male,0,Yes,Yes,11,Yes,Yes,Fiber optic,Yes,No,Yes,Month-to-month,Yes,Bank transfer (automatic),51.36,565.5,Yes
CUS-00455,Male,0,No,Yes,35,Yes,No,DSL,Yes,Yes,No,Two year,No,Electronic check,35.19,1255.18,No
CUS-00456,Female,0,Yes,No,27,Yes,No,Fiber optic,No,No,No,One year,Yes,Electronic check,99.97,2771.15,No
CUS-00457,Female,0,No,No,67,No,Yes,DSL,Yes,No,No internet service,Month-to-month,Yes,Bank transfer (automatic),22.35,1546.64,No
CUS-00458,Male,0,Yes,No,47,Yes,Yes,Fiber optic,Yes,No,No,Month-to-month,No,Electronic check,36.1,1713.05,Yes
CUS-00459,Male,0,No,No,50,No,No,DSL,No,No,No,Month-to-month,Yes,Electronic check,58.17,3019.67,No
CUS-00460,Female,0,Yes,No,8,Yes,Yes,No,Yes,Yes,No internet service,Month-to-month,Yes,Mailed check,37.46,301.37,Yes
CUS-00461,Male,0,No,No,55,Yes,No,DSL,Yes,Yes,Yes,Month-to-month,Yes,Bank transfer (automatic),76.3,3996.36,No
CUS-00462,Female,0,Yes,No,42,Yes,No phone service,No,No internet service,No,No,Month-to-month,Yes,Bank transfer (automatic),90.42,3781.93,Yes
CUS-00463,Male,0,Yes,No,67,Yes,Yes,No,No,No,Yes,Month-to-month,Yes,Electronic check,108.91,7049.73,Yes
CUS-00464,Female,0,No,No,20,Yes,Yes,Fiber optic,No,Yes,Yes,One year,No,Mailed check,39.04,786.59,Yes
CUS-00465,Male,0,No,No,45,Yes,No,No,No internet service,No,No,Month-to-month,Yes,Mailed check,45.96,2105.59,Yes
CUS-00466,Female,0,Yes,No,35,No,Yes,DSL,Yes,No,No,Two year,Yes,Electronic check,89.67,3195.27,No
CUS-00467,Male,0,Yes,Yes,20,Yes,Yes,Fiber optic,No,No,Yes,Month-to-month,Yes,Electronic check,39.7,793.24,Yes
CUS-00468,Male,0,Yes,Yes,24,Yes,Yes,No,No,No internet service,No internet service,One year,Yes,Mailed check,56.38,1382.47,Yes
CUS-00469,Female,0,Yes,No,57,Yes,No phone service,DSL,No,No internet service,No internet service,Month-to-month,No,Electronic check,93.35,5115.74,No
CUS-00470,Male,0,Yes,No,55,Yes,No phone service,Fiber optic,No,No,Yes,Month-to-month,Yes,Mailed check,55.58,3193.77,Yes
CUS-00471,Female,0,Yes,No,9,Yes,Yes,Fiber optic,Yes,No,No,Month-to-month,No,Bank transfer (automatic),32.63,303.75,No
CUS-00472,Male,1,No,No,16,Yes,No,Fiber optic,No,Yes,Yes,Month-to-month,Yes,Mailed check,44.95,744.73,No
CUS-00473,Female,0,No,Yes,55,Yes,Yes,No,No,No internet service,No,Month-to-month,No,Bank transfer (automatic),26.09,1367.94,No
CUS-00474,Male,0,Yes,No,58,Yes,No,Fiber optic,No,No internet service,No internet service,Month-to-month,No,Bank transfer (automatic),85.42,4820.27,No
CUS-00475,Female,0,No,No,64,Yes,Yes,DSL,No,No,No,Month-to-month,No,Electronic check,22.58,1387.21,Yes
CUS-00476,Male,0,No,Yes,49,Yes,Yes,No,No,Yes,Yes,One year,No,Electronic check,75.41,3830.11,No
CUS-00477,Female,0,Yes,No,29,Yes,No,DSL,No internet service,No,No,Month-to-month,No,Bank transfer (automatic),113.01,3359.19,Yes
CUS-00478,Male,0,Yes,No,7,Yes,Yes,No,No,Yes,No internet service,One year,No,Electronic check,103.99,698.53,No
CUS-00479,Female,0,No,No,69,No,Yes,No,Yes,Yes,Yes,Month-to-month,No,Electronic check,25.29,1727.92,No
CUS-00480,Female,0,Yes,No,2,Yes,No,No,No internet service,No,Yes,Month-to-month,No,Credit card (automatic),89.45,179.11,Yes
CUS-00481,Female,1,Yes,No,33,Yes,No,Fiber optic,No internet service,No internet service,No internet service,Month-to-month,Yes,Electronic check,87.01,2933.1,No
CUS-00482,Male,0,No,No,48,No,No,Fiber optic,No internet service,Yes,Yes,Month-to-month,Yes,Mailed check,47.84,2248.88,Yes
CUS-00483,Female,0,No,No,37,Yes,No phone service,Fiber optic,No,Yes,Yes,One year,Yes,Electronic check,28.93,1047.98,Yes
CUS-00484,Male,0,Yes,No,30,Yes,No,Fiber optic,No,Yes,Yes,Month-to-month,No,Mailed check,103.41,3112.12,Yes
CUS-00485,Female,0,No,No,41,Yes,Yes,DSL,No internet service,No internet service,Yes,Month-to-month,Yes,Credit card (automatic),73.43,3018.33,No
CUS-00486,Male,0,No,No,4,Yes,Yes,DSL,Yes,No,No,One year,Yes,Credit card (automatic),87.84,337.73,No
CUS-00487,Female,0,No,No,39,Yes,Yes,Fiber optic,No internet service,No,No,Two year,No,Credit card (automatic),63.78,2540.32,No
CUS-00488,Male,0,No,No,24,Yes,Yes,Fiber optic,Yes,No,Yes,Month-to-month,Yes,Bank transfer (automatic),40.24,934.71,Yes
CUS-00489,Male,0,Yes,No,50,Yes,No,Fiber optic,Yes,No,No,One year,Yes,Electronic check,44.03,2278.52,Yes
CUS-00490,Female,0,No,No,37,Yes,Yes,Fiber optic,Yes,No,No,Month-to-month,Yes,Mailed check,71.48,2717.01,Yes
CUS-00491,Male,0,Yes,No,53,Yes,No,Fiber optic,No,Yes,No,One year,No,Electronic check,41.45,2302.5,No
CUS-00492,Male,0,Yes,No,25,Yes,Yes,Fiber optic,Yes,No internet service,No internet service,Two year,Yes,Electronic check,57.87,1399.16,No
CUS-00493,Female,1,Yes,Yes,31,Yes,Yes,DSL,Yes,No,No,One year,Yes,Electronic check,25.44,823.7,No
CUS-00494,Male,0,Yes,No,38,Yes,No,Fiber optic,No,Yes,Yes,Two year,Yes,Mailed check,117.55,4570.83,No
CUS-00495,Male,0,Yes,No,58,Yes,Yes,DSL,No,No,Yes,Month-to-month,Yes,Electronic check,79.67,4797.02,Yes
CUS-00496,Male,0,Yes,No,53,Yes,Yes,Fiber optic,No internet service,Yes,No,Month-to-month,Yes,Credit card (automatic),32.61,1647.84,Yes
CUS-00497,Female,0,Yes,No,50,Yes,No phone service,DSL,Yes,No,No internet service,One year,No,Mailed check,31.01,1522.73,Yes
CUS-00498,Male,0,No,No,4,Yes,No,Fiber optic,No,Yes,Yes,Month-to-month,No,Electronic check,66.33,252.84,No
CUS-00499,Female,0,Yes,No,52,Yes,No,DSL,Yes,No,No internet service,Two year,No,Mailed check,20.48,1031.09,Yes
CUS-00500,Male,1,No,No,31,Yes,No,DSL,No,No,Yes,Month-to-month,No,Mailed check,59.2,1905.72,No
CUS-00501,Male,0,Yes,Yes,14,Yes,No,No,No,No,Yes,One year,Yes,Credit card (automatic),112.49,1560.82,No
CUS-00502,Male,0,Yes,Yes,1,Yes,Yes,DSL,No,No,No internet service,Month-to-month,No,Electronic check,100.34,102.06,No
CUS-00503,Female,0,Yes,No,43,Yes,Yes,Fiber optic,No,No,Yes,Two year,No,Mailed check,111.0,4765.32,No
CUS-00504,Male,0,Yes,Yes,59,Yes,No,No,No internet service,No,No,Month-to-month,Yes,Bank transfer (automatic),29.11,1712.96,Yes
CUS-00505,Male,0,No,No,61,Yes,Yes,Fiber optic,Yes,Yes,Yes,Month-to-month,Yes,Mailed check,55.08,3410.21,No
CUS-00506,Female,0,Yes,No,41,Yes,Yes,Fiber optic,No,No internet service,Yes,Month-to-month,Yes,Mailed check,73.5,2993.85,No
CUS-00507,Male,0,No,No,18,Yes,Yes,No,Yes,Yes,No,Month-to-month,No,Mailed check,90.03,1542.87,Yes
CUS-00508,Female,0,No,No,60,Yes,Yes,DSL,Yes,No,No internet service,Two year,Yes,Bank transfer (automatic),57.25,3538.23,No
CUS-00509,Female,0,Yes,No,69,Yes,No phone service,Fiber optic,Yes,No internet service,No,One year,No,Electronic check,49.9,3365.1,No
CUS-00510,Male,1,No,No,59,Yes,Yes,DSL,No,No,Yes,One year,Yes,Credit card (automatic),48.51,2911.14,Yes
CUS-00511,Female,0,Yes,No,42,No,Yes,DSL,No,Yes,No,Month-to-month,Yes,Electronic check,96.95,4136.3,Yes
CUS-00512,Male,0,No,Yes,36,Yes,No,DSL,No internet service,Yes,Yes,Month-to-month,Yes,Electronic check,56.18,1950.6,Yes
CUS-00513,Female,0,No,No,40,Yes,No,Fiber optic,No internet service,No,No,Two year,No,Mailed check,19.63,758.87,No
CUS-00514,Female,0,Yes,No,30,Yes,No,No,No,No,No,Two year,Yes,Mailed check,95.02,2835.72,No
CUS-00515,Male,0,Yes,Yes,11,Yes,No,No,No,No,Yes,Two year,No,Electronic check,34.13,369.49,Yes
CUS-00516,Female,0,Yes,No,25,Yes,No,Fiber optic,No internet service,No,No,Month-to-month,No,Bank transfer (automatic),80.82,1974.71,Yes
CUS-00517,Female,0,Yes,No,45,Yes,No,Fiber optic,No internet service,No internet service,Yes,Month-to-month,Yes,Mailed check,20.95,924.77,No
CUS-00518,Female,0,No,No,51,Yes,Yes,Fiber optic,No internet service,No,No,Two year,Yes,Mailed check,56.7,2820.69,No
CUS-00519,Female,0,Yes,Yes,43,Yes,Yes,No,Yes,No,No internet service,Two year,No,Bank transfer (automatic),63.59,2627.93,No
CUS-00520,Female,1,Yes,No,66,Yes,No phone service,DSL,No,Yes,Yes,Two year,No,Electronic check,115.31,7296.8,Yes
CUS-00521,Male,0,Yes,No,47,No,Yes,DSL,No internet service,No,Yes,Two year,Yes,Credit card (automatic),26.82,1308.44,No
CUS-00522,Female,0,No,No,24,Yes,Yes,Fiber optic,No,Yes,No,Month-to-month,No,Credit card (automatic),93.15,2305.99,Yes
CUS-00523,Male,0,Yes,No,37,Yes,Yes,Fiber optic,No,No,No,Month-to-month,Yes,Credit card (automatic),114.48,4233.34,Yes
CUS-00524,Female,0,No,No,56,Yes,Yes,Fiber optic,No,No internet service,Yes,One year,Yes,Mailed check,45.69,2512.53,No
CUS-00525,Male,0,No,Yes,46,Yes,Yes,Fiber optic,No,No internet service,Yes,Month-to-month,Yes,Credit card (automatic),40.57,1901.06,No
CUS-00526,Male,0,No,No,28,Yes,Yes,DSL,No internet service,No,No,Two year,No,Bank transfer (automatic),113.21,3045.98,No
CUS-00527,Female,0,No,Yes,52,Yes,Yes,DSL,No internet service,Yes,Yes,Month-to-month,Yes,Mailed check,66.96,3343.19,No
CUS-00528,Female,0,Yes,Yes,15,Yes,Yes,No,No internet service,Yes,No,Month-to-month,No,Bank transfer (automatic),100.26,1449.93,No
CUS-00529,Female,0,Yes,Yes,45,Yes,Yes,DSL,No internet service,Yes,Yes,Month-to-month,Yes,Bank transfer (automatic),97.46,4469.94,No
CUS-00530,Male,0,No,No,58,Yes,No,DSL,No,Yes,No,Month-to-month,Yes,Electronic check,50.6,3029.17,No
CUS-00531,Female,0,No,No,67,Yes,No,Fiber optic,Yes,Yes,No,One year,No,Credit card (automatic),36.75,2471.18,No
CUS-00532,Male,0,No,Yes,41,Yes,Yes,Fiber optic,Yes,Yes,No,One year,No,Mailed check,88.29,3499.95,Yes
CUS-00533,Male,0,Yes,No,65,Yes,No phone service,Fiber optic,No internet service,Yes,Yes,Month-to-month,Yes,Bank transfer (automatic),68.13,4356.18,No
CUS-00534,Male,0,Yes,Yes,40,Yes,No,Fiber optic,No,Yes,No,One year,Yes,Mailed check,67.05,2768.61,No
CUS-00535,Female,0,No,No,5,Yes,No,No,No,No,Yes,Month-to-month,No,Electronic check,72.62,363.56,Yes
CUS-00536,Female,0,Yes,No,28,Yes,Yes,DSL,No,No,Yes,Month-to-month,No,Credit card (automatic),20.57,573.14,Yes
CUS-00537,Male,0,Yes,No,38,Yes,No,Fiber optic,Yes,No internet service,Yes,Month-to-month,Yes,Bank transfer (automatic),18.51,714.57,No
CUS-00538,Male,0,Yes,No,18,Yes,No phone service,Fiber optic,No,No,Yes,One year,No,Credit card (automatic),49.41,876.46,No
CUS-00539,Female,0,No,No,37,Yes,Yes,DSL,No internet service,No,No internet service,Two year,No,Mailed check,50.37,1771.31,No
CUS-00540,Male,0,Yes,No,27,Yes,No,Fiber optic,Yes,Yes,No,Month-to-month,No,Credit card (automatic),89.87,2533.44,No
CUS-00541,Female,0,Yes,Yes,25,Yes,No,No,No,Yes,No internet service,Month-to-month,Yes,Credit card (automatic),50.57,1290.87,Yes
CUS-00542,Male,0,No,Yes,69,No,Yes,Fiber optic,No,No,Yes,Two year,Yes,Electronic check,53.96,3893.78,No
CUS-00543,Female,0,Yes,No,27,Yes,No,No,No,Yes,No,Month-to-month,Yes,Electronic check,72.95,2038.6,No
CUS-00544,Male,0,No,No,54,Yes,Yes,Fiber optic,No,No,Yes,Month-to-month,No,Credit card (automatic),77.16,4114.12,Yes
CUS-00545,Female,0,No,No,7,Yes,Yes,Fiber optic,No internet service,No,Yes,Two year,Yes,Electronic check,51.33,354.95,Yes
CUS-00546,Male,0,Yes,Yes,27,No,Yes,No,No,No,No,One year,Yes,Credit card (automatic),73.81,1921.97,Yes
CUS-00547,Female,1,No,No,59,Yes,No,Fiber optic,No,No,No,Month-to-month,No,Bank transfer (automatic),79.78,4851.67,Yes
CUS-00548,Female,0,No,Yes,31,Yes,No,Fiber optic,No,No,Yes,Month-to-month,Yes,Bank transfer (automatic),44.12,1384.09,No
CUS-00549,Male,0,Yes,Yes,68,Yes,No phone service,Fiber optic,No internet service,No,Yes,One year,Yes,Electronic check,41.57,2757.73,No
CUS-00550,Male,1,Yes,No,4,No,No,Fiber optic,No,No,Yes,Two year,No,Mailed check,107.04,447.86,No
CUS-00551,Female,1,No,No,18,Yes,Yes,Fiber optic,No,No,Yes,Month-to-month,Yes,Electronic check,82.75,1529.39,Yes
CUS-00552,Male,0,Yes,No,63,No,Yes,DSL,No,Yes,No,One year,No,Electronic check,49.11,3212.3,No
CUS-00553,Female,0,No,No,52,Yes,No,No,Yes,Yes,Yes,Two year,Yes,Bank transfer (automatic),73.08,3676.28,No
CUS-00554,Male,0,No,No,63,No,No,DSL,Yes,No,No,Month-to-month,Yes,Electronic check,88.74,5642.38,No
CUS-00555,Female,0,Yes,Yes,45,Yes,No,Fiber optic,Yes,Yes,No,Month-to-month,Yes,Mailed check,20.26,956.45,No
CUS-00556,Female,0,No,No,12,Yes,Yes,DSL,Yes,No internet service,Yes,Month-to-month,No,Mailed check,109.98,1299.89,Yes
CUS-00557,Female,0,Yes,No,8,Yes,No,Fiber optic,No,Yes,No,One year,No,Credit card (automatic),89.72,710.82,No
CUS-00558,Female,0,No,No,22,Yes,Yes,No,Yes,Yes,No,Two year,Yes,Credit card (automatic),57.23,1263.73,No
CUS-00559,Female,1,Yes,No,41,Yes,Yes,No,No internet service,No,Yes,Month-to-month,No,Mailed check,111.23,4352.72,No
CUS-00560,Female,0,No,No,41,Yes,No,Fiber optic,No internet service,No internet service,No,Month-to-month,Yes,Credit card (automatic),23.58,940.27,Yes
CUS-00561,Male,0,No,No,57,Yes,No,Fiber optic,No,No,Yes,Two year,Yes,Credit card (automatic),93.42,5230.63,No
CUS-00562,Male,0,No,Yes,32,No,Yes,Fiber optic,No,Yes,No internet service,Month-to-month,Yes,Electronic check,70.63,2149.25,Yes
CUS-00563,Male,0,No,Yes,55,Yes,No,DSL,No,No,Yes,Month-to-month,No,Credit card (automatic),84.48,4560.78,No
CUS-00564,Female,0,No,No,6,Yes,No,Fiber optic,No,No,No,One year,Yes,Bank transfer (automatic),65.14,392.61,Yes
CUS-00565,Female,0,Yes,No,39,Yes,Yes,Fiber optic,No,No,No internet service,Month-to-month,No,Bank transfer (automatic),32.72,1214.74,Yes
CUS-00566,Female,0,No,No,9,Yes,No phone service,No,No,No internet service,No internet service,Two year,Yes,Bank transfer (automatic),44.08,397.98,No
CUS-00567,Female,0,No,No,32,Yes,Yes,Fiber optic,No,No,No,Month-to-month,Yes,Electronic check,64.3,2119.28,Yes
CUS-00568,Male,0,No,No,36,Yes,No,Fiber optic,No,Yes,Yes,Month-to-month,No,Electronic check,109.88,3815.67,Yes
CUS-00569,Male,1,No,No,16,Yes,No,No,No,Yes,No,Month-to-month,No,Electronic check,24.83,415.61,Yes
CUS-00570,Female,0,Yes,No,12,Yes,Yes,Fiber optic,No,No internet service,Yes,One year,Yes,Credit card (automatic),28.47,338.74,No
CUS-00571,Male,0,Yes,Yes,41,No,No,DSL,No internet service,Yes,No internet service,Two year,Yes,Bank transfer (automatic),33.27,1355.66,No
CUS-00572,Male,0,Yes,No,67,Yes,Yes,Fiber optic,No,Yes,No,One year,No,Mailed check,81.21,5449.12,No
CUS-00573,Female,0,No,No,58,Yes,Yes,Fiber optic,No,No,No internet service,Month-to-month,Yes,Electronic check,54.63,3134.69,Yes
CUS-00574,Male,0,Yes,Yes,9,Yes,No,Fiber optic,No,No,No,One year,Yes,Credit card (automatic),32.92,300.79,No
CUS-00575,Female,0,No,No,17,Yes,Yes,DSL,No,No,No,Month-to-month,Yes,Mailed check,30.2,496.86,Yes
CUS-00576,Male,0,Yes,No,5,Yes,Yes,Fiber optic,No,Yes,Yes,Two year,No,Bank transfer (automatic),85.42,445.06,No
CUS-00577,Female,1,Yes,No,26,Yes,No,No,No internet service,Yes,No,Month-to-month,Yes,Electronic check,64.26,1732.3,No
CUS-00578,Female,0,Yes,No,1,Yes,No,DSL,Yes,No,No,Month-to-month,Yes,Mailed check,105.28,106.8,Yes
CUS-00579,Female,0,Yes,Yes,1,Yes,No,DSL,Yes,Yes,No,Month-to-month,Yes,Electronic check,58.4,60.09,No
CUS-00580,Female,0,No,No,35,Yes,No,Fiber optic,No,No,No internet service,Month-to-month,Yes,Bank transfer (automatic),83.57,2985.94,Yes
CUS-00581,Male,0,Yes,No,9,Yes,No,Fiber optic,Yes,No,No,One year,Yes,Electronic check,97.58,875.97,Yes
CUS-00582,Female,0,Yes,Yes,38,Yes,No,Fiber optic,No,No internet service,No,Month-to-month,No,Electronic check,113.37,4159.69,Yes
CUS-00583,Female,0,Yes,No,4,No,Yes,Fiber optic,No,No internet service,Yes,Month-to-month,Yes,Credit card (automatic),104.93,412.34,Yes
CUS-00584,Female,0,No,Yes,52,Yes,No,Fiber optic,No,No internet service,No,Month-to-month,Yes,Electronic check,95.53,5158.55,Yes
CUS-00585,Male,0,No,No,19,Yes,Yes,No,No,No,Yes,Month-to-month,No,Electronic check,59.29,1145.19,Yes
CUS-00586,Female,0,Yes,No,5,Yes,No phone service,Fiber optic,No,No internet service,Yes,Month-to-month,No,Electronic check,116.28,602.64,No
CUS-00587,Male,0,No,No,48,Yes,No,DSL,Yes,No,No,Month-to-month,No,Credit card (automatic),44.47,2215.22,Yes
CUS-00588,Female,0,Yes,No,63,Yes,No phone service,No,No,No internet service,No,Two year,No,Bank transfer (automatic),84.13,5314.64,Yes
CUS-00589,Male,0,Yes,No,38,Yes,No,DSL,No,Yes,No internet service,Two year,Yes,Credit card (automatic),31.06,1172.79,No
CUS-00590,Male,0,No,Yes,52,Yes,No,DSL,No,Yes,No,Month-to-month,No,Bank transfer (automatic),78.59,4057.79,Yes
CUS-00591,Female,0,Yes,No,46,Yes,No,No,No,No,No internet service,Two year,No,Electronic check,86.99,3979.14,Yes
CUS-00592,Male,0,No,Yes,9,Yes,No,DSL,No,No internet service,Yes,Month-to-month,Yes,Electronic check,27.03,254.12,No
CUS-00593,Female,0,Yes,Yes,50,Yes,No,DSL,Yes,No,No,One year,Yes,Bank transfer (automatic),47.49,2291.47,Yes
CUS-00594,Female,0,No,No,66,Yes,Yes,Fiber optic,No internet service,No internet service,No internet service,One year,No,Credit card (automatic),82.15,5233.11,No
CUS-00595,Female,1,Yes,No,38,Yes,No phone service,DSL,No,Yes,No,Month-to-month,Yes,Credit card (automatic),78.21,2938.47,Yes
CUS-00596,Male,0,No,No,27,Yes,No,Fiber optic,No,Yes,No,One year,Yes,Bank transfer (automatic),84.82,2359.27,No
CUS-00597,Male,1,No,Yes,20,Yes,No,Fiber optic,Yes,No,No,Two year,No,Credit card (automatic),30.44,630.24,No
CUS-00598,Female,1,Yes,No,62,Yes,No,Fiber optic,Yes,No,No internet service,Two year,Yes,Bank transfer (automatic),69.53,4451.17,Yes
CUS-00599,Female,0,No,No,16,No,Yes,DSL,No internet service,No,No internet service,One year,Yes,Bank transfer (automatic),110.76,1786.69,No
CUS-00600,Male,0,Yes,Yes,13,Yes,No,No,No,No internet service,No,Two year,No,Electronic check,113.38,1526.66,No
CUS-00601,Female,1,No,No,20,Yes,Yes,DSL,No,No internet service,No,Month-to-month,Yes,Electronic check,30.67,594.56,Yes
CUS-00602,Female,0,Yes,Yes,24,No,No,Fiber optic,No,No,No internet service,Month-to-month,No,Mailed check,107.44,2604.0,Yes
CUS-00603,Female,0,Yes,No,50,Yes,No,No,No,No internet service,Yes,Month-to-month,Yes,Bank transfer (automatic),75.65,3717.65,No
CUS-00604,Male,0,No,No,7,Yes,Yes,Fiber optic,Yes,No,No,Month-to-month,No,Mailed check,93.29,638.21,Yes
CUS-00605,Male,0,Yes,No,29,Yes,No,DSL,No,No,No internet service,Month-to-month,No,Mailed check,33.06,920.36,Yes
CUS-00606,Male,0,No,Yes,5,Yes,No,DSL,Yes,Yes,Yes,One year,Yes,Mailed check,91.79,452.74,No
CUS-00607,Female,0,Yes,Yes,35,Yes,No,No,No,Yes,No,Month-to-month,No,Mailed check,25.11,837.97,No
CUS-00608,Female,0,Yes,Yes,65,Yes,No,Fiber optic,No internet service,No,No,Two year,No,Electronic check,81.3,5206.49,No
CUS-00609,Female,0,No,Yes,70,Yes,Yes,No,No,No,Yes,One year,Yes,Credit card (automatic),84.81,5921.75,Yes
CUS-00610,Male,1,No,Yes,7,Yes,Yes,Fiber optic,No internet service,Yes,No internet service,One year,Yes,Credit card (automatic),84.47,582.88,Yes
CUS-00611,Female,0,Yes,No,44,No,No,Fiber optic,No,No,No,Two year,Yes,Electronic check,23.87,1078.76,No
CUS-00612,Female,0,Yes,Yes,13,No,Yes,DSL,No internet service,No,No,Two year,No,Mailed check,56.42,717.38,No
CUS-00613,Female,0,Yes,No,38,No,No,No,No,Yes,No,Two year,Yes,Bank transfer (automatic),92.44,3363.39,No
CUS-00614,Female,0,Yes,No,13,Yes,No,Fiber optic,No,Yes,No,Month-to-month,Yes,Bank transfer (automatic),97.68,1231.64,Yes
CUS-00615,Male,0,Yes,Yes,54,Yes,No phone service,Fiber optic,No,Yes,Yes,One year,No,Mailed check,59.55,3318.62,Yes
CUS-00616,Male,1,Yes,No,44,Yes,No phone service,Fiber optic,No,Yes,No,Month-to-month,Yes,Credit card (automatic),34.2,1525.25,No
CUS-00617,Female,0,No,Yes,13,Yes,No,DSL,No,No,Yes,One year,Yes,Bank transfer (automatic),67.94,890.05,Yes
CUS-00618,Male,0,No,No,25,Yes,Yes,DSL,Yes,Yes,No,Month-to-month,Yes,Electronic check,83.03,2083.75,Yes
CUS-00619,Male,0,Yes,No,24,Yes,No,Fiber optic,Yes,No internet service,Yes,Two year,Yes,Bank transfer (automatic),110.04,2706.73,No
CUS-00620,Female,0,Yes,Yes,29,Yes,Yes,DSL,No,Yes,No internet service,One year,Yes,Electronic check,86.13,2421.91,No
CUS-00621,Female,1,Yes,No,70,No,Yes,DSL,No internet service,Yes,No,Month-to-month,No,Bank transfer (automatic),100.27,6815.16,No
CUS-00622,Male,0,No,Yes,18,Yes,No,Fiber optic,Yes,No,Yes,Month-to-month,No,Bank transfer (automatic),44.47,770.86,Yes
CUS-00623,Female,0,No,No,5,Yes,No,Fiber optic,No,Yes,No internet service,Two year,Yes,Electronic check,101.32,498.46,No
CUS-00624,Male,0,No,No,18,Yes,Yes,DSL,Yes,Yes,Yes,Month-to-month,Yes,Electronic check,79.2,1393.37,No
CUS-00625,Female,1,No,Yes,63,Yes,Yes,DSL,No,No,No,Month-to-month,Yes,Bank transfer (automatic),72.9,4783.37,No
CUS-00626,Male,0,No,No,37,Yes,No,No,No,No,No,Month-to-month,Yes,Mailed check,44.69,1572.91,Yes
CUS-00627,Female,0,Yes,Yes,71,Yes,No phone service,DSL,No,Yes,Yes,Two year,No,Electronic check,38.39,2718.64,Yes
CUS-00628,Male,0,Yes,Yes,55,Yes,Yes,DSL,Yes,No,Yes,Month-to-month,Yes,Mailed check,72.39,4073.28,Yes
CUS-00629,Male,1,No,Yes,12,Yes,Yes,DSL,No internet service,Yes,Yes,Month-to-month,No,Bank transfer (automatic),107.14,1337.96,No
CUS-00630,Male,0,Yes,No,52,Yes,No phone service,DSL,Yes,No,No internet service,Month-to-month,No,Mailed check,41.54,2260.75,No
CUS-00631,Female,0,No,No,57,Yes,Yes,Fiber optic,No,No,No,Month-to-month,Yes,Bank transfer (automatic),45.87,2501.98,Yes
CUS-00632,Male,0,No,No,46,Yes,No,No,No,No internet service,Yes,Two year,No,Mailed check,112.79,5030.14,No
CUS-00633,Male,0,No,No,44,Yes,No,Fiber optic,No,No,Yes,Month-to-month,No,Credit card (automatic),20.66,954.4,Yes
CUS-00634,Female,0,Yes,Yes,24,Yes,Yes,Fiber optic,No,No internet service,No,Month-to-month,No,Electronic check,66.54,1567.17,Yes
CUS-00635,Female,0,No,No,9,Yes,No,No,Yes,Yes,No,One year,Yes,Electronic check,70.88,609.57,No
CUS-00636,Male,1,No,No,12,Yes,No,DSL,Yes,No,Yes,Two year,Yes,Bank transfer (automatic),85.57,1071.37,Yes
CUS-00637,Male,0,No,No,9,Yes,Yes,Fiber optic,Yes,Yes,Yes,Two year,No,Electronic check,37.4,333.35,No
CUS-00638,Female,1,No,No,22,Yes,Yes,Fiber optic,No,No internet service,No internet service,Month-to-month,Yes,Credit card (automatic),75.14,1618.54,No
CUS-00639,Female,0,No,No,17,Yes,No,DSL,Yes,No,No internet service,Month-to-month,Yes,Bank transfer (automatic),28.95,474.95,No
CUS-00640,Female,0,Yes,Yes,33,Yes,Yes,Fiber optic,No,Yes,Yes,Two year,Yes,Credit card (automatic),44.7,1464.07,No
CUS-00641,Female,0,Yes,Yes,47,Yes,No,Fiber optic,Yes,No,Yes,Month-to-month,Yes,Bank transfer (automatic),19.51,904.85,Yes
CUS-00642,Female,0,Yes,No,15,Yes,No phone service,Fiber optic,Yes,Yes,Yes,One year,Yes,Bank transfer (automatic),63.34,990.4,No
CUS-00643,Male,1,Yes,No,33,Yes,No phone service,DSL,No internet service,No,No,Month-to-month,Yes,Mailed check,35.51,1138.06,No
CUS-00644,Female,0,No,No,15,Yes,Yes,DSL,No internet service,Yes,Yes,Month-to-month,Yes,Bank transfer (automatic),27.68,398.03,No
CUS-00645,Male,0,No,No,27,No,Yes,Fiber optic,Yes,No,Yes,Two year,Yes,Bank transfer (automatic),52.43,1383.96,No
CUS-00646,Male,0,Yes,Yes,61,Yes,Yes,DSL,No,No internet service,No,One year,Yes,Credit card (automatic),25.92,1588.4,No
CUS-00647,Male,0,Yes,No,68,No,No phone service,No,No,No,Yes,Month-to-month,Yes,Electronic check,84.44,5643.08,No
CUS-00648,Female,0,Yes,No,48,Yes,Yes,DSL,Yes,No internet service,Yes,Month-to-month,Yes,Electronic check,38.09,1793.99,Yes
CUS-00649,Male,0,No,No,8,Yes,No,Fiber optic,No,Yes,No,Month-to-month,Yes,Bank transfer (automatic),89.03,704.97,No
CUS-00650,Male,1,Yes,No,6,Yes,No,Fiber optic,No internet service,No,No,Month-to-month,Yes,Mailed check,101.99,634.73,Yes
CUS-00651,Female,0,Yes,No,63,Yes,No,No,No,No,No internet service,Two year,Yes,Bank transfer (automatic),92.13,5898.64,No
CUS-00652,Male,0,Yes,No,2,No,Yes,No,No,Yes,Yes,One year,Yes,Electronic check,94.29,189.09,No
CUS-00653,Male,0,Yes,No,22,No,No,No,No,No internet service,Yes,Month-to-month,No,Bank transfer (automatic),82.38,1794.77,No
CUS-00654,Female,1,No,No,21,Yes,No,Fiber optic,No,No,Yes,Month-to-month,Yes,Mailed check,55.63,1118.04,Yes
CUS-00655,Male,0,Yes,Yes,6,No,No,DSL,No,No,No,Two year,No,Electronic check,52.85,329.29,No
CUS-00656,Male,0,Yes,No,70,Yes,No,Fiber optic,No,No,Yes,Month-to-month,No,Credit card (automatic),74.89,5047.49,No
CUS-00657,Male,0,Yes,Yes,13,Yes,Yes,Fiber optic,No,No internet service,Yes,Month-to-month,Yes,Credit card (automatic),42.8,538.96,No
CUS-00658,Female,0,No,No,1,Yes,Yes,No,Yes,Yes,Yes,Month-to-month,Yes,Bank transfer (automatic),52.46,52.2,Yes
CUS-00659,Female,0,No,Yes,22,Yes,No,Fiber optic,No,No,No internet service,Month-to-month,No,Bank transfer (automatic),33.53,711.12,No
CUS-00660,Female,1,Yes,No,24,Yes,No,Fiber optic,No,No internet service,No internet service,Month-to-month,No,Electronic check,96.01,2336.52,No
CUS-00661,Male,0,Yes,No,64,Yes,Yes,No,Yes,Yes,No,Two year,Yes,Mailed check,91.56,5856.52,No
CUS-00662,Male,0,No,Yes,41,Yes,Yes,Fiber optic,No,No internet service,Yes,Month-to-month,Yes,Bank transfer (automatic),68.33,2800.91,Yes
CUS-00663,Female,0,Yes,Yes,22,Yes,No,Fiber optic,No internet service,No,No,One year,No,Electronic check,54.96,1265.59,No
CUS-00664,Male,0,No,No,61,Yes,No,DSL,No internet service,No internet service,No,One year,Yes,Bank transfer (automatic),87.67,5440.79,No
CUS-00665,Male,0,Yes,No,12,Yes,Yes,DSL,No internet service,Yes,No,Month-to-month,Yes,Credit card (automatic),26.47,325.01,No
CUS-00666,Female,0,Yes,Yes,4,Yes,No,Fiber optic,Yes,No internet service,No internet service,Two year,Yes,Bank transfer (automatic),22.77,92.08,No
CUS-00667,Female,0,No,Yes,12,Yes,No phone service,No,No,Yes,Yes,Month-to-month,Yes,Mailed check,87.98,1030.37,Yes
CUS-00668,Male,0,No,No,33,Yes,No,Fiber optic,Yes,No,No internet service,Two year,No,Electronic check,73.01,2304.04,Yes
CUS-00669,Male,0,No,No,21,Yes,No,Fiber optic,No,Yes,No internet service,Month-to-month,No,Bank transfer (automatic),91.32,1929.41,Yes
CUS-00670,Male,0,Yes,Yes,52,Yes,No,DSL,No,Yes,No,Two year,No,Bank transfer (automatic),45.96,2377.14,No
CUS-00671,Female,1,Yes,No,47,Yes,Yes,Fiber optic,No internet service,No internet service,No,Two year,Yes,Bank transfer (automatic),28.83,1303.94,No
CUS-00672,Female,0,Yes,No,59,Yes,Yes,DSL,No internet service,No,No,Month-to-month,No,Bank transfer (automatic),61.0,3728.39,Yes
CUS-00673,Female,0,No,Yes,47,Yes,No,Fiber optic,Yes,No,No,Month-to-month,Yes,Electronic check,60.67,2850.57,No
CUS-00674,Female,0,No,No,56,Yes,No,Fiber optic,Yes,Yes,No,Month-to-month,No,Mailed check,93.91,5234.67,Yes
CUS-00675,Male,0,Yes,Yes,13,Yes,No phone service,Fiber optic,No internet service,No,Yes,Month-to-month,Yes,Mailed check,30.21,389.48,Yes
CUS-00676,Female,0,No,Yes,44,Yes,Yes,DSL,No internet service,No,Yes,One year,No,Electronic check,112.61,5072.64,No
CUS-00677,Female,0,No,Yes,35,Yes,Yes,Fiber optic,No,Yes,No,Month-to-month,No,Electronic check,23.6,788.98,No
CUS-00678,Female,0,Yes,No,29,Yes,No phone service,DSL,No,No,No internet service,One year,No,Electronic check,49.29,1388.72,No
CUS-00679,Female,0,No,No,56,Yes,Yes,Fiber optic,No,No internet service,Yes,Month-to-month,No,Electronic check,88.3,5143.74,Yes
CUS-00680,Female,0,Yes,No,5,Yes,Yes,Fiber optic,No,No,No,Month-to-month,Yes,Electronic check,89.75,428.12,Yes
CUS-00681,Male,0,Yes,Yes,67,Yes,No,Fiber optic,Yes,No,No internet service,One year,No,Mailed check,74.71,5061.01,Yes
CUS-00682,Male,0,No,Yes,53,Yes,No phone service,DSL,No,No,Yes,Two year,No,Mailed check,25.09,1295.37,No
CUS-00683,Female,0,Yes,No,60,No,No,No,No,Yes,No internet service,Month-to-month,Yes,Electronic check,103.64,6243.58,No
CUS-00684,Male,0,Yes,Yes,6,Yes,No,Fiber optic,Yes,No internet service,No,Month-to-month,Yes,Credit card (automatic),81.47,490.34,No
CUS-00685,Female,0,No,No,48,Yes,No,Fiber optic,No internet service,No internet service,No internet service,Month-to-month,Yes,Mailed check,93.88,4576.65,Yes
CUS-00686,Female,0,No,No,35,Yes,No phone service,Fiber optic,No,No,No internet service,Month-to-month,No,Bank transfer (automatic),56.62,1916.65,Yes
CUS-00687,Male,0,No,No,18,Yes,No,Fiber optic,No,Yes,No,One year,Yes,Electronic check,42.34,772.85,No
CUS-00688,Male,0,No,Yes,11,Yes,Yes,Fiber optic,No,No,Yes,Month-to-month,No,Mailed check,90.01,1018.0,Yes
CUS-00689,Female,1,Yes,No,51,Yes,No,No,No,Yes,No,Two year,Yes,Mailed check,99.55,4912.41,Yes
CUS-00690,Female,0,No,Yes,23,Yes,No,No,Yes,No,Yes,Month-to-month,Yes,Electronic check,99.25,2348.82,No
CUS-00691,Female,0,No,No,47,Yes,No,Fiber optic,No,No,No internet service,Month-to-month,Yes,Electronic check,89.72,4057.35,Yes
CUS-00692,Male,0,Yes,No,59,Yes,No,Fiber optic,Yes,No,No,Month-to-month,Yes,Electronic check,31.89,1836.88,Yes
CUS-00693,Female,0,No,No,57,Yes,No,DSL,No,No internet service,Yes,Month-to-month,Yes,Mailed check,40.18,2258.61,Yes
CUS-00694,Female,1,Yes,No,56,Yes,No,DSL,Yes,No,Yes,Two year,No,Electronic check,68.04,3738.35,No
CUS-00695,Female,0,Yes,No,27,Yes,No,Fiber optic,Yes,No internet service,Yes,Two year,Yes,Electronic check,68.74,1899.37,No
CUS-00696,Male,0,No,Yes,35,Yes,Yes,No,No internet service,No,No,Month-to-month,Yes,Bank transfer (automatic),66.85,2285.68,No
CUS-00697,Female,0,No,Yes,55,Yes,Yes,Fiber optic,No,No,No,Month-to-month,No,Electronic check,100.6,5671.73,Yes
CUS-00698,Female,0,Yes,No,9,Yes,Yes,Fiber optic,Yes,Yes,Yes,Two year,Yes,Electronic check,30.54,262.69,No
CUS-00699,Male,0,Yes,No,18,Yes,No,DSL,No internet service,No internet service,No,Month-to-month,No,Electronic check,97.23,1718.39,Yes
CUS-00700,Female,0,No,No,44,Yes,No,Fiber optic,Yes,No,Yes,Two year,No,Credit card (automatic),20.23,926.86,No
CUS-00701,Female,1,Yes,No,21,Yes,No,Fiber optic,Yes,Yes,Yes,One year,No,Electronic check,50.31,1044.42,No
CUS-00702,Male,0,Yes,Yes,56,Yes,No,No,Yes,Yes,Yes,Month-to-month,No,Mailed check,37.65,2102.14,Yes
CUS-00703,Female,0,No,No,48,Yes,No,DSL,No,No,No internet service,Month-to-month,Yes,Mailed check,70.66,3477.44,No
CUS-00704,Male,1,No,No,1,Yes,No phone service,Fiber optic,No,No internet service,Yes,One year,No,Credit card (automatic),70.39,67.25,Yes
CUS-00705,Male,0,No,Yes,27,Yes,Yes,No,Yes,No internet service,No,Two year,No,Credit card (automatic),68.65,1890.73,No
CUS-00706,Female,1,No,No,45,No,No,No,Yes,No,No,Month-to-month,No,Electronic check,46.88,2017.71,No
CUS-00707,Female,1,No,No,63,Yes,No,No,No,No internet service,No,Month-to-month,No,Electronic check,70.18,4444.58,No
CUS-00708,Female,0,No,No,58,Yes,Yes,Fiber optic,No,Yes,Yes,One year,Yes,Mailed check,88.58,5194.93,Yes
CUS-00709,Female,0,Yes,No,40,Yes,Yes,No,No internet service,Yes,Yes,Month-to-month,No,Electronic check,57.38,2213.64,Yes
CUS-00710,Male,0,No,No,63,Yes,Yes,No,No,No,Yes,Two year,Yes,Credit card (automatic),110.86,7229.28,Yes
CUS-00711,Female,1,Yes,No,38,No,No,No,No,No internet service,Yes,Month-to-month,Yes,Bank transfer (automatic),24.85,950.81,No
CUS-00712,Male,0,Yes,No,29,Yes,No,No,No,No internet service,No,Two year,Yes,Credit card (automatic),116.71,3267.74,Yes
CUS-00713,Female,0,Yes,No,40,Yes,No,No,No,Yes,Yes,Month-to-month,Yes,Mailed check,94.14,3901.49,No
CUS-00714,Female,1,No,Yes,19,No,No,DSL,No,No,No,Month-to-month,No,Mailed check,77.32,1516.79,Yes
CUS-00715,Female,1,Yes,Yes,56,Yes,Yes,DSL,Yes,Yes,Yes,Month-to-month,Yes,Mailed check,38.33,2183.12,Yes
CUS-00716,Male,0,Yes,Yes,44,Yes,No phone service,Fiber optic,No,No internet service,No,Two year,Yes,Electronic check,80.73,3518.55,No
CUS-00717,Female,0,No,No,65,Yes,Yes,Fiber optic,No,No,No internet service,Month-to-month,Yes,Mailed check,98.21,6379.94,No
CUS-00718,Female,1,No,No,13,Yes,No,DSL,Yes,No internet service,Yes,Two year,Yes,Credit card (automatic),43.36,575.15,No
CUS-00719,Female,0,No,Yes,30,Yes,Yes,Fiber optic,No,Yes,Yes,One year,No,Bank transfer (automatic),21.99,646.53,No
CUS-00720,Female,1,Yes,Yes,49,Yes,No,DSL,No,No,Yes,One year,No,Electronic check,62.28,3080.84,No
CUS-00721,Male,0,Yes,No,63,No,No phone service,DSL,Yes,No,Yes,One year,No,Bank transfer (automatic),48.44,3088.96,No
CUS-00722,Female,0,No,No,71,Yes,No phone service,Fiber optic,Yes,Yes,Yes,Month-to-month,No,Electronic check,46.61,3217.34,Yes
CUS-00723,Male,0,Yes,No,35,Yes,Yes,DSL,Yes,No,Yes,Two year,Yes,Mailed check,90.48,3049.2,No
CUS-00724,Male,0,No,No,11,Yes,Yes,Fiber optic,No,No,No internet service,Two year,No,Bank transfer (automatic),32.8,348.71,No
CUS-00725,Male,0,Yes,No,49,Yes,Yes,No,No,No,No,Month-to-month,No,Electronic check,83.09,3876.45,No
CUS-00726,Male,0,No,No,40,Yes,Yes,Fiber optic,No,No,No internet service,Two year,Yes,Electronic check,24.13,989.44,No
CUS-00727,Male,0,Yes,No,21,No,No,Fiber optic,Yes,No,No,Two year,Yes,Electronic check,109.99,2381.27,No
CUS-00728,Male,0,Yes,Yes,47,Yes,No,DSL,No,Yes,No internet service,One year,Yes,Credit card (automatic),76.61,3708.55,No
CUS-00729,Female,0,No,No,3,Yes,No,Fiber optic,Yes,No,No internet service,Month-to-month,Yes,Electronic check,111.1,347.63,No
CUS-00730,Male,0,Yes,Yes,30,Yes,No,No,Yes,No,No internet service,Month-to-month,Yes,Mailed check,104.79,3013.16,Yes
CUS-00731,Male,0,Yes,Yes,67,Yes,Yes,Fiber optic,No,Yes,Yes,Month-to-month,Yes,Electronic check,104.98,7336.59,No
CUS-00732,Male,0,No,No,62,Yes,No,DSL,No,No,No,Month-to-month,Yes,Mailed check,29.98,1859.1,No
CUS-00733,Female,0,Yes,No,37,Yes,No,No,No,No internet service,No,Two year,Yes,Electronic check,87.59,3206.27,No
CUS-00734,Female,0,Yes,No,22,Yes,No,No,Yes,No internet service,No,Month-to-month,Yes,Bank transfer (automatic),58.04,1231.15,Yes
CUS-00735,Male,0,Yes,No,31,Yes,No phone service,DSL,No,Yes,No,One year,Yes,Bank transfer (automatic),63.91,1977.89,No
CUS-00736,Female,0,Yes,No,46,Yes,No,DSL,No,No,No internet service,Month-to-month,No,Electronic check,45.91,2150.23,Yes
CUS-00737,Male,1,Yes,Yes,45,Yes,No,DSL,No,No internet service,No internet service,Month-to-month,Yes,Credit card (automatic),31.98,1379.94,Yes
CUS-00738,Male,1,No,Yes,14,No,No phone service,DSL,No,No,No internet service,Month-to-month,No,Credit card (automatic),48.63,713.35,No
CUS-00739,Female,0,No,No,12,No,No,No,No,No,No internet service,Two year,No,Electronic check,72.95,911.88,Yes
CUS-00740,Male,1,Yes,No,63,Yes,No,No,No,Yes,No,One year,No,Electronic check,59.0,3860.94,Yes
CUS-00741,Female,0,Yes,No,38,No,Yes,Fiber optic,No internet service,No,No,Month-to-month,Yes,Mailed check,88.39,3328.44,Yes
CUS-00742,Female,0,No,No,47,Yes,No,Fiber optic,No internet service,No,No,Month-to-month,No,Bank transfer (automatic),101.9,4959.79,No
CUS-00743,Male,0,No,Yes,54,Yes,Yes,Fiber optic,No internet service,Yes,Yes,Two year,Yes,Electronic check,39.07,2030.76,No
CUS-00744,Male,0,Yes,Yes,55,Yes,No,Fiber optic,No,No,No internet service,Month-to-month,Yes,Credit card (automatic),23.63,1353.03,Yes
CUS-00745,Female,0,No,No,48,Yes,No,Fiber optic,No internet service,No,No internet service,Two year,No,Electronic check,117.08,5819.16,No
CUS-00746,Male,0,No,No,15,Yes,No,No,Yes,Yes,No,Month-to-month,Yes,Mailed check,106.26,1607.79,No
CUS-00747,Male,0,Yes,No,71,Yes,No,No,Yes,No,No internet service,Two year,Yes,Mailed check,44.51,3211.51,No
CUS-00748,Male,0,Yes,No,16,Yes,No,DSL,No,No internet service,Yes,Two year,No,Credit card (automatic),34.26,539.98,No
CUS-00749,Female,0,Yes,No,43,Yes,Yes,Fiber optic,No internet service,Yes,No,Month-to-month,Yes,Credit card (automatic),113.1,5081.58,No
CUS-00750,Female,0,No,Yes,7,Yes,No,Fiber optic,No,No,No internet service,Two year,Yes,Electronic check,41.24,276.17,Yes
CUS-00751,Male,0,No,No,43,Yes,No,Fiber optic,No,Yes,No,One year,No,Electronic check,40.19,1795.74,No
CUS-00752,Female,0,No,No,28,No,No,Fiber optic,No,Yes,Yes,Month-to-month,No,Mailed check,28.98,792.08,No
CUS-00753,Female,0,Yes,No,66,Yes,Yes,Fiber optic,Yes,No internet service,Yes,Two year,Yes,Mailed check,46.79,3182.36,No
CUS-00754,Female,0,No,No,60,Yes,No,Fiber optic,No,No,No,One year,Yes,Credit card (automatic),102.1,5849.98,No
CUS-00755,Female,1,No,No,3,Yes,No,Fiber optic,Yes,Yes,Yes,Month-to-month,Yes,Electronic check,74.98,219.19,No
CUS-00756,Female,0,No,No,1,Yes,Yes,DSL,Yes,No,Yes,Month-to-month,No,Bank transfer (automatic),27.2,26.38,Yes
CUS-00757,Male,0,Yes,Yes,31,Yes,No,No,Yes,Yes,No internet service,One year,Yes,Electronic check,114.74,3727.06,No
CUS-00758,Male,0,No,Yes,56,Yes,Yes,DSL,No,No internet service,No internet service,Month-to-month,No,Credit card (automatic),71.95,3912.26,Yes
CUS-00759,Male,0,Yes,No,46,Yes,No,DSL,No,Yes,No,Month-to-month,No,Electronic check,59.67,2709.44,No
CUS-00760,Female,0,No,No,32,Yes,No,DSL,Yes,No internet service,No,Two year,No,Mailed check,96.42,3023.13,No
CUS-00761,Female,0,No,Yes,18,Yes,No,DSL,No,Yes,Yes,One year,Yes,Electronic check,74.03,1397.29,No
CUS-00762,Male,0,Yes,Yes,68,Yes,No,Fiber optic,No,No,No,One year,No,Mailed check,107.58,7400.21,No
CUS-00763,Female,0,No,No,35,No,Yes,Fiber optic,No internet service,No internet service,No,Month-to-month,Yes,Mailed check,88.24,3045.08,No
CUS-00764,Male,0,Yes,No,23,Yes,No,Fiber optic,No internet service,No,No,Month-to-month,Yes,Bank transfer (automatic),84.82,2030.44,Yes
CUS-00765,Male,0,No,Yes,13,Yes,Yes,DSL,Yes,Yes,No,Month-to-month,Yes,Electronic check,51.77,686.96,No
CUS-00766,Male,0,Yes,No,14,No,No,DSL,Yes,No,Yes,One year,No,Mailed check,116.98,1671.04,Yes
CUS-00767,Female,0,No,No,37,Yes,Yes,Fiber optic,Yes,Yes,No internet service,Month-to-month,No,Bank transfer (automatic),83.19,3073.84,No
CUS-00768,Female,0,No,No,5,Yes,No,Fiber optic,No,No,No,Month-to-month,No,Bank transfer (automatic),62.19,310.88,Yes
CUS-00769,Male,0,Yes,Yes,22,Yes,No,DSL,No,No,No internet service,Two year,No,Bank transfer (automatic),32.75,737.12,No
CUS-00770,Male,0,No,No,28,Yes,No,DSL,Yes,No,Yes,Two year,Yes,Credit card (automatic),73.56,1958.78,Yes
CUS-00771,Male,0,Yes,No,4,Yes,No,DSL,No internet service,No,No,One year,Yes,Electronic check,84.62,336.36,No
CUS-00772,Male,0,Yes,Yes,50,Yes,Yes,DSL,No,Yes,Yes,Month-to-month,No,Bank transfer (automatic),55.15,2890.2,No
CUS-00773,Female,0,No,No,29,Yes,No,DSL,No,No internet service,No internet service,Month-to-month,No,Electronic check,24.46,720.25,No
CUS-00774,Female,1,No,Yes,37,Yes,No,Fiber optic,No,No,No internet service,Month-to-month,Yes,Mailed check,97.84,3576.22,Yes
CUS-00775,Male,0,No,No,35,Yes,Yes,Fiber optic,No,No,Yes,Two year,No,Bank transfer (automatic),83.4,2822.71,No
CUS-00776,Male,1,No,No,20,Yes,Yes,DSL,No,Yes,No,Month-to-month,Yes,Electronic check,86.46,1704.76,Yes
CUS-00777,Female,0,No,Yes,35,Yes,No,Fiber optic,No internet service,No,Yes,One year,No,Mailed check,42.5,1484.51,Yes
CUS-00778,Female,0,No,Yes,2,Yes,Yes,Fiber optic,Yes,Yes,No internet service,Month-to-month,Yes,Credit card (automatic),31.07,62.95,Yes
CUS-00779,Male,0,No,No,58,Yes,Yes,Fiber optic,No,No,Yes,One year,Yes,Electronic check,63.21,3843.31,No
CUS-00780,Male,0,No,Yes,18,Yes,Yes,DSL,Yes,Yes,Yes,Month-to-month,No,Electronic check,42.13,758.05,Yes
CUS-00781,Male,0,Yes,No,56,Yes,Yes,Fiber optic,No,No,Yes,Month-to-month,Yes,Credit card (automatic),96.1,5308.2,Yes
CUS-00782,Female,0,Yes,No,64,Yes,Yes,Fiber optic,No,No,No,Month-to-month,No,Mailed check,71.2,4444.61,No
CUS-00783,Female,0,No,No,52,Yes,No,Fiber optic,Yes,No,Yes,Month-to-month,Yes,Bank transfer (automatic),31.2,1665.57,Yes
CUS-00784,Female,0,No,No,22,Yes,Yes,Fiber optic,Yes,No internet service,No,One year,No,Electronic check,37.63,824.86,No
CUS-00785,Male,0,No,No,60,Yes,Yes,DSL,Yes,Yes,No,Month-to-month,No,Electronic check,106.69,6545.52,Yes
CUS-00786,Male,1,Yes,Yes,10,Yes,Yes,Fiber optic,No,No internet service,No,Month-to-month,Yes,Electronic check,81.16,794.04,No
CUS-00787,Female,0,No,Yes,6,Yes,No,Fiber optic,No,No,No,One year,No,Electronic check,58.06,343.88,No
CUS-00788,Female,0,Yes,Yes,6,Yes,No,DSL,No internet service,No,Yes,Month-to-month,Yes,Electronic check,90.08,565.11,Yes
CUS-00789,Male,0,No,No,28,Yes,No,Fiber optic,Yes,Yes,No internet service,Month-to-month,No,Electronic check,98.89,2695.11,Yes
CUS-00790,Female,0,Yes,No,42,Yes,No,No,Yes,No,Yes,Month-to-month,No,Credit card (automatic),29.44,1214.05,No
CUS-00791,Female,0,Yes,No,41,Yes,No,Fiber optic,No,No,No internet service,Two year,Yes,Mailed check,102.2,4193.89,Yes
CUS-00792,Male,1,No,No,63,Yes,Yes,DSL,Yes,No internet service,No,Month-to-month,Yes,Electronic check,112.65,7115.26,No
CUS-00793,Female,0,No,No,22,Yes,Yes,Fiber optic,Yes,No internet service,No,Month-to-month,Yes,Mailed check,27.0,568.25,Yes
CUS-00794,Male,0,Yes,Yes,29,Yes,Yes,DSL,No,Yes,Yes,Two year,Yes,Credit card (automatic),50.41,1530.82,No
CUS-00795,Male,0,Yes,Yes,71,No,Yes,Fiber optic,No internet service,Yes,Yes,Month-to-month,Yes,Electronic check,34.79,2421.34,Yes
CUS-00796,Male,0,Yes,No,34,Yes,Yes,Fiber optic,No internet service,No,No,Month-to-month,No,Credit card (automatic),61.0,1981.44,Yes
CUS-00797,Male,0,Yes,No,2,Yes,No,No,Yes,No,Yes,One year,Yes,Bank transfer (automatic),40.01,78.06,No
CUS-00798,Male,0,Yes,No,26,Yes,Yes,Fiber optic,Yes,No,No,Month-to-month,Yes,Bank transfer (automatic),54.24,1396.08,No
CUS-00799,Male,1,No,No,19,Yes,No phone service,Fiber optic,No,No internet service,No,Month-to-month,No,Bank transfer (automatic),42.2,780.28,Yes
CUS-00800,Male,0,No,No,20,Yes,No,Fiber optic,No,No,Yes,Two year,Yes,Mailed check,18.36,354.53,Yes
CUS-00801,Female,1,Yes,Yes,33,Yes,No phone service,No,No,No internet service,Yes,Two year,No,Mailed check,19.91,657.49,No
CUS-00802,Male,0,No,No,4,Yes,Yes,Fiber optic,No,No,No internet service,Month-to-month,Yes,Credit card (automatic),69.49,286.2,Yes
CUS-00803,Male,0,Yes,No,32,Yes,No,DSL,Yes,No,No,Month-to-month,No,Credit card (automatic),69.36,2264.99,Yes
CUS-00804,Female,0,Yes,Yes,19,Yes,No,No,No,No,No internet service,One year,Yes,Bank transfer (automatic),21.61,407.53,No
CUS-00805,Female,0,Yes,No,3,Yes,No phone service,DSL,No internet service,No,Yes,Month-to-month,No,Bank transfer (automatic),87.95,253.93,Yes
CUS-00806,Female,1,No,No,61,Yes,No,DSL,No,No,Yes,Month-to-month,No,Credit card (automatic),20.69,1319.5,No
CUS-00807,Male,0,Yes,No,38,Yes,No,DSL,No internet service,No internet service,No,Month-to-month,Yes,Electronic check,66.66,2491.72,Yes
CUS-00808,Female,0,Yes,Yes,6,Yes,Yes,Fiber optic,No,No,No internet service,Month-to-month,Yes,Bank transfer (automatic),57.52,331.42,No
CUS-00809,Male,0,Yes,Yes,56,Yes,Yes,No,No,Yes,No,Two year,No,Mailed check,106.3,5855.46,No
CUS-00810,Male,0,Yes,Yes,40,Yes,Yes,Fiber optic,Yes,No,No,Month-to-month,Yes,Electronic check,75.65,3085.63,Yes
CUS-00811,Male,0,Yes,Yes,69,Yes,No phone service,DSL,No,No,Yes,Month-to-month,Yes,Bank transfer (automatic),100.24,6744.37,No
CUS-00812,Male,0,No,No,42,Yes,Yes,Fiber optic,No internet service,No,No internet service,Two year,Yes,Bank transfer (automatic),117.83,4791.95,No
CUS-00813,Female,0,No,No,2,Yes,Yes,Fiber optic,Yes,No,No,Month-to-month,Yes,Electronic check,35.74,69.79,No
CUS-00814,Female,0,No,No,28,Yes,No phone service,No,Yes,Yes,Yes,Two year,Yes,Electronic check,24.28,683.36,No
CUS-00815,Male,0,Yes,No,17,Yes,Yes,Fiber optic,No,No internet service,No,Month-to-month,Yes,Electronic check,95.45,1683.43,No
CUS-00816,Male,0,Yes,Yes,70,Yes,No,DSL,No,No internet service,Yes,Month-to-month,Yes,Credit card (automatic),81.16,5472.18,Yes
CUS-00817,Male,0,Yes,No,69,Yes,No,Fiber optic,No,Yes,No,Two year,No,Electronic check,81.41,5417.19,No
CUS-00818,Female,1,Yes,No,39,Yes,Yes,DSL,No,No,No,Month-to-month,No,Mailed check,49.63,1921.73,Yes
CUS-00819,Male,0,No,No,7,Yes,Yes,DSL,No,No,Yes,Month-to-month,Yes,Electronic check,28.24,190.27,Yes
CUS-00820,Male,0,Yes,Yes,32,Yes,No,Fiber optic,No,No,Yes,One year,Yes,Electronic check,90.12,3022.02,No
CUS-00821,Female,0,Yes,No,4,Yes,No phone service,Fiber optic,No,No,No,Month-to-month,No,Bank transfer (automatic),72.33,300.27,No
CUS-00822,Female,0,No,No,21,Yes,No,Fiber optic,Yes,No,No,Month-to-month,No,Credit card (automatic),68.15,1368.86,No
CUS-00823,Male,0,Yes,No,32,Yes,Yes,Fiber optic,Yes,Yes,No,Two year,No,Bank transfer (automatic),91.6,3050.46,No
CUS-00824,Female,0,No,Yes,14,Yes,Yes,Fiber optic,No,No,No,Two year,No,Credit card (automatic),116.86,1600.77,No
CUS-00825,Female,0,Yes,No,70,Yes,Yes,DSL,No,Yes,Yes,Month-to-month,No,Credit card (automatic),92.02,6327.36,No
CUS-00826,Male,0,No,No,46,Yes,No,DSL,No internet service,Yes,No,One year,Yes,Electronic check,111.46,5044.34,Yes
CUS-00827,Female,1,Yes,Yes,20,Yes,Yes,DSL,No,No,No internet service,Month-to-month,No,Bank transfer (automatic),57.85,1107.25,No
CUS-00828,Male,0,No,No,58,No,Yes,No,No,Yes,No,Month-to-month,No,Bank transfer (automatic),107.81,6427.2,Yes
CUS-00829,Female,0,Yes,Yes,48,No,No,Fiber optic,No,Yes,Yes,Month-to-month,No,Mailed check,90.73,4216.77,Yes
CUS-00830,Male,0,No,No,7,Yes,No,Fiber optic,No,No,No,One year,No,Credit card (automatic),55.17,374.91,Yes
CUS-00831,Male,0,Yes,No,40,Yes,Yes,DSL,Yes,No internet service,Yes,Month-to-month,No,Bank transfer (automatic),68.89,2829.62,No
CUS-00832,Male,1,No,Yes,59,No,No,DSL,No,No,Yes,One year,Yes,Electronic check,38.24,2156.93,Yes
CUS-00833,Female,0,Yes,No,36,Yes,No,No,Yes,Yes,No,Month-to-month,Yes,Bank transfer (automatic),26.13,925.25,No
CUS-00834,Male,0,Yes,Yes,44,Yes,No,No,Yes,No,Yes,Two year,Yes,Bank transfer (automatic),64.74,2865.96,Yes
CUS-00835,Female,0,No,No,31,No,No,DSL,No,No,No internet service,Two year,Yes,Bank transfer (automatic),117.32,3497.19,No
CUS-00836,Male,0,No,No,42,Yes,No,No,Yes,Yes,No,One year,Yes,Electronic check,105.04,4378.77,No
CUS-00837,Male,0,Yes,No,44,No,No,Fiber optic,No,Yes,No,Month-to-month,No,Electronic check,19.66,852.39,Yes
CUS-00838,Female,0,No,No,43,Yes,No,DSL,No,Yes,Yes,Two year,Yes,Credit card (automatic),114.98,4855.98,No
CUS-00839,Male,0,Yes,No,43,Yes,No,DSL,No internet service,No,No,Month-to-month,No,Mailed check,64.89,2726.21,No
CUS-00840,Male,0,No,No,47,Yes,No,Fiber optic,Yes,No,Yes,Month-to-month,Yes,Electronic check,35.89,1659.69,No
CUS-00841,Female,0,No,No,6,Yes,No,Fiber optic,Yes,No,Yes,Month-to-month,No,Electronic check,109.49,649.84,Yes
CUS-00842,Male,0,No,Yes,66,Yes,No,No,No,No internet service,No internet service,Month-to-month,Yes,Electronic check,110.49,7021.2,Yes
CUS-00843,Male,0,No,Yes,9,Yes,Yes,DSL,No,Yes,No internet service,Month-to-month,Yes,Electronic check,102.69,897.2,Yes
CUS-00844,Male,0,No,No,11,Yes,Yes,Fiber optic,No internet service,No internet service,No internet service,Month-to-month,Yes,Credit card (automatic),80.13,917.61,Yes
CUS-00845,Male,0,Yes,No,18,Yes,No,DSL,Yes,No,Yes,Month-to-month,Yes,Credit card (automatic),41.66,783.21,No
CUS-00846,Female,0,No,No,25,Yes,No,DSL,No,Yes,No,Two year,Yes,Electronic check,42.1,1104.35,No
CUS-00847,Female,0,Yes,Yes,58,Yes,Yes,DSL,Yes,No internet service,No internet service,One year,No,Bank transfer (automatic),114.56,6630.3,No
CUS-00848,Male,0,No,No,30,Yes,No,No,No,No,Yes,Month-to-month,Yes,Mailed check,45.88,1326.24,No
CUS-00849,Female,0,No,No,1,Yes,Yes,Fiber optic,No internet service,No,No,One year,No,Electronic check,60.25,61.36,Yes
CUS-00850,Male,0,Yes,No,63,Yes,No,DSL,No,Yes,No,Two year,No,Bank transfer (automatic),93.28,6133.35,No
CUS-00851,Female,0,No,No,29,Yes,No,Fiber optic,No,Yes,No,Two year,Yes,Electronic check,100.35,2773.67,No
CUS-00852,Male,1,No,No,66,Yes,Yes,Fiber optic,Yes,No internet service,No internet service,Month-to-month,No,Bank transfer (automatic),59.14,3716.68,Yes
CUS-00853,Male,1,No,No,53,No,Yes,DSL,No internet service,No,No,Two year,Yes,Credit card (automatic),57.56,3085.01,Yes
CUS-00854,Male,1,Yes,No,19,Yes,Yes,No,No,No internet service,Yes,Two year,Yes,Credit card (automatic),53.7,973.31,No
CUS-00855,Male,0,Yes,No,66,Yes,Yes,No,Yes,No,Yes,Month-to-month,No,Bank transfer (automatic),56.84,3710.77,No
CUS-00856,Male,0,No,Yes,52,Yes,Yes,Fiber optic,Yes,Yes,No,Two year,Yes,Credit card (automatic),93.83,4819.36,Yes
CUS-00857,Male,0,Yes,No,31,Yes,No,Fiber optic,Yes,Yes,Yes,Two year,No,Bank transfer (automatic),24.19,719.82,No
CUS-00858,Female,0,Yes,No,60,Yes,No,Fiber optic,Yes,No,Yes,One year,Yes,Bank transfer (automatic),98.02,6025.81,No
CUS-00859,Male,0,No,No,68,Yes,No,DSL,No internet service,Yes,No,Two year,Yes,Electronic check,39.48,2579.64,Yes
CUS-00860,Female,0,Yes,Yes,30,Yes,No,Fiber optic,No,No,No,Month-to-month,No,Electronic check,34.15,1001.33,Yes
CUS-00861,Male,0,No,Yes,13,No,No,DSL,No,Yes,Yes,Two year,Yes,Bank transfer (automatic),30.08,399.93,No
CUS-00862,Female,1,No,No,15,Yes,Yes,No,No,No internet service,No internet service,One year,Yes,Credit card (automatic),41.56,630.77,No
CUS-00863,Female,0,No,No,20,Yes,Yes,Fiber optic,No,No internet service,No internet service,Month-to-month,Yes,Bank transfer (automatic),101.39,2022.25,Yes
CUS-00864,Female,0,Yes,No,34,Yes,Yes,DSL,Yes,Yes,No,Two year,No,Bank transfer (automatic),71.8,2331.09,No
CUS-00865,Male,0,Yes,No,20,Yes,No phone service,Fiber optic,Yes,No,No,Two year,Yes,Electronic check,44.9,921.62,No
CUS-00866,Male,1,Yes,No,50,Yes,No,Fiber optic,Yes,No internet service,No,One year,No,Credit card (automatic),36.59,1889.02,No
CUS-00867,Female,0,No,Yes,27,Yes,Yes,No,No,No,No,Month-to-month,Yes,Bank transfer (automatic),94.95,2461.66,Yes
CUS-00868,Male,0,Yes,No,30,Yes,No,Fiber optic,No,No,No internet service,One year,No,Mailed check,68.55,2156.49,Yes
CUS-00869,Female,1,No,No,56,Yes,No phone service,Fiber optic,No internet service,No,Yes,Two year,Yes,Credit card (automatic),30.03,1656.02,No
CUS-00870,Male,0,No,No,65,Yes,No,DSL,No,No internet service,No internet service,Month-to-month,Yes,Credit card (automatic),55.52,3581.51,No
CUS-00871,Female,0,No,No,55,No,No,Fiber optic,No,No,No,Two year,No,Mailed check,62.5,3408.11,No
CUS-00872,Female,0,Yes,No,24,No,Yes,DSL,No internet service,No,No,Two year,Yes,Mailed check,53.4,1298.64,Yes
CUS-00873,Male,0,Yes,No,25,Yes,Yes,DSL,No,Yes,Yes,Month-to-month,Yes,Electronic check,44.52,1121.14,No
CUS-00874,Female,0,No,No,53,Yes,No,Fiber optic,No,No,No,Month-to-month,Yes,Credit card (automatic),50.9,2714.11,Yes
CUS-00875,Male,0,Yes,No,11,Yes,No,Fiber optic,No,Yes,No,Month-to-month,Yes,Electronic check,91.9,1039.34,Yes
CUS-00876,Female,1,Yes,No,60,Yes,No,No,No,No,Yes,One year,Yes,Credit card (automatic),113.3,7088.94,Yes
CUS-00877,Female,1,Yes,Yes,47,No,Yes,Fiber optic,No,No,No,Month-to-month,No,Electronic check,20.58,998.38,Yes
CUS-00878,Male,0,No,No,25,Yes,No phone service,Fiber optic,No,Yes,No,One year,Yes,Credit card (automatic),80.68,2061.57,No
CUS-00879,Male,0,No,Yes,25,Yes,No,No,No,Yes,No internet service,Two year,No,Mailed check,25.28,603.6,No
CUS-00880,Male,0,No,Yes,17,Yes,Yes,No,No,No,No,Month-to-month,Yes,Bank transfer (automatic),38.22,633.4,No
CUS-00881,Female,0,No,Yes,12,No,Yes,Fiber optic,No internet service,No internet service,No,Month-to-month,No,Electronic check,72.44,834.93,Yes
CUS-00882,Male,0,Yes,No,52,Yes,No,Fiber optic,No,No,No,Two year,No,Mailed check,97.39,5243.93,No
CUS-00883,Female,0,No,No,11,Yes,Yes,No,Yes,Yes,No,Month-to-month,Yes,Mailed check,61.56,687.46,No
CUS-00884,Female,0,Yes,No,10,No,Yes,Fiber optic,No,Yes,No internet service,Month-to-month,No,Electronic check,105.95,1010.08,Yes
CUS-00885,Male,0,No,Yes,60,Yes,Yes,Fiber optic,No internet service,No internet service,Yes,One year,Yes,Bank transfer (automatic),89.58,5494.79,No
CUS-00886,Male,1,Yes,Yes,54,Yes,No phone service,DSL,No,No,Yes,One year,No,Credit card (automatic),37.37,1985.1,No
CUS-00887,Female,0,Yes,No,63,Yes,No,Fiber optic,No,Yes,No,Month-to-month,No,Electronic check,86.62,5480.74,Yes
CUS-00888,Female,0,No,Yes,20,Yes,Yes,DSL,No internet service,No,No,One year,Yes,Mailed check,49.84,1004.75,No
CUS-00889,Male,0,Yes,No,5,Yes,No,DSL,No,Yes,No internet service,Month-to-month,Yes,Electronic check,94.67,457.37,Yes
CUS-00890,Male,0,No,No,41,Yes,No,No,No internet service,Yes,Yes,Two year,No,Credit card (automatic),41.06,1666.42,No
CUS-00891,Male,0,Yes,No,63,Yes,Yes,Fiber optic,Yes,Yes,No,Two year,Yes,Electronic check,32.45,2029.31,Yes
CUS-00892,Male,0,Yes,No,56,Yes,No,Fiber optic,No internet service,Yes,Yes,Month-to-month,Yes,Electronic check,81.77,4631.73,No
CUS-00893,Male,0,Yes,Yes,32,Yes,No,Fiber optic,Yes,No,No,Two year,Yes,Credit card (automatic),79.66,2648.45,No
CUS-00894,Female,0,No,No,27,Yes,No,DSL,No,No,No internet service,Two year,No,Mailed check,75.35,2057.89,No
CUS-00895,Female,0,Yes,No,68,Yes,No,DSL,No,No,No internet service,Month-to-month,Yes,Electronic check,42.32,2930.62,Yes
CUS-00896,Female,0,No,No,48,Yes,No,Fiber optic,No,No,No internet service,Month-to-month,Yes,Bank transfer (automatic),38.6,1883.3,Yes
CUS-00897,Female,0,Yes,Yes,7,No,Yes,DSL,No,No,No,One year,Yes,Bank transfer (automatic),109.24,732.9,No
CUS-00898,Male,1,Yes,No,46,Yes,Yes,Fiber optic,No,No,No,Month-to-month,Yes,Mailed check,71.27,3212.77,Yes
CUS-00899,Male,0,Yes,No,18,Yes,No,No,Yes,No,No,Month-to-month,No,Electronic check,58.65,1045.33,Yes
CUS-00900,Male,1,No,Yes,38,Yes,No phone service,DSL,No,Yes,No,Month-to-month,Yes,Mailed check,99.95,3776.99,No
CUS-00901,Female,0,No,No,65,Yes,No,DSL,No,No,No internet service,Month-to-month,Yes,Credit card (automatic),23.08,1551.51,No
CUS-00902,Female,1,Yes,Yes,17,Yes,Yes,No,No,No internet service,Yes,Month-to-month,No,Mailed check,85.6,1458.9,No
CUS-00903,Male,0,No,No,38,Yes,Yes,Fiber optic,Yes,No,No,Two year,No,Mailed check,32.74,1283.38,No
CUS-00904,Male,0,No,No,63,Yes,No,DSL,Yes,No,No,Two year,Yes,Bank transfer (automatic),40.61,2662.44,Yes
CUS-00905,Female,0,Yes,No,42,No,Yes,DSL,No,Yes,No,Month-to-month,Yes,Electronic check,81.95,3509.35,No
CUS-00906,Female,0,No,No,8,Yes,Yes,Fiber optic,No,No internet service,No,One year,Yes,Electronic check,45.97,353.54,No
CUS-00907,Male,0,Yes,No,30,Yes,No,Fiber optic,No internet service,No internet service,Yes,Two year,No,Electronic check,95.8,2788.05,No
CUS-00908,Male,0,No,No,64,Yes,No phone service,Fiber optic,Yes,No internet service,Yes,Two year,Yes,Bank transfer (automatic),69.86,4617.72,No
CUS-00909,Female,0,No,No,9,Yes,No,Fiber optic,No internet service,Yes,No internet service,Two year,Yes,Bank transfer (automatic),50.3,455.59,No
CUS-00910,Male,0,Yes,Yes,57,Yes,Yes,No,No internet service,No internet service,Yes,Month-to-month,Yes,Bank transfer (automatic),104.46,5963.69,Yes
CUS-00911,Male,0,Yes,No,59,Yes,Yes,Fiber optic,Yes,Yes,Yes,Month-to-month,No,Mailed check,80.88,4995.64,No
CUS-00912,Male,0,No,No,67,No,No,DSL,No,No,Yes,Two year,Yes,Electronic check,60.13,3975.49,No
CUS-00913,Female,0,No,No,5,Yes,No phone service,DSL,No,No,No internet service,Two year,Yes,Electronic check,63.34,302.16,Yes
CUS-00914,Female,0,No,No,4,Yes,No phone service,Fiber optic,No,No internet service,Yes,Two year,No,Credit card (automatic),44.86,175.05,No
CUS-00915,Female,0,Yes,No,8,Yes,No,DSL,No,No,No,One year,No,Electronic check,28.85,225.83,Yes
CUS-00916,Female,1,Yes,No,42,Yes,No,DSL,No,No internet service,No,One year,Yes,Bank transfer (automatic),48.26,2029.44,No
CUS-00917,Female,0,Yes,No,35,Yes,Yes,DSL,No,No internet service,No,Month-to-month,No,Electronic check,44.43,1478.41,Yes
CUS-00918,Female,0,Yes,No,13,Yes,Yes,Fiber optic,Yes,No,Yes,Month-to-month,Yes,Electronic check,51.57,703.14,Yes
CUS-00919,Female,1,No,No,5,No,Yes,Fiber optic,Yes,No internet service,No,Month-to-month,No,Electronic check,64.92,310.38,Yes
CUS-00920,Male,0,No,No,40,Yes,No phone service,DSL,No,Yes,No internet service,One year,Yes,Credit card (automatic),24.3,945.97,No
CUS-00921,Male,0,No,Yes,19,Yes,Yes,Fiber optic,Yes,No,No,Two year,No,Electronic check,28.6,552.77,No
CUS-00922,Male,0,Yes,Yes,4,Yes,Yes,Fiber optic,No internet service,Yes,Yes,Month-to-month,Yes,Electronic check,90.94,381.13,No
CUS-00923,Male,0,No,No,59,Yes,No phone service,No,No,No internet service,Yes,Month-to-month,No,Mailed check,36.34,2146.6,No
CUS-00924,Male,0,No,Yes,18,Yes,Yes,No,No,No internet service,Yes,Two year,No,Mailed check,51.9,919.42,Yes
CUS-00925,Male,0,No,No,24,Yes,Yes,No,No internet service,Yes,Yes,Month-to-month,No,Credit card (automatic),81.69,1894.39,No
CUS-00926,Male,0,No,No,31,Yes,No,No,Yes,No,No,Two year,No,Electronic check,115.69,3731.05,Yes
CUS-00927,Female,0,No,Yes,58,Yes,No,Fiber optic,Yes,No,Yes,One year,Yes,Bank transfer (automatic),31.3,1733.72,No
CUS-00928,Female,0,No,No,28,Yes,No,Fiber optic,No internet service,No,No internet service,Month-to-month,Yes,Bank transfer (automatic),93.74,2511.85,No
CUS-00929,Male,0,Yes,No,9,Yes,No phone service,DSL,No,No,No,Month-to-month,No,Mailed check,67.13,577.82,Yes
CUS-00930,Male,0,Yes,No,45,Yes,Yes,Fiber optic,Yes,Yes,No,One year,No,Electronic check,27.38,1227.97,Yes
CUS-00931,Female,0,No,Yes,49,Yes,No phone service,DSL,Yes,Yes,No,One year,Yes,Electronic check,34.9,1783.84,Yes
CUS-00932,Male,0,No,No,2,Yes,No,Fiber optic,No internet service,No,Yes,Month-to-month,Yes,Electronic check,87.42,175.82,Yes
CUS-00933,Male,0,Yes,No,6,Yes,Yes,DSL,No,Yes,No,Month-to-month,No,Mailed check,105.95,626.46,Yes
CUS-00934,Female,1,Yes,Yes,29,Yes,No,DSL,Yes,No,Yes,Month-to-month,Yes,Electronic check,19.21,542.52,Yes
CUS-00935,Male,1,No,No,26,Yes,Yes,DSL,No internet service,No,No,Two year,Yes,Credit card (automatic),40.28,1048.8,No
CUS-00936,Female,0,No,No,28,Yes,Yes,No,No,No internet service,No,Month-to-month,Yes,Mailed check,53.8,1497.59,No
CUS-00937,Male,0,Yes,Yes,7,Yes,No phone service,DSL,No internet service,No,Yes,One year,No,Mailed check,116.88,784.9,No
CUS-00938,Female,0,No,No,34,Yes,Yes,No,No,No,Yes,Two year,No,Bank transfer (automatic),83.22,2689.79,Yes
CUS-00939,Female,0,No,No,56,Yes,Yes,DSL,No,Yes,Yes,Month-to-month,Yes,Electronic check,54.08,3057.26,Yes
CUS-00940,Female,0,Yes,Yes,10,Yes,Yes,Fiber optic,Yes,Yes,No,Month-to-month,No,Mailed check,38.17,395.38,No
CUS-00941,Male,0,Yes,Yes,57,Yes,Yes,DSL,No,No internet service,No,Month-to-month,Yes,Electronic check,40.68,2344.0,No
CUS-00942,Female,0,No,Yes,47,Yes,No,DSL,Yes,No,No internet service,Month-to-month,No,Credit card (automatic),22.95,1059.92,No
CUS-00943,Male,0,No,Yes,27,Yes,No phone service,No,No,No,No,Month-to-month,Yes,Mailed check,117.47,3061.7,Yes
CUS-00944,Male,1,No,No,39,Yes,No,DSL,Yes,No internet service,Yes,Month-to-month,Yes,Electronic check,116.22,4640.93,Yes
CUS-00945,Male,0,No,Yes,22,Yes,No,DSL,No,Yes,No internet service,Month-to-month,Yes,Bank transfer (automatic),19.12,429.14,No
CUS-00946,Male,0,Yes,No,19,Yes,No,Fiber optic,No internet service,No,No internet service,Month-to-month,Yes,Electronic check,45.08,886.23,Yes
CUS-00947,Female,0,No,No,9,Yes,Yes,Fiber optic,Yes,Yes,Yes,Month-to-month,No,Bank transfer (automatic),20.04,189.07,No
CUS-00948,Female,0,Yes,No,19,Yes,Yes,No,No,No,Yes,Two year,No,Credit card (automatic),48.17,879.73,No
CUS-00949,Male,0,Yes,Yes,2,Yes,Yes,Fiber optic,No,Yes,No,Month-to-month,No,Credit card (automatic),108.13,211.17,Yes
CUS-00950,Male,0,Yes,No,61,Yes,No,Fiber optic,No,Yes,No internet service,Two year,Yes,Mailed check,105.48,6333.76,No
CUS-00951,Female,0,Yes,Yes,59,Yes,No,Fiber optic,No,No,No internet service,Month-to-month,Yes,Bank transfer (automatic),86.49,5122.15,Yes
CUS-00952,Male,0,No,No,70,Yes,No phone service,Fiber optic,No,No internet service,Yes,Month-to-month,Yes,Electronic check,116.71,7804.7,Yes
CUS-00953,Female,0,No,No,71,Yes,No,Fiber optic,No internet service,No internet service,No,One year,No,Electronic check,92.6,6427.17,Yes
CUS-00954,Male,0,No,No,70,Yes,No,DSL,No,No,No,Month-to-month,Yes,Credit card (automatic),42.14,3036.57,No
CUS-00955,Male,0,Yes,No,33,Yes,Yes,Fiber optic,No internet service,No,No,Two year,No,Bank transfer (automatic),101.49,3197.91,No
CUS-00956,Female,1,No,No,65,Yes,No,DSL,No,No,No,Two year,Yes,Credit card (automatic),68.79,4613.48,No
CUS-00957,Male,0,No,No,25,Yes,No phone service,Fiber optic,No,No,Yes,Month-to-month,Yes,Credit card (automatic),68.4,1656.07,Yes
CUS-00958,Female,0,No,No,70,Yes,No phone service,DSL,No,No,No,Month-to-month,No,Mailed check,101.29,6952.09,No
CUS-00959,Male,0,No,No,28,Yes,Yes,DSL,Yes,Yes,No,Two year,No,Electronic check,71.43,2043.66,No
CUS-00960,Male,0,Yes,No,18,No,No,Fiber optic,No,No internet service,No,Two year,Yes,Mailed check,50.73,937.3,Yes
CUS-00961,Male,0,Yes,No,63,Yes,No,DSL,No,No,No,Month-to-month,No,Bank transfer (automatic),110.87,6782.82,Yes
CUS-00962,Female,0,Yes,No,49,Yes,Yes,DSL,No,No internet service,Yes,One year,No,Electronic check,25.36,1230.88,Yes
CUS-00963,Male,0,No,No,66,Yes,No phone service,DSL,No,No internet service,No,One year,No,Mailed check,83.78,5386.76,Yes
CUS-00964,Male,0,No,No,40,No,Yes,DSL,Yes,No,Yes,Two year,No,Electronic check,96.54,3866.73,Yes
CUS-00965,Male,0,Yes,No,66,Yes,Yes,DSL,No,No,Yes,Two year,Yes,Mailed check,23.12,1549.18,No
CUS-00966,Male,0,Yes,Yes,4,Yes,No,Fiber optic,No internet service,No,No,Month-to-month,Yes,Electronic check,41.44,161.95,No
CUS-00967,Female,0,Yes,Yes,34,Yes,Yes,Fiber optic,No,Yes,No,Two year,No,Mailed check,40.32,1365.69,No
CUS-00968,Female,0,No,No,5,Yes,No phone service,Fiber optic,Yes,No,No,Two year,Yes,Electronic check,106.93,536.56,Yes
CUS-00969,Male,0,Yes,No,22,Yes,No,Fiber optic,No,No internet service,No internet service,Month-to-month,No,Mailed check,83.03,1811.86,Yes
CUS-00970,Female,0,Yes,No,20,Yes,Yes,Fiber optic,No internet service,No internet service,No,One year,No,Credit card (automatic),39.69,794.9,Yes
CUS-00971,Male,0,Yes,No,47,Yes,No,DSL,No internet service,No,No,Month-to-month,Yes,Mailed check,108.98,4939.71,Yes
CUS-00972,Male,0,No,No,34,Yes,Yes,No,No internet service,No,No,Month-to-month,Yes,Bank transfer (automatic),42.37,1374.38,Yes
CUS-00973,Male,0,No,No,44,Yes,No,No,No,Yes,No,One year,Yes,Bank transfer (automatic),84.2,3542.96,No
CUS-00974,Female,0,No,Yes,6,Yes,No,DSL,No,No,No,Month-to-month,Yes,Credit card (automatic),63.24,397.38,No
CUS-00975,Female,0,Yes,No,56,Yes,No,Fiber optic,No internet service,No internet service,No,Two year,Yes,Electronic check,27.76,1488.33,No
CUS-00976,Female,0,Yes,Yes,29,Yes,No phone service,DSL,No,No,Yes,Month-to-month,No,Electronic check,93.32,2675.44,No
CUS-00977,Female,1,Yes,No,53,Yes,No,DSL,Yes,No,No,One year,No,Credit card (automatic),50.77,2769.28,Yes
CUS-00978,Female,0,Yes,Yes,1,Yes,No,DSL,No,No,No,Month-to-month,No,Mailed check,54.0,55.89,Yes
CUS-00979,Female,0,Yes,No,59,Yes,No phone service,No,No internet service,No,Yes,One year,Yes,Electronic check,39.46,2274.24,Yes
CUS-00980,Female,0,Yes,No,48,Yes,No,Fiber optic,No,No,No,Month-to-month,No,Credit card (automatic),98.43,4790.78,Yes
CUS-00981,Female,0,No,Yes,7,Yes,No,Fiber optic,No internet service,No,Yes,Two year,No,Electronic check,34.0,243.33,No
CUS-00982,Female,0,Yes,No,32,No,Yes,Fiber optic,Yes,No,No,Two year,Yes,Mailed check,39.82,1327.24,No
CUS-00983,Male,1,Yes,No,61,Yes,No,Fiber optic,No,No internet service,Yes,Month-to-month,No,Bank transfer (automatic),58.67,3718.13,Yes
CUS-00984,Female,0,No,Yes,57,Yes,No phone service,DSL,Yes,No,Yes,Month-to-month,Yes,Bank transfer (automatic),32.88,1862.0,No
CUS-00985,Female,0,No,No,51,Yes,No,No,Yes,No internet service,Yes,Month-to-month,No,Electronic check,29.28,1499.45,Yes
CUS-00986,Female,0,No,No,19,No,Yes,Fiber optic,No,No internet service,No,One year,Yes,Electronic check,70.17,1373.35,No
CUS-00987,Female,0,No,No,27,No,No,Fiber optic,No,No,No internet service,Month-to-month,No,Credit card (automatic),113.36,3090.94,No
CUS-00988,Female,0,Yes,Yes,63,Yes,No,Fiber optic,No,Yes,No,Month-to-month,Yes,Mailed check,98.18,6096.3,Yes
CUS-00989,Female,0,No,Yes,60,Yes,Yes,No,No internet service,Yes,No internet service,One year,Yes,Bank transfer (automatic),35.71,2239.1,No
CUS-00990,Female,0,No,No,61,Yes,No,Fiber optic,Yes,No,No internet service,Month-to-month,Yes,Mailed check,76.76,4915.41,No
CUS-00991,Female,0,Yes,Yes,61,Yes,No,DSL,Yes,No internet service,Yes,Month-to-month,No,Bank transfer (automatic),97.36,6196.14,Yes
CUS-00992,Female,0,Yes,Yes,45,Yes,No,Fiber optic,No,No internet service,Yes,Two year,No,Electronic check,32.49,1439.49,Yes
CUS-00993,Female,0,No,No,21,Yes,Yes,DSL,No internet service,Yes,Yes,Month-to-month,Yes,Electronic check,26.19,535.82,Yes
CUS-00994,Female,0,Yes,No,44,Yes,No,No,No internet service,No,Yes,Month-to-month,Yes,Credit card (automatic),107.11,4709.6,No
CUS-00995,Male,0,Yes,No,1,Yes,Yes,Fiber optic,No,No internet service,No,Two year,Yes,Electronic check,42.5,43.71,Yes
CUS-00996,Male,0,Yes,No,44,No,No,DSL,No,Yes,Yes,Two year,No,Credit card (automatic),67.79,2914.2,No
CUS-00997,Female,0,Yes,No,62,Yes,Yes,Fiber optic,Yes,No internet service,No,One year,No,Credit card (automatic),38.87,2387.43,No
CUS-00998,Female,0,Yes,No,61,Yes,No,DSL,Yes,No,No,Month-to-month,Yes,Bank transfer (automatic),22.77,1340.55,No
CUS-00999,Male,0,Yes,Yes,50,Yes,Yes,Fiber optic,No,No internet service,No,Two year,Yes,Bank transfer (automatic),69.32,3535.87,No
CUS-01000,Female,0,Yes,No,41,Yes,No,DSL,No internet service,No,No,One year,Yes,Electronic check,61.51,2581.78,No
CUS-01001,Male,0,Yes,No,33,Yes,No,DSL,No,No,No internet service,Month-to-month,Yes,Bank transfer (automatic),90.65,2990.13,Yes
CUS-01002,Male,0,No,No,12,Yes,No phone service,DSL,No,No,No,Month-to-month,No,Bank transfer (automatic),103.74,1274.43,No
CUS-01003,Male,0,Yes,No,2,Yes,Yes,DSL,No,No internet service,No internet service,Month-to-month,Yes,Bank transfer (automatic),32.16,65.25,Yes
CUS-01004,Male,0,No,No,21,Yes,Yes,Fiber optic,No,No,No,Month-to-month,Yes,Electronic check,35.16,770.07,Yes
CUS-01005,Male,0,No,Yes,14,Yes,No,No,No internet service,No,No,Two year,No,Mailed check,113.03,1596.12,No
CUS-01006,Female,0,No,Yes,34,Yes,Yes,DSL,No,No,Yes,Month-to-month,No,Mailed check,59.79,2003.76,Yes
CUS-01007,Male,0,No,No,64,No,Yes,DSL,Yes,No internet service,Yes,Month-to-month,No,Bank transfer (automatic),113.27,7415.76,No
CUS-01008,Female,0,Yes,No,23,Yes,No,No,No internet service,Yes,Yes,Month-to-month,Yes,Credit card (automatic),51.84,1139.47,Yes
CUS-01009,Female,0,Yes,Yes,50,No,No,No,No,No,Yes,Month-to-month,Yes,Bank transfer (automatic),52.77,2632.25,Yes
CUS-01010,Male,0,No,No,14,Yes,Yes,Fiber optic,No,Yes,Yes,Month-to-month,No,Electronic check,88.7,1299.66,No
CUS-01011,Male,0,Yes,No,46,Yes,No,DSL,No internet service,No,No,Two year,No,Electronic check,27.7,1300.35,No
CUS-01012,Female,0,No,No,5,Yes,No,Fiber optic,No,No,No,Month-to-month,No,Electronic check,59.3,311.28,Yes
CUS-01013,Male,0,No,No,66,Yes,Yes,DSL,No,Yes,Yes,Two year,Yes,Electronic check,56.05,3659.66,No
CUS-01014,Male,0,Yes,Yes,22,Yes,No,No,No,No internet service,Yes,Two year,No,Mailed check,21.53,468.59,No
CUS-01015,Female,0,No,No,70,Yes,Yes,No,No,No,No,One year,Yes,Electronic check,49.26,3296.33,No
CUS-01016,Female,0,No,No,2,Yes,Yes,Fiber optic,No internet service,No,No,Month-to-month,Yes,Electronic check,57.85,114.09,No
CUS-01017,Male,0,Yes,Yes,29,Yes,Yes,DSL,No,No,No internet service,Month-to-month,Yes,Electronic check,23.8,665.44,No
CUS-01018,Female,0,Yes,No,61,Yes,Yes,DSL,No,No,No,Month-to-month,No,Mailed check,20.01,1207.85,No
CUS-01019,Male,0,No,No,71,Yes,No,No,No internet service,Yes,Yes,Month-to-month,Yes,Credit card (automatic),77.99,5261.47,No
CUS-01020,Male,0,No,Yes,16,Yes,Yes,Fiber optic,Yes,No internet service,Yes,Month-to-month,No,Credit card (automatic),38.58,613.47,No
CUS-01021,Male,0,Yes,No,64,Yes,No,DSL,No,No,Yes,Month-to-month,Yes,Electronic check,54.26,3625.14,No
CUS-01022,Female,0,Yes,Yes,14,Yes,No,DSL,No,No,Yes,Month-to-month,Yes,Credit card (automatic),26.01,373.69,Yes
CUS-01023,Female,0,No,No,43,Yes,No,Fiber optic,No internet service,Yes,No,Month-to-month,No,Mailed check,28.09,1176.61,No
CUS-01024,Female,0,No,No,43,Yes,No phone service,No,No,No,Yes,Month-to-month,Yes,Bank transfer (automatic),33.44,1404.86,No
CUS-01025,Female,0,No,No,70,No,No,Fiber optic,No,No internet service,Yes,Month-to-month,No,Mailed check,20.98,1440.58,Yes
CUS-01026,Female,1,No,No,55,Yes,Yes,DSL,Yes,No,No,Month-to-month,Yes,Credit card (automatic),94.24,4972.08,Yes
CUS-01027,Male,0,Yes,No,31,Yes,No,Fiber optic,No internet service,Yes,Yes,Two year,Yes,Mailed check,108.62,3532.87,No
CUS-01028,Male,0,Yes,No,40,Yes,No,DSL,No,Yes,No internet service,Month-to-month,No,Electronic check,70.21,2855.54,No
CUS-01029,Male,0,No,No,27,Yes,Yes,No,No,No internet service,No internet service,Two year,No,Bank transfer (automatic),99.64,2754.43,Yes
CUS-01030,Male,0,No,No,52,Yes,No,DSL,Yes,Yes,No,Month-to-month,Yes,Mailed check,31.56,1673.08,No
CUS-01031,Female,0,Yes,No,7,Yes,No phone service,Fiber optic,No,No internet service,Yes,One year,Yes,Electronic check,62.93,438.97,Yes
CUS-01032,Male,0,Yes,No,46,Yes,Yes,DSL,Yes,Yes,Yes,Month-to-month,Yes,Mailed check,32.3,1532.8,No
CUS-01033,Female,0,No,Yes,33,Yes,No,DSL,No internet service,No,Yes,Two year,No,Bank transfer (automatic),117.53,3776.77,No
CUS-01034,Male,0,Yes,Yes,8,Yes,Yes,Fiber optic,No internet service,No,Yes,Month-to-month,No,Electronic check,23.81,188.35,Yes
CUS-01035,Female,1,No,No,5,Yes,Yes,No,Yes,Yes,Yes,Two year,Yes,Credit card (automatic),62.4,306.57,No
CUS-01036,Female,0,Yes,No,61,Yes,No,DSL,No,No,Yes,Month-to-month,Yes,Credit card (automatic),29.22,1863.1,Yes
CUS-01037,Male,0,Yes,No,60,Yes,No,Fiber optic,No,No,No,Two year,No,Mailed check,24.87,1423.41,No
CUS-01038,Male,0,Yes,Yes,24,Yes,Yes,Fiber optic,No internet service,No,Yes,Month-to-month,Yes,Electronic check,91.5,2102.75,Yes
CUS-01039,Male,0,No,No,7,Yes,No,No,No,No,No,Month-to-month,Yes,Bank transfer (automatic),26.01,190.37,Yes
CUS-01040,Male,0,No,Yes,61,Yes,No,Fiber optic,No internet service,No internet service,No,Month-to-month,Yes,Mailed check,20.4,1267.75,No
CUS-01041,Female,0,No,No,36,Yes,No,DSL,No,No,No internet service,One year,No,Bank transfer (automatic),112.96,4121.82,No
CUS-01042,Male,0,No,No,27,Yes,Yes,Fiber optic,Yes,Yes,No internet service,Month-to-month,No,Electronic check,36.48,1016.41,No
CUS-01043,Male,0,Yes,Yes,29,Yes,No,No,No,No,Yes,One year,Yes,Bank transfer (automatic),102.44,3094.6,Yes
CUS-01044,Female,0,Yes,No,20,Yes,No phone service,No,No,Yes,No,Two year,Yes,Mailed check,113.3,2355.77,No
CUS-01045,Male,0,No,No,70,Yes,No,Fiber optic,No,Yes,No,Month-to-month,Yes,Mailed check,93.2,6778.31,Yes
CUS-01046,Male,1,No,Yes,3,Yes,No,No,Yes,No,No internet service,Month-to-month,Yes,Electronic check,28.38,88.02,Yes
CUS-01047,Male,0,No,No,39,Yes,No,DSL,No internet service,No,No,Two year,Yes,Mailed check,35.05,1315.06,No
CUS-01048,Male,0,No,No,45,Yes,Yes,Fiber optic,No,No,Yes,Month-to-month,Yes,Mailed check,35.91,1637.82,Yes
CUS-01049,Male,0,Yes,Yes,68,Yes,No,Fiber optic,Yes,No,Yes,Two year,Yes,Credit card (automatic),83.39,5665.47,No
CUS-01050,Female,0,Yes,No,31,Yes,Yes,DSL,No internet service,Yes,No,Month-to-month,No,Mailed check,35.96,1146.03,No
CUS-01051,Male,1,No,Yes,38,No,Yes,No,Yes,No,No internet service,Month-to-month,Yes,Bank transfer (automatic),21.0,834.32,Yes
CUS-01052,Male,0,Yes,No,6,Yes,Yes,Fiber optic,Yes,No,No internet service,Month-to-month,No,Mailed check,63.86,377.97,Yes
CUS-01053,Male,0,Yes,No,8,Yes,No,Fiber optic,No,Yes,Yes,Two year,Yes,Electronic check,76.91,630.96,No
CUS-01054,Male,0,No,No,28,Yes,Yes,DSL,No internet service,No internet service,No internet service,Two year,No,Electronic check,64.04,1741.5,No
CUS-01055,Male,1,Yes,Yes,15,Yes,Yes,DSL,No,No,No,Month-to-month,No,Bank transfer (automatic),66.91,995.77,No
CUS-01056,Female,0,No,Yes,8,Yes,Yes,Fiber optic,No,No,No,Month-to-month,Yes,Mailed check,63.68,520.81,Yes
CUS-01057,Male,0,Yes,No,54,Yes,Yes,Fiber optic,Yes,No internet service,Yes,Two year,No,Credit card (automatic),44.54,2305.85,No
CUS-01058,Female,0,No,No,6,Yes,No,DSL,No,No,No,One year,No,Credit card (automatic),113.59,706.21,No
CUS-01059,Female,0,No,No,29,No,No,No,No,Yes,No,Month-to-month,No,Electronic check,101.81,3075.63,No
CUS-01060,Male,0,No,Yes,34,Yes,Yes,DSL,No internet service,Yes,Yes,Month-to-month,Yes,Electronic check,50.29,1773.47,Yes
CUS-01061,Male,1,Yes,No,7,Yes,Yes,No,No,Yes,No,Two year,Yes,Mailed check,21.97,146.11,No
CUS-01062,Male,0,Yes,No,40,Yes,No,DSL,Yes,No,Yes,One year,No,Electronic check,103.8,4278.0,No
CUS-01063,Male,0,Yes,No,13,Yes,No,Fiber optic,No,No,No,Month-to-month,Yes,Bank transfer (automatic),92.22,1246.45,No
CUS-01064,Female,0,Yes,No,62,Yes,No,Fiber optic,Yes,Yes,No,Month-to-month,No,Electronic check,26.12,1697.79,Yes
CUS-01065,Male,0,No,No,65,Yes,Yes,Fiber optic,No internet service,No,Yes,One year,No,Credit card (automatic),87.8,5440.79,No
CUS-01066,Male,0,Yes,Yes,41,Yes,No,No,Yes,No,Yes,Month-to-month,Yes,Mailed check,63.26,2610.21,No
CUS-01067,Male,1,Yes,No,42,Yes,No,No,Yes,No,No,One year,Yes,Electronic check,31.04,1353.47,No
CUS-01068,Male,0,Yes,Yes,66,Yes,No,DSL,No,No,No internet service,One year,Yes,Mailed check,90.47,6108.98,No
CUS-01069,Male,0,No,No,11,No,Yes,Fiber optic,Yes,No,No,One year,Yes,Bank transfer (automatic),53.57,610.15,No
CUS-01070,Male,0,Yes,No,50,No,Yes,Fiber optic,No,No,Yes,Month-to-month,Yes,Bank transfer (automatic),109.04,5560.16,Yes
CUS-01071,Female,0,No,No,71,Yes,No,No,No,No,Yes,One year,No,Electronic check,22.29,1507.29,No
CUS-01072,Female,0,No,No,35,Yes,Yes,No,No,No internet service,No,One year,Yes,Credit card (automatic),111.73,4058.45,No
CUS-01073,Male,0,No,No,20,Yes,Yes,Fiber optic,No,Yes,No,Month-to-month,Yes,Mailed check,26.8,542.31,Yes
CUS-01074,Male,0,No,No,28,Yes,No,Fiber optic,No internet service,Yes,Yes,Month-to-month,Yes,Credit card (automatic),21.62,590.07,No
CUS-01075,Male,0,Yes,Yes,37,Yes,No,DSL,No,No,No,Month-to-month,No,Electronic check,76.18,2869.35,Yes
CUS-01076,Female,0,No,No,3,Yes,No,Fiber optic,No internet service,Yes,Yes,Month-to-month,Yes,Bank transfer (automatic),79.06,237.52,No
CUS-01077,Male,0,No,No,59,Yes,No,No,Yes,No,No,Two year,No,Mailed check,37.76,2276.27,No
CUS-01078,Female,0,No,No,27,Yes,No,No,No,No,Yes,Month-to-month,Yes,Bank transfer (automatic),105.6,2843.45,No
CUS-01079,Male,1,No,Yes,32,Yes,No,Fiber optic,No,Yes,No,Two year,No,Mailed check,98.2,3017.48,Yes
CUS-01080,Male,0,Yes,Yes,48,Yes,No phone service,Fiber optic,No,No,No internet service,One year,No,Mailed check,46.26,2311.99,Yes
CUS-01081,Male,0,Yes,No,46,Yes,No,Fiber optic,No,Yes,Yes,Month-to-month,Yes,Credit card (automatic),62.31,2918.68,No
CUS-01082,Male,0,No,No,47,Yes,No,Fiber optic,No internet service,No,No,Month-to-month,Yes,Mailed check,96.33,4624.36,No
CUS-01083,Female,0,No,Yes,40,Yes,Yes,Fiber optic,No,No,Yes,Month-to-month,Yes,Electronic check,101.34,4162.06,Yes
CUS-01084,Female,0,Yes,Yes,3,Yes,No,Fiber optic,No,No internet service,No internet service,Month-to-month,Yes,Bank transfer (automatic),97.63,293.25,Yes
CUS-01085,Male,0,Yes,Yes,29,No,Yes,DSL,No,No,Yes,Month-to-month,Yes,Mailed check,44.79,1326.69,No
CUS-01086,Male,0,Yes,No,58,Yes,No,DSL,Yes,No,No internet service,One year,Yes,Mailed check,94.53,5324.65,Yes
CUS-01087,Female,0,No,No,50,Yes,Yes,Fiber optic,No,No internet service,Yes,One year,Yes,Bank transfer (automatic),81.26,4050.31,Yes
CUS-01088,Female,0,No,No,10,Yes,No,No,Yes,Yes,Yes,Month-to-month,Yes,Mailed check,70.62,719.73,No
CUS-01089,Female,0,No,Yes,61,Yes,Yes,Fiber optic,Yes,No,No,Month-to-month,Yes,Bank transfer (automatic),114.36,7188.68,No
CUS-01090,Female,1,Yes,No,61,Yes,No,Fiber optic,Yes,No,No,Month-to-month,Yes,Credit card (automatic),77.8,4967.93,No
CUS-01091,Male,0,Yes,Yes,23,Yes,Yes,No,No internet service,No,No,Month-to-month,No,Electronic check,104.87,2499.03,No
CUS-01092,Female,0,Yes,No,6,No,Yes,Fiber optic,Yes,Yes,Yes,Month-to-month,No,Electronic check,93.23,533.73,Yes
CUS-01093,Male,0,Yes,No,60,Yes,No,DSL,No,No,No,Month-to-month,Yes,Credit card (automatic),22.51,1306.94,Yes
CUS-01094,Female,0,No,No,27,Yes,Yes,No,Yes,No,No,Month-to-month,No,Credit card (automatic),44.69,1228.28,Yes
CUS-01095,Female,0,Yes,No,55,Yes,Yes,No,No,No,No,One year,Yes,Electronic check,78.92,4159.2,No
CUS-01096,Female,0,No,No,31,Yes,No,Fiber optic,No,No,No,Month-to-month,Yes,Electronic check,61.83,2011.67,Yes
CUS-01097,Female,1,No,No,30,Yes,No phone service,DSL,No,No,Yes,Two year,No,Credit card (automatic),113.55,3396.68,Yes
CUS-01098,Female,1,No,No,67,Yes,Yes,No,No,No,No internet service,Month-to-month,No,Mailed check,76.36,5211.51,No
CUS-01099,Male,0,Yes,Yes,13,Yes,Yes,Fiber optic,No internet service,Yes,No internet service,Two year,Yes,Credit card (automatic),110.91,1376.63,No
CUS-01100,Male,0,Yes,No,59,Yes,No,DSL,No,Yes,Yes,Two year,Yes,Credit card (automatic),38.59,2260.97,Yes
CUS-01101,Female,1,Yes,Yes,54,Yes,Yes,DSL,Yes,No internet service,No,Month-to-month,Yes,Electronic check,107.78,5668.56,Yes
CUS-01102,Female,0,No,No,21,Yes,Yes,No,No internet service,No,No,Month-to-month,No,Credit card (automatic),71.71,1446.4,Yes
CUS-01103,Male,1,No,Yes,43,Yes,No,DSL,No internet service,No,No,Two year,Yes,Bank transfer (automatic),39.41,1723.88,No
CUS-01104,Female,0,Yes,Yes,11,Yes,Yes,DSL,No,No internet service,Yes,Month-to-month,Yes,Credit card (automatic),57.02,657.13,No
CUS-01105,Female,0,Yes,No,67,Yes,No,Fiber optic,No,No,No,One year,Yes,Bank transfer (automatic),114.88,7546.95,No
CUS-01106,Male,0,No,No,38,Yes,No,DSL,Yes,No,No internet service,Two year,Yes,Electronic check,113.95,4515.68,No
CUS-01107,Female,0,No,No,24,Yes,No phone service,DSL,No,No,Yes,Two year,Yes,Bank transfer (automatic),20.2,460.71,No
CUS-01108,Female,0,No,Yes,51,Yes,No phone service,Fiber optic,No,Yes,No internet service,Month-to-month,Yes,Mailed check,48.74,2526.23,Yes
CUS-01109,Male,0,Yes,Yes,61,Yes,No,DSL,No internet service,No internet service,No internet service,Two year,Yes,Credit card (automatic),107.93,6603.93,Yes
CUS-01110,Male,0,Yes,No,46,Yes,No,No,Yes,No,No,Two year,No,Mailed check,21.25,964.7,No
CUS-01111,Male,0,Yes,No,43,Yes,No,Fiber optic,No,Yes,Yes,Month-to-month,No,Electronic check,113.69,4848.35,Yes
CUS-01112,Female,0,Yes,No,27,Yes,Yes,DSL,No,Yes,Yes,One year,No,Bank transfer (automatic),56.8,1549.05,No
CUS-01113,Male,0,No,No,30,Yes,Yes,DSL,No,No internet service,No,Month-to-month,No,Electronic check,29.48,889.53,Yes
CUS-01114,Male,0,Yes,No,63,Yes,No phone service,DSL,No,Yes,No,Month-to-month,No,Credit card (automatic),48.11,3033.41,No
CUS-01115,Male,0,Yes,No,10,Yes,No,DSL,No internet service,Yes,No,One year,Yes,Mailed check,98.82,1035.93,No
CUS-01116,Male,0,No,No,3,No,Yes,Fiber optic,No,No,No internet service,One year,Yes,Credit card (automatic),117.84,363.02,Yes
CUS-01117,Male,1,Yes,No,60,Yes,No,DSL,No internet service,No internet service,No internet service,Month-to-month,Yes,Electronic check,31.38,1822.27,No
CUS-01118,Male,1,No,Yes,27,Yes,No,Fiber optic,Yes,No,No internet service,One year,Yes,Mailed check,81.76,2299.66,No
CUS-01119,Female,0,Yes,Yes,45,Yes,Yes,No,Yes,No internet service,No internet service,Two year,Yes,Electronic check,110.53,4970.08,Yes
CUS-01120,Female,0,No,No,62,Yes,Yes,Fiber optic,No internet service,No internet service,No,Month-to-month,No,Bank transfer (automatic),107.97,6368.84,Yes
CUS-01121,Male,0,Yes,Yes,24,Yes,Yes,Fiber optic,Yes,No internet service,Yes,One year,Yes,Mailed check,56.34,1390.83,Yes
CUS-01122,Male,1,No,Yes,46,Yes,No phone service,No,No,No,Yes,One year,Yes,Mailed check,104.58,4739.88,Yes
CUS-01123,Male,0,Yes,No,44,Yes,No phone service,No,No,No,Yes,Month-to-month,Yes,Mailed check,37.16,1716.61,Yes
CUS-01124,Female,0,Yes,No,63,No,Yes,No,No,Yes,No,Month-to-month,Yes,Electronic check,81.21,5138.66,No
CUS-01125,Female,0,No,No,4,Yes,No,Fiber optic,No,Yes,Yes,Month-to-month,Yes,Electronic check,77.8,304.05,No
CUS-01126,Female,0,Yes,No,16,Yes,No,No,No,No,Yes,Two year,Yes,Credit card (automatic),96.29,1579.46,No
CUS-01127,Female,0,Yes,No,51,Yes,No,No,No internet service,Yes,No internet service,Month-to-month,No,Bank transfer (automatic),40.9,2039.62,Yes
CUS-01128,Female,0,No,No,48,Yes,Yes,Fiber optic,Yes,No,No internet service,Month-to-month,Yes,Bank transfer (automatic),80.89,3698.18,Yes
CUS-01129,Female,1,No,Yes,65,Yes,No,Fiber optic,No,Yes,Yes,One year,Yes,Electronic check,79.04,4930.26,Yes
CUS-01130,Female,1,Yes,No,69,Yes,Yes,DSL,No,Yes,Yes,Two year,No,Electronic check,26.42,1851.64,No
CUS-01131,Female,0,Yes,No,45,No,Yes,Fiber optic,No,No internet service,No,Month-to-month,Yes,Electronic check,51.06,2232.01,Yes
CUS-01132,Female,0,Yes,No,3,Yes,Yes,DSL,Yes,No,Yes,Month-to-month,Yes,Mailed check,38.74,113.17,Yes
CUS-01133,Male,0,Yes,No,17,No,Yes,DSL,No,No,No internet service,Month-to-month,Yes,Mailed check,117.96,1934.92,No
CUS-01134,Male,0,No,No,37,Yes,No phone service,DSL,Yes,No,No,Month-to-month,No,Electronic check,117.06,4225.71,Yes
CUS-01135,Male,0,No,No,5,Yes,No phone service,Fiber optic,No,No,Yes,Month-to-month,No,Mailed check,43.24,221.82,Yes
CUS-01136,Male,0,Yes,No,47,Yes,No,Fiber optic,No,No,No,Month-to-month,Yes,Mailed check,98.85,4652.34,Yes
CUS-01137,Female,0,No,No,44,Yes,Yes,Fiber optic,Yes,No,Yes,Month-to-month,No,Bank transfer (automatic),99.65,4260.08,Yes
CUS-01138,Female,0,No,No,33,Yes,No,DSL,No,No,No internet service,Two year,No,Credit card (automatic),111.59,3589.51,No
CUS-01139,Male,0,No,No,21,Yes,No,No,No,Yes,No,Two year,No,Bank transfer (automatic),30.92,641.41,No
CUS-01140,Female,0,Yes,No,67,Yes,Yes,Fiber optic,Yes,Yes,No internet service,One year,No,Electronic check,84.76,5960.79,Yes
CUS-01141,Male,0,Yes,No,68,Yes,Yes,Fiber optic,No,No,Yes,Month-to-month,Yes,Bank transfer (automatic),38.59,2538.55,No
CUS-01142,Female,1,No,Yes,32,No,No,DSL,No internet service,No,Yes,One year,No,Electronic check,83.77,2761.83,No
CUS-01143,Male,1,Yes,Yes,24,Yes,Yes,No,No internet service,No internet service,No,Month-to-month,Yes,Mailed check,105.22,2617.62,Yes
CUS-01144,Female,1,Yes,No,35,Yes,No,Fiber optic,No,No internet service,No internet service,Month-to-month,Yes,Mailed check,26.12,955.82,Yes
CUS-01145,Female,0,Yes,No,18,Yes,No,No,Yes,No,No,One year,Yes,Electronic check,81.7,1486.01,No
CUS-01146,Male,0,Yes,Yes,67,Yes,Yes,DSL,Yes,No,No internet service,Month-to-month,Yes,Mailed check,71.76,4615.65,No
CUS-01147,Female,0,No,No,54,Yes,No,Fiber optic,No internet service,No internet service,Yes,Two year,No,Mailed check,35.56,1828.68,No
CUS-01148,Male,1,No,No,26,Yes,Yes,DSL,No,No internet service,Yes,One year,No,Credit card (automatic),41.76,1079.56,No
CUS-01149,Male,0,Yes,No,60,Yes,Yes,DSL,No,Yes,Yes,Two year,Yes,Electronic check,70.05,4140.26,No
CUS-01150,Male,0,Yes,Yes,65,Yes,Yes,Fiber optic,No,Yes,No,Month-to-month,Yes,Electronic check,104.05,7008.25,Yes
CUS-01151,Male,0,No,No,51,Yes,No,No,No internet service,Yes,No internet service,Two year,Yes,Credit card (automatic),85.52,4403.85,Yes
CUS-01152,Female,0,Yes,No,60,Yes,Yes,Fiber optic,No,No,No,Two year,Yes,Electronic check,20.74,1287.11,No
CUS-01153,Female,0,No,No,59,Yes,No,DSL,No,No,Yes,One year,No,Electronic check,30.62,1819.31,No
CUS-01154,Female,0,No,Yes,17,Yes,Yes,Fiber optic,No,No,No,One year,Yes,Mailed check,106.27,1757.34,No
CUS-01155,Male,0,Yes,No,21,Yes,Yes,DSL,No,No,Yes,Two year,Yes,Credit card (automatic),83.26,1695.93,No
CUS-01156,Female,0,No,Yes,67,Yes,Yes,Fiber optic,No,No internet service,No,Month-to-month,No,Mailed check,19.81,1313.37,No
CUS-01157,Male,1,No,No,28,Yes,No,Fiber optic,No,No,Yes,Two year,Yes,Mailed check,77.61,2070.79,Yes
CUS-01158,Female,0,Yes,Yes,44,Yes,No,Fiber optic,No,Yes,No internet service,Month-to-month,Yes,Electronic check,34.86,1533.43,No
CUS-01159,Female,0,Yes,No,70,Yes,No,Fiber optic,No,No internet service,No internet service,Month-to-month,Yes,Bank transfer (automatic),109.99,7524.22,Yes
CUS-01160,Female,0,No,Yes,62,Yes,Yes,DSL,No,No,No,One year,No,Mailed check,30.24,1789.7,No
CUS-01161,Male,1,Yes,Yes,42,Yes,Yes,DSL,Yes,No internet service,Yes,Month-to-month,Yes,Bank transfer (automatic),25.7,1076.66,No
CUS-01162,Female,0,No,No,22,Yes,No,No,No internet service,Yes,Yes,Two year,No,Mailed check,82.48,1840.15,No
CUS-01163,Female,1,No,No,38,Yes,Yes,No,No internet service,No internet service,Yes,Month-to-month,Yes,Mailed check,97.27,3548.68,No
CUS-01164,Male,0,Yes,No,14,Yes,Yes,DSL,No,No,No,Month-to-month,Yes,Bank transfer (automatic),45.38,642.22,No
CUS-01165,Female,1,Yes,No,26,No,Yes,Fiber optic,Yes,Yes,Yes,Month-to-month,Yes,Electronic check,48.13,1306.81,Yes
CUS-01166,Male,1,No,No,40,Yes,No,DSL,Yes,No,No internet service,Two year,No,Electronic check,53.68,2120.69,Yes
CUS-01167,Female,0,Yes,Yes,54,Yes,No,Fiber optic,No internet service,No internet service,No internet service,Month-to-month,Yes,Bank transfer (automatic),94.58,5353.35,Yes
CUS-01168,Male,0,No,No,13,Yes,Yes,No,No internet service,No,Yes,One year,Yes,Credit card (automatic),44.2,590.8,No
CUS-01169,Male,0,No,No,19,Yes,No,Fiber optic,Yes,Yes,No,Two year,No,Credit card (automatic),26.82,484.59,No
CUS-01170,Female,0,No,No,42,Yes,No,No,No,No,No,Month-to-month,Yes,Mailed check,48.92,2146.11,Yes
CUS-01171,Male,0,Yes,Yes,41,Yes,Yes,Fiber optic,No,No internet service,No,Month-to-month,Yes,Electronic check,114.6,4703.3,No
CUS-01172,Male,0,No,No,50,Yes,Yes,Fiber optic,No,Yes,Yes,Month-to-month,Yes,Credit card (automatic),61.45,3103.4,Yes
CUS-01173,Male,0,No,Yes,3,Yes,No,DSL,No,Yes,Yes,Month-to-month,Yes,Mailed check,74.0,224.42,No
CUS-01174,Male,0,No,No,31,Yes,No,Fiber optic,No,Yes,No,Month-to-month,No,Electronic check,94.23,2889.33,Yes
CUS-01175,Male,0,Yes,Yes,15,Yes,Yes,No,Yes,Yes,Yes,Month-to-month,Yes,Credit card (automatic),73.85,1101.56,No
CUS-01176,Male,0,No,Yes,54,Yes,No,Fiber optic,Yes,Yes,No,Two year,Yes,Electronic check,83.68,4527.19,No
CUS-01177,Female,0,No,No,53,Yes,No,DSL,Yes,No,No internet service,Two year,No,Bank transfer (automatic),106.03,5881.24,Yes
CUS-01178,Male,0,Yes,No,45,No,No,No,No internet service,No,No,One year,Yes,Electronic check,55.3,2418.44,No
CUS-01179,Male,0,No,No,38,Yes,Yes,DSL,No,No,No internet service,Two year,Yes,Bank transfer (automatic),29.15,1153.63,Yes
CUS-01180,Female,0,Yes,Yes,50,Yes,Yes,Fiber optic,No,No,No,Month-to-month,No,Credit card (automatic),27.45,1437.81,Yes
CUS-01181,Female,1,Yes,Yes,24,Yes,No,DSL,No,No,Yes,One year,Yes,Credit card (automatic),96.26,2292.88,No
CUS-01182,Female,0,No,No,17,Yes,No,DSL,No internet service,No,No internet service,Month-to-month,No,Electronic check,83.49,1383.45,No
CUS-01183,Female,0,Yes,No,18,Yes,Yes,DSL,Yes,No,Yes,Month-to-month,No,Bank transfer (automatic),74.65,1338.57,Yes
CUS-01184,Female,0,No,Yes,42,No,No,Fiber optic,Yes,No internet service,No internet service,Month-to-month,Yes,Bank transfer (automatic),111.0,4476.26,Yes
CUS-01185,Female,0,No,No,17,Yes,No,Fiber optic,No,No,No,Month-to-month,No,Credit card (automatic),80.68,1415.64,Yes
CUS-01186,Female,1,Yes,Yes,16,Yes,No,Fiber optic,No internet service,Yes,No internet service,Two year,Yes,Electronic check,22.77,357.57,Yes
CUS-01187,Male,1,Yes,No,52,Yes,Yes,Fiber optic,No,No,Yes,Month-to-month,Yes,Mailed check,64.87,3307.21,No
CUS-01188,Male,0,No,Yes,36,Yes,No,Fiber optic,No internet service,Yes,Yes,One year,No,Mailed check,39.49,1446.29,No
CUS-01189,Female,0,No,Yes,39,Yes,No,No,Yes,No internet service,Yes,Month-to-month,No,Bank transfer (automatic),80.13,3144.23,No
CUS-01190,Male,0,No,Yes,25,Yes,Yes,No,No,No,Yes,Month-to-month,Yes,Credit card (automatic),36.77,927.13,No
CUS-01191,Male,0,No,Yes,42,Yes,Yes,DSL,Yes,No,No,Month-to-month,No,Electronic check,82.5,3459.63,Yes
CUS-01192,Male,1,Yes,Yes,21,Yes,Yes,DSL,No,No,Yes,One year,Yes,Bank transfer (automatic),106.33,2221.91,No
CUS-01193,Female,0,Yes,No,68,Yes,No,Fiber optic,Yes,Yes,No,Month-to-month,Yes,Electronic check,25.72,1716.73,No
CUS-01194,Female,0,No,Yes,59,Yes,Yes,DSL,No,No,No,Two year,No,Electronic check,43.9,2533.84,Yes
CUS-01195,Male,0,No,Yes,30,Yes,No phone service,No,No internet service,No,No,Month-to-month,Yes,Bank transfer (automatic),85.35,2686.96,Yes
CUS-01196,Female,1,Yes,Yes,57,No,No,DSL,No internet service,Yes,No internet service,Month-to-month,Yes,Credit card (automatic),89.12,5030.53,No
CUS-01197,Male,0,No,No,33,Yes,No,Fiber optic,No,No,Yes,Month-to-month,Yes,Credit card (automatic),76.68,2532.2,Yes
CUS-01198,Male,0,No,No,53,Yes,No,DSL,No,No internet service,Yes,One year,No,Bank transfer (automatic),31.91,1673.83,No
CUS-01199,Male,0,No,No,16,Yes,No,Fiber optic,No internet service,Yes,Yes,Month-to-month,Yes,Credit card (automatic),42.26,691.46,Yes
CUS-01200,Male,0,Yes,No,49,Yes,Yes,DSL,Yes,Yes,Yes,Month-to-month,Yes,Mailed check,108.74,5154.47,No
CUS-01201,Female,0,No,Yes,5,Yes,No,Fiber optic,No,No internet service,Yes,Month-to-month,Yes,Credit card (automatic),99.92,477.22,Yes
CUS-01202,Female,1,No,Yes,60,Yes,Yes,No,No,Yes,No internet service,One year,Yes,Bank transfer (automatic),113.0,7101.4,No
CUS-01203,Female,0,No,No,71,Yes,Yes,DSL,Yes,Yes,Yes,Two year,Yes,Electronic check,58.91,4197.51,No
CUS-01204,Male,0,No,No,55,Yes,Yes,DSL,Yes,No,No,Month-to-month,No,Bank transfer (automatic),61.96,3425.05,Yes
CUS-01205,Female,0,No,No,35,Yes,No,Fiber optic,Yes,No,No internet service,Month-to-month,No,Electronic check,43.89,1531.06,Yes
CUS-01206,Male,0,No,No,69,Yes,Yes,Fiber optic,No,No internet service,No internet service,Month-to-month,No,Electronic check,70.45,4642.25,No
CUS-01207,Female,0,No,No,42,Yes,No,DSL,Yes,No,No internet service,Two year,No,Credit card (automatic),100.99,4316.52,No
CUS-01208,Male,0,Yes,No,69,Yes,No phone service,No,No,No internet service,No internet service,Month-to-month,No,Electronic check,42.77,2970.57,Yes
CUS-01209,Male,0,Yes,Yes,24,Yes,Yes,DSL,No,No,No,Two year,Yes,Electronic check,32.06,741.94,No
CUS-01210,Male,1,No,Yes,71,Yes,No,DSL,No,No,Yes,Month-to-month,Yes,Electronic check,93.05,6622.1,No
CUS-01211,Female,0,Yes,No,71,Yes,No,Fiber optic,Yes,Yes,No,Two year,No,Bank transfer (automatic),87.34,6035.94,No
CUS-01212,Female,0,Yes,Yes,55,Yes,Yes,DSL,No,No,Yes,Two year,Yes,Electronic check,100.92,5628.35,No
CUS-01213,Female,0,Yes,No,14,Yes,No phone service,Fiber optic,No internet service,No internet service,Yes,Month-to-month,Yes,Electronic check,93.15,1326.0,No
CUS-01214,Female,0,Yes,No,55,Yes,No,DSL,Yes,No,No internet service,One year,No,Credit card (automatic),59.93,3229.12,No
CUS-01215,Male,0,Yes,No,15,Yes,Yes,No,Yes,Yes,No,One year,Yes,Credit card (automatic),33.68,484.69,No
CUS-01216,Female,0,Yes,Yes,5,Yes,Yes,Fiber optic,Yes,No,No,Month-to-month,Yes,Mailed check,89.45,460.57,Yes
CUS-01217,Female,0,No,No,4,Yes,No phone service,Fiber optic,Yes,No,No,Month-to-month,No,Electronic check,105.84,429.14,No
CUS-01218,Male,0,No,No,30,Yes,No phone service,DSL,No,Yes,No,Two year,No,Bank transfer (automatic),33.28,1008.8,No
CUS-01219,Male,0,No,No,53,Yes,No,DSL,No internet service,No internet service,No,Two year,Yes,Credit card (automatic),69.87,3739.41,No
CUS-01220,Male,0,Yes,Yes,30,Yes,Yes,Fiber optic,No,No,No internet service,Two year,No,Credit card (automatic),50.89,1560.17,No
CUS-01221,Female,1,No,Yes,61,No,No,DSL,No,No,No internet service,Two year,Yes,Electronic check,69.95,4151.06,No
CUS-01222,Male,0,No,No,71,Yes,Yes,Fiber optic,No,No internet service,Yes,One year,Yes,Bank transfer (automatic),21.13,1486.24,Yes
CUS-01223,Male,0,No,No,68,Yes,No phone service,Fiber optic,Yes,Yes,Yes,Month-to-month,No,Mailed check,53.35,3526.77,Yes
CUS-01224,Male,0,Yes,No,55,No,No,DSL,Yes,No internet service,No,One year,No,Electronic check,66.42,3496.43,No
CUS-01225,Female,0,Yes,No,71,Yes,No,No,No internet service,Yes,No,Month-to-month,No,Credit card (automatic),33.09,2444.94,No
CUS-01226,Male,0,No,No,42,Yes,Yes,No,No,Yes,No,Month-to-month,No,Bank transfer (automatic),58.75,2355.63,No
CUS-01227,Female,0,No,No,29,Yes,No,Fiber optic,Yes,No,No,Two year,Yes,Credit card (automatic),35.6,985.54,No
CUS-01228,Female,0,No,Yes,35,Yes,Yes,No,No,No,No,One year,No,Electronic check,39.57,1360.3,No
CUS-01229,Male,0,No,No,45,Yes,Yes,No,No,No,No internet service,Two year,No,Electronic check,115.77,5115.24,No
CUS-01230,Male,0,Yes,Yes,29,Yes,No,DSL,No internet service,Yes,No,Month-to-month,Yes,Credit card (automatic),78.18,2162.86,No
CUS-01231,Female,0,No,Yes,70,Yes,No,DSL,No,Yes,Yes,Two year,No,Mailed check,56.94,4092.37,No
CUS-01232,Male,1,Yes,Yes,3,Yes,No,Fiber optic,No internet service,No,No internet service,Month-to-month,Yes,Mailed check,70.13,202.34,Yes
CUS-01233,Male,0,No,No,57,Yes,No,Fiber optic,No,No internet service,Yes,One year,Yes,Bank transfer (automatic),56.31,3077.56,No
CUS-01234,Female,0,No,Yes,66,Yes,Yes,Fiber optic,Yes,No,No internet service,Month-to-month,Yes,Mailed check,78.18,4946.96,No
CUS-01235,Female,0,No,Yes,22,Yes,No,DSL,No internet service,Yes,No internet service,Month-to-month,Yes,Electronic check,18.05,402.83,No
CUS-01236,Male,0,Yes,No,27,Yes,No,Fiber optic,Yes,No,Yes,Month-to-month,Yes,Bank transfer (automatic),41.61,1086.31,Yes
CUS-01237,Female,0,Yes,Yes,22,Yes,Yes,Fiber optic,Yes,No,No,Month-to-month,Yes,Electronic check,116.89,2591.75,No
CUS-01238,Male,0,No,No,49,Yes,No,DSL,No internet service,Yes,No,Two year,No,Credit card (automatic),29.23,1389.43,No
CUS-01239,Male,0,No,No,24,Yes,No,Fiber optic,Yes,No,No internet service,Two year,No,Bank transfer (automatic),25.89,642.27,No
CUS-01240,Male,0,No,No,27,Yes,No phone service,No,No,No,No,Two year,Yes,Credit card (automatic),67.32,1760.76,No
CUS-01241,Female,0,No,Yes,36,Yes,No,Fiber optic,No internet service,No,Yes,Month-to-month,No,Credit card (automatic),47.08,1682.98,No
CUS-01242,Male,0,Yes,Yes,17,Yes,Yes,DSL,No,No,Yes,One year,No,Electronic check,71.38,1219.82,Yes
CUS-01243,Male,1,No,No,56,Yes,Yes,DSL,No,No,No,Month-to-month,No,Electronic check,114.07,6630.78,Yes
CUS-01244,Male,0,No,No,10,Yes,Yes,Fiber optic,No,No internet service,No,One year,Yes,Credit card (automatic),30.62,297.48,Yes
CUS-01245,Female,1,No,Yes,54,Yes,Yes,No,No internet service,No,Yes,Month-to-month,No,Credit card (automatic),62.0,3388.33,Yes
CUS-01246,Female,0,Yes,No,38,Yes,Yes,No,No,No,No,Month-to-month,No,Electronic check,93.88,3400.19,Yes
CUS-01247,Female,0,No,No,4,Yes,Yes,Fiber optic,No,Yes,No,One year,Yes,Credit card (automatic),34.07,140.03,No
CUS-01248,Female,1,Yes,Yes,50,Yes,No phone service,DSL,No internet service,No,No internet service,Month-to-month,No,Mailed check,89.21,4472.59,No
CUS-01249,Female,0,No,No,61,Yes,Yes,Fiber optic,No internet service,Yes,Yes,One year,No,Mailed check,58.02,3696.73,No
CUS-01250,Male,1,No,Yes,21,No,No,No,No,Yes,No,Month-to-month,Yes,Credit card (automatic),80.08,1727.99,No
CUS-01251,Female,0,Yes,No,36,Yes,Yes,No,Yes,Yes,No,One year,No,Electronic check,70.56,2514.96,No
CUS-01252,Female,0,Yes,No,46,Yes,Yes,Fiber optic,No,No,No,Month-to-month,Yes,Bank transfer (automatic),63.06,2876.33,Yes
CUS-01253,Female,1,No,Yes,71,Yes,Yes,Fiber optic,Yes,No,No internet service,One year,Yes,Electronic check,65.9,4447.99,Yes
CUS-01254,Male,0,No,No,44,Yes,Yes,Fiber optic,No,No internet service,No,Month-to-month,Yes,Electronic check,32.72,1488.35,No
CUS-01255,Female,1,Yes,No,64,Yes,No,No,No,No,No,Month-to-month,Yes,Mailed check,61.42,4050.93,No
CUS-01256,Female,1,Yes,No,18,Yes,No,Fiber optic,No,No,No,Month-to-month,No,Electronic check,93.31,1691.09,Yes
CUS-01257,Male,0,No,No,13,Yes,No,DSL,No,Yes,Yes,Two year,No,Mailed check,107.67,1382.27,No
CUS-01258,Female,0,No,No,13,Yes,No,Fiber optic,No internet service,No,Yes,Month-to-month,No,Mailed check,80.67,1080.69,No
CUS-01259,Male,0,Yes,No,25,Yes,No,No,Yes,Yes,Yes,Month-to-month,Yes,Mailed check,100.73,2546.02,Yes
CUS-01260,Male,0,No,Yes,5,No,No,Fiber optic,Yes,No,No,Month-to-month,No,Electronic check,68.76,333.14,Yes
CUS-01261,Male,0,Yes,Yes,39,Yes,No,Fiber optic,No internet service,Yes,No,Month-to-month,Yes,Electronic check,39.62,1505.36,No
CUS-01262,Male,0,Yes,No,29,Yes,Yes,Fiber optic,No,No,No,Month-to-month,No,Electronic check,90.39,2649.01,Yes
CUS-01263,Male,0,Yes,No,57,Yes,No phone service,Fiber optic,No,No,No internet service,Month-to-month,No,Electronic check,88.18,5115.76,Yes
CUS-01264,Female,0,No,Yes,46,Yes,No phone service,DSL,No internet service,No,No,Month-to-month,No,Electronic check,18.73,828.26,Yes
CUS-01265,Male,1,Yes,No,33,Yes,No,Fiber optic,No,Yes,Yes,One year,No,Electronic check,65.95,2250.28,No
CUS-01266,Male,0,No,No,10,Yes,No,Fiber optic,No,No,Yes,Month-to-month,No,Electronic check,111.67,1117.08,Yes
CUS-01267,Female,0,Yes,No,58,No,Yes,No,Yes,No,Yes,Month-to-month,No,Mailed check,116.44,6550.82,No
CUS-01268,Male,0,No,Yes,25,Yes,No,No,No,Yes,No internet service,One year,No,Electronic check,63.69,1602.67,No
CUS-01269,Female,0,No,No,39,Yes,No,Fiber optic,No,No,No internet service,One year,Yes,Electronic check,90.18,3649.36,No
CUS-01270,Female,0,No,No,16,Yes,No,No,No,Yes,Yes,Month-to-month,Yes,Mailed check,19.76,302.09,No
CUS-01271,Female,0,No,No,60,Yes,No,DSL,No internet service,No,Yes,One year,No,Electronic check,44.81,2613.58,No
CUS-01272,Male,1,No,Yes,28,Yes,Yes,Fiber optic,No,Yes,No,Month-to-month,No,Electronic check,90.18,2541.01,Yes
CUS-01273,Male,0,No,No,44,Yes,Yes,DSL,No internet service,Yes,Yes,Month-to-month,Yes,Bank transfer (automatic),83.3,3482.62,Yes
CUS-01274,Male,0,Yes,No,58,Yes,No,DSL,No internet service,Yes,No,Month-to-month,Yes,Mailed check,84.06,4719.36,No
CUS-01275,Female,1,Yes,No,32,Yes,Yes,No,No,No,No internet service,Two year,Yes,Electronic check,87.65,2730.96,Yes
CUS-01276,Male,1,No,Yes,63,Yes,No,No,No,Yes,No internet service,One year,No,Electronic check,60.93,3986.02,No
CUS-01277,Male,0,Yes,No,45,Yes,No,Fiber optic,No,No internet service,No,Month-to-month,No,Credit card (automatic),111.79,5042.73,No
CUS-01278,Male,0,Yes,Yes,53,Yes,Yes,DSL,Yes,Yes,Yes,Month-to-month,Yes,Electronic check,54.61,2932.59,No
CUS-01279,Female,0,No,Yes,61,Yes,Yes,Fiber optic,Yes,Yes,Yes,Two year,No,Credit card (automatic),108.21,6272.8,No
CUS-01280,Female,0,Yes,Yes,50,No,No,No,Yes,No,No internet service,Month-to-month,No,Electronic check,24.03,1187.89,No
CUS-01281,Male,0,No,Yes,27,Yes,Yes,DSL,No internet service,No internet service,Yes,Month-to-month,No,Credit card (automatic),102.92,2764.16,No
CUS-01282,Male,0,Yes,No,26,Yes,Yes,DSL,No,No internet service,No,Month-to-month,Yes,Mailed check,48.33,1299.16,No
CUS-01283,Male,1,No,Yes,3,Yes,No,No,No,Yes,Yes,Month-to-month,No,Bank transfer (automatic),83.98,244.25,Yes
CUS-01284,Male,0,No,No,39,Yes,No,No,No,Yes,Yes,Month-to-month,Yes,Electronic check,23.5,876.66,No
CUS-01285,Female,0,No,No,65,No,No,DSL,No,No,Yes,One year,No,Credit card (automatic),26.0,1744.9,No
CUS-01286,Female,0,Yes,No,35,Yes,No,No,No,Yes,Yes,One year,Yes,Bank transfer (automatic),23.7,805.61,No
CUS-01287,Female,0,No,No,53,Yes,No,Fiber optic,No,No,No internet service,Two year,Yes,Bank transfer (automatic),66.49,3591.22,Yes
CUS-01288,Female,0,No,No,46,Yes,No,DSL,No internet service,No,Yes,Month-to-month,Yes,Mailed check,59.62,2630.5,No
CUS-01289,Male,0,No,No,68,Yes,No,Fiber optic,No internet service,No,No,One year,Yes,Electronic check,49.92,3453.12,Yes
CUS-01290,Male,0,No,No,22,Yes,No,Fiber optic,No,No internet service,No internet service,Two year,No,Credit card (automatic),62.6,1366.63,No
CUS-01291,Male,0,Yes,No,60,No,No,DSL,No internet service,Yes,No internet service,Month-to-month,Yes,Electronic check,49.36,3088.36,No
CUS-01292,Female,0,No,No,6,Yes,Yes,Fiber optic,Yes,No,No,One year,No,Electronic check,105.15,612.0,No
CUS-01293,Male,0,No,No,52,Yes,No,Fiber optic,Yes,No,Yes,One year,Yes,Bank transfer (automatic),74.28,3695.36,Yes
CUS-01294,Female,0,Yes,No,29,Yes,Yes,DSL,No,No,Yes,Two year,No,Electronic check,49.02,1426.35,No
CUS-01295,Female,0,No,No,43,Yes,Yes,Fiber optic,No internet service,No,No,Month-to-month,No,Credit card (automatic),63.47,2843.18,Yes
CUS-01296,Male,0,No,Yes,34,Yes,No phone service,DSL,No,No internet service,No internet service,Month-to-month,Yes,Electronic check,104.72,3454.92,Yes
CUS-01297,Male,1,No,Yes,31,Yes,Yes,DSL,No,No internet service,Yes,Month-to-month,No,Bank transfer (automatic),58.91,1887.36,Yes
CUS-01298,Male,0,Yes,No,46,Yes,Yes,DSL,Yes,No,No internet service,Month-to-month,Yes,Bank transfer (automatic),60.72,2748.25,No
CUS-01299,Female,0,No,Yes,4,Yes,Yes,Fiber optic,No internet service,No,Yes,Two year,No,Bank transfer (automatic),51.77,198.78,No
CUS-01300,Male,1,No,No,2,Yes,No,DSL,No,No,Yes,Month-to-month,No,Mailed check,44.05,88.89,Yes
CUS-01301,Female,1,No,Yes,5,Yes,No phone service,Fiber optic,No,No internet service,No,Two year,Yes,Mailed check,65.18,326.62,No
CUS-01302,Male,0,No,No,46,Yes,No,DSL,No internet service,Yes,Yes,Two year,No,Credit card (automatic),91.66,4359.04,No
CUS-01303,Female,0,No,No,19,Yes,No,Fiber optic,Yes,No,No,Month-to-month,Yes,Credit card (automatic),54.8,999.86,No
CUS-01304,Female,0,No,Yes,38,Yes,No,Fiber optic,No,No,No,Two year,No,Mailed check,40.68,1568.29,No
CUS-01305,Male,0,No,No,59,Yes,No phone service,DSL,Yes,No,Yes,Two year,Yes,Electronic check,84.0,5015.68,Yes
CUS-01306,Female,0,Yes,No,20,Yes,Yes,No,No,Yes,No,Month-to-month,No,Credit card (automatic),98.86,2075.06,No
CUS-01307,Female,0,Yes,No,68,Yes,No,Fiber optic,Yes,No,Yes,Month-to-month,No,Bank transfer (automatic),20.18,1348.65,Yes
CUS-01308,Male,0,Yes,No,53,Yes,Yes,Fiber optic,No,No,No,Month-to-month,No,Electronic check,81.24,4109.63,Yes
CUS-01309,Female,0,Yes,Yes,55,Yes,Yes,Fiber optic,No internet service,Yes,No,Month-to-month,No,Electronic check,108.09,5892.17,Yes
CUS-01310,Male,0,Yes,No,39,Yes,No,DSL,No,No,No internet service,Month-to-month,Yes,Mailed check,26.84,1043.04,No
CUS-01311,Female,0,Yes,Yes,36,No,Yes,No,No,No,Yes,One year,Yes,Mailed check,107.93,3834.56,Yes
CUS-01312,Male,0,No,No,58,Yes,No,DSL,No,No internet service,No,Month-to-month,Yes,Mailed check,29.78,1749.77,No
CUS-01313,Male,0,Yes,No,15,No,Yes,Fiber optic,No,Yes,Yes,Two year,No,Mailed check,117.68,1723.87,No
CUS-01314,Female,0,Yes,No,1,Yes,Yes,Fiber optic,No internet service,Yes,Yes,Month-to-month,No,Electronic check,69.18,66.99,Yes
CUS-01315,Female,0,Yes,No,9,Yes,Yes,No,No,Yes,Yes,Month-to-month,Yes,Electronic check,91.0,815.13,Yes
CUS-01316,Female,0,No,No,23,Yes,No,Fiber optic,No,No internet service,Yes,Month-to-month,Yes,Mailed check,24.28,571.11,Yes
CUS-01317,Female,1,Yes,Yes,52,Yes,No,Fiber optic,No,No,No,Two year,No,Electronic check,28.25,1526.51,No
CUS-01318,Female,0,Yes,No,26,No,No phone service,Fiber optic,Yes,No,Yes,Month-to-month,No,Mailed check,114.33,3021.24,No
CUS-01319,Male,0,Yes,No,60,Yes,No,DSL,No,Yes,No internet service,Two year,No,Electronic check,116.85,6925.02,No
CUS-01320,Female,1,No,Yes,18,Yes,No,DSL,No,No,No internet service,Month-to-month,Yes,Electronic check,45.71,843.07,No
CUS-01321,Male,0,No,No,58,Yes,Yes,DSL,No,No,Yes,Month-to-month,No,Electronic check,52.19,2932.84,Yes
CUS-01322,Male,0,No,No,65,Yes,No,DSL,No,No internet service,No,One year,Yes,Electronic check,19.0,1266.12,No
CUS-01323,Female,1,Yes,Yes,69,Yes,No,DSL,No,No,Yes,Two year,Yes,Electronic check,113.6,7823.43,Yes
CUS-01324,Male,0,No,No,14,Yes,No,Fiber optic,No internet service,No internet service,No internet service,One year,Yes,Mailed check,109.76,1501.42,No
CUS-01325,Male,0,No,No,46,Yes,Yes,No,No internet service,Yes,No,One year,No,Electronic check,29.6,1387.78,No
CUS-01326,Male,0,Yes,Yes,69,Yes,No,No,No,No,Yes,Month-to-month,Yes,Credit card (automatic),54.51,3729.75,No
CUS-01327,Male,0,Yes,No,32,Yes,Yes,Fiber optic,No,No internet service,No,Month-to-month,Yes,Mailed check,114.67,3713.5,No
CUS-01328,Female,0,Yes,No,51,Yes,No phone service,DSL,No,No,No,Month-to-month,No,Mailed check,30.58,1585.11,No
CUS-01329,Male,0,No,No,69,Yes,No,No,No,No internet service,No,Month-to-month,Yes,Electronic check,105.37,7192.89,No
CUS-01330,Female,0,Yes,No,15,Yes,Yes,No,No internet service,No internet service,No,Month-to-month,No,Credit card (automatic),38.17,600.37,No
CUS-01331,Female,0,Yes,No,53,Yes,Yes,Fiber optic,Yes,No,No,Month-to-month,No,Credit card (automatic),24.83,1310.34,Yes
CUS-01332,Male,0,No,No,71,Yes,No,DSL,No,Yes,Yes,Month-to-month,Yes,Electronic check,32.22,2398.37,Yes
CUS-01333,Female,0,No,Yes,69,Yes,No,No,Yes,No,Yes,Two year,Yes,Bank transfer (automatic),88.99,5977.72,No
CUS-01334,Female,0,No,No,15,Yes,No,DSL,No,No,No,Month-to-month,Yes,Electronic check,31.73,460.1,Yes
CUS-01335,Female,0,No,Yes,30,Yes,No,DSL,Yes,No,No,Month-to-month,Yes,Mailed check,18.37,558.31,No
CUS-01336,Male,0,No,No,24,Yes,No,No,No internet service,No,Yes,Month-to-month,Yes,Credit card (automatic),95.57,2304.47,No
CUS-01337,Female,0,No,No,35,Yes,Yes,Fiber optic,No,No internet service,Yes,Two year,No,Credit card (automatic),83.55,2936.04,No
CUS-01338,Female,0,Yes,Yes,69,No,No phone service,DSL,No internet service,No internet service,Yes,One year,Yes,Electronic check,105.82,7663.03,No
CUS-01339,Female,0,Yes,No,12,Yes,No,Fiber optic,No internet service,No,No,Month-to-month,Yes,Credit card (automatic),75.77,863.88,No
CUS-01340,Male,1,No,No,46,Yes,Yes,Fiber optic,No,No,Yes,Month-to-month,No,Electronic check,22.56,1032.94,Yes
CUS-01341,Female,0,No,Yes,69,Yes,Yes,No,No,No,No,Month-to-month,Yes,Credit card (automatic),20.16,1364.18,Yes
CUS-01342,Male,0,No,Yes,36,Yes,Yes,DSL,Yes,No,No,Month-to-month,Yes,Bank transfer (automatic),96.53,3450.04,Yes
CUS-01343,Male,0,Yes,No,48,Yes,Yes,DSL,No internet service,No internet service,No,Month-to-month,No,Credit card (automatic),106.99,5360.54,No
CUS-01344,Male,1,Yes,Yes,67,Yes,No,Fiber optic,No,No,No internet service,Month-to-month,No,Mailed check,98.03,6770.65,Yes
CUS-01345,Male,0,Yes,No,54,Yes,Yes,No,No,No internet service,No,Month-to-month,No,Credit card (automatic),55.4,2902.35,Yes
CUS-01346,Male,0,No,No,36,Yes,No,DSL,No,No,No,Month-to-month,No,Credit card (automatic),84.21,3093.48,Yes
CUS-01347,Male,0,No,No,52,Yes,No,Fiber optic,Yes,No,No,Month-to-month,No,Electronic check,25.78,1351.24,Yes
CUS-01348,Female,0,No,Yes,22,Yes,Yes,DSL,No,No,No,Month-to-month,No,Electronic check,89.82,1957.88,Yes
CUS-01349,Male,0,No,No,38,Yes,Yes,DSL,Yes,No,Yes,Month-to-month,Yes,Mailed check,42.96,1606.68,No
CUS-01350,Female,0,Yes,Yes,62,No,No,No,No,No,No,Month-to-month,Yes,Bank transfer (automatic),111.43,6976.65,No
CUS-01351,Female,1,Yes,No,65,Yes,Yes,DSL,No,No,Yes,One year,Yes,Electronic check,51.77,3354.63,No
CUS-01352,Male,0,Yes,No,3,No,Yes,Fiber optic,No,Yes,Yes,One year,Yes,Mailed check,51.93,156.56,No
CUS-01353,Female,0,No,No,8,Yes,Yes,Fiber optic,No internet service,No,Yes,Month-to-month,Yes,Electronic check,46.63,383.22,Yes
CUS-01354,Female,1,Yes,No,39,Yes,Yes,DSL,No,Yes,No,Month-to-month,Yes,Mailed check,81.35,3320.82,Yes
CUS-01355,Female,0,No,No,18,Yes,Yes,No,No,No,No,Two year,Yes,Bank transfer (automatic),27.69,493.98,No
CUS-01356,Female,0,No,No,3,Yes,Yes,Fiber optic,No internet service,No internet service,Yes,One year,No,Bank transfer (automatic),23.35,69.54,No
CUS-01357,Male,0,Yes,Yes,18,Yes,No,Fiber optic,No internet service,No internet service,Yes,Month-to-month,No,Electronic check,87.61,1630.7,Yes
CUS-01358,Female,0,Yes,No,1,Yes,Yes,Fiber optic,No,No,No,Month-to-month,No,Electronic check,112.56,108.39,Yes
CUS-01359,Male,0,Yes,Yes,26,Yes,No,Fiber optic,Yes,Yes,Yes,One year,Yes,Electronic check,92.37,2473.87,No
CUS-01360,Female,0,No,No,52,Yes,Yes,Fiber optic,No,No,No,Month-to-month,Yes,Electronic check,42.99,2211.15,Yes
CUS-01361,Female,0,Yes,No,12,Yes,Yes,DSL,No internet service,No,Yes,Month-to-month,Yes,Electronic check,54.22,645.12,Yes
CUS-01362,Male,0,Yes,No,38,Yes,No,No,No,No,Yes,One year,No,Bank transfer (automatic),38.34,1427.29,Yes
CUS-01363,Female,0,No,No,41,Yes,Yes,Fiber optic,No,Yes,No,Month-to-month,Yes,Electronic check,86.41,3409.15,Yes
CUS-01364,Female,0,No,Yes,53,No,Yes,DSL,No internet service,Yes,No internet service,Month-to-month,No,Electronic check,41.73,2265.94,No
CUS-01365,Female,0,No,No,13,Yes,No,No,Yes,No,No,Month-to-month,Yes,Credit card (automatic),75.13,1015.64,Yes
CUS-01366,Male,0,No,Yes,13,No,Yes,Fiber optic,Yes,Yes,No,One year,No,Electronic check,101.95,1325.63,No
CUS-01367,Female,0,No,Yes,18,Yes,No,Fiber optic,No internet service,Yes,No,Month-to-month,No,Electronic check,69.64,1214.88,No
CUS-01368,Male,0,No,Yes,19,Yes,Yes,DSL,Yes,No internet service,No,Two year,No,Mailed check,77.35,1441.75,No
CUS-01369,Female,1,Yes,No,19,Yes,Yes,No,No,No,No internet service,Month-to-month,Yes,Mailed check,114.81,2090.73,No
CUS-01370,Male,0,Yes,No,70,Yes,Yes,No,No internet service,Yes,No,One year,No,Electronic check,49.92,3609.91,Yes
CUS-01371,Male,0,No,No,48,Yes,No phone service,Fiber optic,No,No,No internet service,Month-to-month,No,Mailed check,97.74,4701.24,Yes
CUS-01372,Female,0,No,Yes,71,Yes,No,Fiber optic,No,No,Yes,Two year,No,Bank transfer (automatic),86.68,6448.88,No
CUS-01373,Female,0,No,No,71,Yes,No,Fiber optic,No,Yes,Yes,Month-to-month,Yes,Mailed check,29.32,2138.42,No
CUS-01374,Male,0,No,No,28,Yes,No,DSL,No,No,Yes,Month-to-month,No,Credit card (automatic),116.98,3349.52,Yes
CUS-01375,Male,0,No,No,19,Yes,No,Fiber optic,No,No,No,Two year,Yes,Credit card (automatic),86.96,1642.0,No
CUS-01376,Female,0,Yes,Yes,48,Yes,No,DSL,No,No,No,Two year,No,Mailed check,19.39,916.65,No
CUS-01377,Male,0,Yes,No,29,Yes,No,No,No,Yes,Yes,Month-to-month,No,Credit card (automatic),90.23,2558.04,No
CUS-01378,Female,1,Yes,No,48,Yes,No,DSL,No internet service,No,No,Two year,Yes,Bank transfer (automatic),31.39,1580.33,Yes
CUS-01379,Female,0,No,Yes,19,Yes,Yes,Fiber optic,No,No internet service,No,One year,No,Mailed check,47.33,875.06,No
CUS-01380,Female,0,Yes,No,47,Yes,No,DSL,Yes,No internet service,No,Month-to-month,No,Credit card (automatic),52.84,2395.75,No
CUS-01381,Female,0,Yes,Yes,60,Yes,No,DSL,Yes,No internet service,Yes,Two year,No,Credit card (automatic),48.98,2930.25,No
CUS-01382,Male,0,Yes,No,48,Yes,Yes,Fiber optic,No,No,No internet service,Month-to-month,Yes,Credit card (automatic),92.44,4445.1,No
CUS-01383,Female,0,Yes,Yes,20,No,No,Fiber optic,No internet service,No,Yes,Month-to-month,Yes,Bank transfer (automatic),93.33,1806.39,Yes
CUS-01384,Male,0,Yes,Yes,19,Yes,No,Fiber optic,No,Yes,No internet service,Month-to-month,No,Mailed check,70.85,1325.92,No
CUS-01385,Female,0,Yes,No,42,Yes,Yes,DSL,Yes,No,Yes,Two year,Yes,Electronic check,74.7,3072.32,No
CUS-01386,Male,0,No,No,49,Yes,No phone service,DSL,Yes,No internet service,Yes,Month-to-month,No,Mailed check,49.36,2477.04,No
CUS-01387,Female,0,Yes,No,15,Yes,No,No,No,Yes,No,One year,Yes,Bank transfer (automatic),20.32,304.44,No
CUS-01388,Male,0,Yes,No,60,No,No,Fiber optic,Yes,No,No,One year,No,Electronic check,53.17,3278.66,No
CUS-01389,Male,0,No,No,68,Yes,Yes,Fiber optic,Yes,Yes,Yes,Month-to-month,Yes,Electronic check,18.94,1235.37,Yes
CUS-01390,Female,0,No,No,27,Yes,Yes,DSL,No,No internet service,Yes,Month-to-month,Yes,Mailed check,104.48,2769.07,No
CUS-01391,Female,1,Yes,No,55,Yes,Yes,No,No internet service,No,No internet service,Month-to-month,No,Bank transfer (automatic),82.08,4423.34,Yes
CUS-01392,Female,0,Yes,No,15,No,Yes,Fiber optic,No internet service,No internet service,No internet service,Month-to-month,Yes,Bank transfer (automatic),115.93,1731.71,No
CUS-01393,Female,0,No,No,52,Yes,No,Fiber optic,No internet service,Yes,Yes,Two year,Yes,Mailed check,36.29,1868.78,Yes
CUS-01394,Male,0,Yes,No,31,Yes,No,DSL,No,No internet service,No,Two year,No,Credit card (automatic),83.78,2535.12,No
CUS-01395,Female,0,Yes,Yes,7,Yes,No,DSL,No,Yes,Yes,Two year,Yes,Mailed check,36.79,265.72,No
CUS-01396,Male,1,Yes,No,13,Yes,Yes,Fiber optic,No,Yes,No,Month-to-month,Yes,Bank transfer (automatic),81.9,1108.0,Yes
CUS-01397,Male,0,Yes,Yes,54,Yes,Yes,DSL,Yes,Yes,Yes,One year,Yes,Bank transfer (automatic),67.18,3727.51,No
CUS-01398,Female,0,No,No,13,Yes,No,Fiber optic,No,Yes,Yes,Two year,No,Credit card (automatic),84.47,1120.13,No
CUS-01399,Male,0,No,No,20,Yes,No,Fiber optic,Yes,Yes,No,Two year,No,Credit card (automatic),90.53,1826.7,Yes
CUS-01400,Male,0,No,No,10,Yes,No phone service,No,Yes,No,Yes,Month-to-month,Yes,Credit card (automatic),70.28,691.25,No
CUS-01401,Male,0,No,Yes,52,No,No,DSL,Yes,No internet service,No,Month-to-month,No,Mailed check,67.38,3650.38,No
CUS-01402,Male,0,Yes,No,37,Yes,No,DSL,No internet service,No internet service,No internet service,Two year,Yes,Electronic check,24.97,937.62,No
CUS-01403,Female,0,No,Yes,52,Yes,Yes,Fiber optic,No internet service,No,No,One year,Yes,Bank transfer (automatic),54.37,2937.35,No
CUS-01404,Female,0,Yes,No,27,Yes,No,DSL,No,Yes,No,Two year,No,Credit card (automatic),48.2,1295.27,No
CUS-01405,Female,0,Yes,No,34,Yes,Yes,DSL,Yes,Yes,Yes,Month-to-month,Yes,Electronic check,80.56,2714.96,No
CUS-01406,Female,1,No,Yes,62,Yes,No,Fiber optic,Yes,No,No,Month-to-month,Yes,Electronic check,45.6,2707.6,No
CUS-01407,Male,0,No,No,16,Yes,No,Fiber optic,No,No,No internet service,One year,Yes,Credit card (automatic),41.24,649.11,No
CUS-01408,Male,0,Yes,Yes,59,Yes,No,No,No,No,No internet service,Month-to-month,No,Bank transfer (automatic),102.87,6000.05,Yes
CUS-01409,Female,0,No,No,21,Yes,Yes,No,No internet service,No,No,Month-to-month,No,Bank transfer (automatic),100.85,2116.62,No
CUS-01410,Female,0,Yes,No,16,Yes,No,Fiber optic,Yes,Yes,No,Month-to-month,Yes,Mailed check,50.85,811.58,Yes
CUS-01411,Female,0,Yes,Yes,13,Yes,Yes,DSL,No,No,No,Month-to-month,Yes,Mailed check,26.57,359.85,Yes
CUS-01412,Male,0,Yes,Yes,33,Yes,Yes,Fiber optic,No internet service,No,Yes,Month-to-month,Yes,Credit card (automatic),67.76,2237.71,Yes
CUS-01413,Female,0,No,No,54,Yes,No,Fiber optic,Yes,No,No internet service,Month-to-month,Yes,Mailed check,63.13,3526.73,Yes
CUS-01414,Female,1,No,No,69,Yes,No phone service,Fiber optic,No,Yes,Yes,One year,No,Mailed check,104.98,6974.46,No
CUS-01415,Female,0,No,Yes,27,No,No,No,Yes,Yes,No,Month-to-month,No,Bank transfer (automatic),72.69,1976.79,No
CUS-01416,Male,0,Yes,Yes,52,No,No,Fiber optic,Yes,No internet service,No,Two year,No,Electronic check,112.28,5860.69,No
CUS-01417,Male,0,Yes,No,65,Yes,Yes,Fiber optic,No internet service,No,Yes,One year,Yes,Bank transfer (automatic),66.33,4163.07,Yes
CUS-01418,Male,0,No,Yes,44,Yes,Yes,DSL,No,No,Yes,Month-to-month,No,Electronic check,84.73,3633.1,No
CUS-01419,Male,0,Yes,No,30,Yes,Yes,No,No,No,No,Month-to-month,Yes,Electronic check,65.97,1979.17,No
CUS-01420,Male,0,Yes,No,23,Yes,No phone service,No,No,No,Yes,One year,Yes,Bank transfer (automatic),50.11,1154.98,No
CUS-01421,Male,0,No,Yes,16,Yes,Yes,DSL,No internet service,No,Yes,Month-to-month,No,Mailed check,20.75,345.28,Yes
CUS-01422,Male,1,No,No,55,No,No,DSL,Yes,No,No,Month-to-month,Yes,Credit card (automatic),97.33,5173.55,Yes
CUS-01423,Male,0,Yes,No,18,Yes,No,DSL,Yes,No,No internet service,Two year,Yes,Mailed check,108.31,1911.51,No
CUS-01424,Female,0,Yes,No,17,Yes,No,DSL,No internet service,No,Yes,Month-to-month,Yes,Electronic check,91.36,1512.75,No
CUS-01425,Female,0,Yes,No,52,Yes,No phone service,Fiber optic,No internet service,No,No,One year,No,Mailed check,45.24,2418.96,No
CUS-01426,Male,0,No,No,45,Yes,Yes,DSL,No,Yes,Yes,Month-to-month,Yes,Electronic check,99.7,4359.04,Yes
CUS-01427,Male,0,No,No,56,Yes,No,No,No,No,No,Month-to-month,Yes,Credit card (automatic),79.29,4617.29,No
CUS-01428,Female,0,No,Yes,54,Yes,No,No,No,No,No internet service,Month-to-month,No,Mailed check,86.29,4860.28,No
CUS-01429,Male,0,Yes,No,9,Yes,No,Fiber optic,No internet service,Yes,Yes,Two year,No,Mailed check,24.63,213.07,Yes
CUS-01430,Male,0,Yes,No,17,Yes,Yes,Fiber optic,No,No,No internet service,Month-to-month,No,Mailed check,76.18,1258.39,No
CUS-01431,Male,0,No,Yes,27,Yes,Yes,DSL,No,No,No internet service,Two year,Yes,Mailed check,74.11,1977.82,Yes
CUS-01432,Female,0,No,No,37,Yes,No,DSL,No,No internet service,No,Two year,Yes,Electronic check,84.17,3228.61,Yes
CUS-01433,Female,0,No,No,22,Yes,Yes,DSL,Yes,No,No,Month-to-month,No,Mailed check,95.16,2014.37,Yes
CUS-01434,Female,0,Yes,No,67,Yes,No phone service,Fiber optic,Yes,Yes,No internet service,One year,Yes,Bank transfer (automatic),58.46,3855.92,No
CUS-01435,Female,0,No,Yes,38,Yes,Yes,No,Yes,No internet service,No internet service,One year,Yes,Mailed check,33.5,1298.62,No
CUS-01436,Female,0,No,No,44,Yes,No,No,Yes,Yes,Yes,Month-to-month,Yes,Mailed check,110.39,4965.53,Yes
CUS-01437,Male,0,No,No,36,Yes,No,No,Yes,No,No internet service,One year,Yes,Credit card (automatic),95.66,3394.31,No
CUS-01438,Female,0,No,No,25,Yes,No,Fiber optic,Yes,Yes,Yes,Month-to-month,Yes,Mailed check,72.04,1884.42,Yes
CUS-01439,Male,0,Yes,No,42,Yes,No,No,Yes,No,No internet service,Month-to-month,No,Bank transfer (automatic),53.45,2211.78,No
CUS-01440,Male,0,Yes,No,13,Yes,No,Fiber optic,Yes,No internet service,Yes,One year,Yes,Electronic check,116.4,1530.38,No
CUS-01441,Female,0,Yes,No,56,Yes,No,DSL,Yes,No,No,One year,Yes,Mailed check,27.35,1549.27,No
CUS-01442,Female,0,No,Yes,51,Yes,No,Fiber optic,Yes,No,No,Month-to-month,Yes,Electronic check,111.46,5855.24,No
CUS-01443,Male,0,No,No,50,Yes,Yes,No,No,No internet service,No,Two year,No,Mailed check,58.41,2878.69,No
CUS-01444,Male,0,No,Yes,52,Yes,Yes,DSL,No,Yes,No internet service,Two year,Yes,Credit card (automatic),27.68,1426.45,No
CUS-01445,Male,0,Yes,No,33,Yes,Yes,DSL,No,No,No internet service,Month-to-month,Yes,Electronic check,55.92,1830.27,No
CUS-01446,Female,0,No,No,25,Yes,Yes,DSL,Yes,No internet service,Yes,Two year,Yes,Bank transfer (automatic),92.97,2221.68,No
CUS-01447,Female,0,No,Yes,58,Yes,No,DSL,No internet service,No,Yes,Month-to-month,Yes,Mailed check,60.48,3589.45,Yes
CUS-01448,Female,0,Yes,No,40,Yes,No,DSL,No,No,No,One year,Yes,Electronic check,67.3,2764.32,No
CUS-01449,Female,0,No,No,38,Yes,No,Fiber optic,No,No,No,Two year,No,Credit card (automatic),100.35,3935.56,Yes
CUS-01450,Female,1,Yes,Yes,3,Yes,Yes,No,No,No,Yes,Month-to-month,Yes,Electronic check,79.55,243.77,Yes
CUS-01451,Male,0,Yes,Yes,16,Yes,Yes,No,No,Yes,No internet service,One year,No,Electronic check,84.81,1369.52,No
CUS-01452,Female,0,Yes,Yes,2,Yes,No,No,No,Yes,No internet service,Month-to-month,Yes,Mailed check,33.4,67.23,Yes
CUS-01453,Male,0,No,Yes,23,Yes,No phone service,DSL,No,No,Yes,Two year,No,Credit card (automatic),43.25,1009.04,No
CUS-01454,Male,0,No,No,30,Yes,No phone service,DSL,No,No,No,Month-to-month,Yes,Bank transfer (automatic),59.13,1686.64,Yes
CUS-01455,Male,0,Yes,No,10,Yes,No,DSL,No,No,No,One year,No,Credit card (automatic),28.98,288.29,No
CUS-01456,Female,0,No,Yes,65,Yes,No,No,No internet service,No,Yes,Two year,No,Mailed check,45.91,2846.79,No
CUS-01457,Female,0,No,No,22,Yes,No phone service,DSL,No,Yes,No internet service,One year,No,Electronic check,101.35,2227.11,No
CUS-01458,Female,0,No,No,52,Yes,No,Fiber optic,Yes,Yes,Yes,Month-to-month,No,Mailed check,20.21,1014.0,Yes
CUS-01459,Male,0,Yes,No,56,No,No phone service,DSL,No,No,No,Month-to-month,No,Electronic check,23.09,1229.59,Yes
CUS-01460,Male,0,No,Yes,33,Yes,Yes,DSL,Yes,No,No,Month-to-month,No,Electronic check,86.7,2927.04,No
CUS-01461,Male,0,No,No,30,No,No phone service,DSL,Yes,No,Yes,Month-to-month,No,Electronic check,56.61,1733.04,Yes
CUS-01462,Male,0,Yes,No,24,Yes,No,Fiber optic,No,No,Yes,Two year,No,Electronic check,95.3,2261.28,Yes
CUS-01463,Male,0,Yes,No,5,Yes,Yes,DSL,Yes,No,Yes,Month-to-month,Yes,Electronic check,111.18,531.74,Yes
CUS-01464,Male,1,No,No,53,Yes,Yes,DSL,No internet service,Yes,No internet service,Month-to-month,Yes,Mailed check,44.67,2479.95,Yes
CUS-01465,Female,1,Yes,Yes,55,Yes,No,Fiber optic,No,No internet service,No,One year,Yes,Electronic check,21.7,1151.83,No
CUS-01466,Female,0,No,No,23,Yes,No,Fiber optic,No,Yes,No,Two year,Yes,Electronic check,63.59,1460.86,No
CUS-01467,Female,0,Yes,No,10,Yes,No phone service,Fiber optic,Yes,No internet service,No internet service,Two year,Yes,Electronic check,114.42,1118.12,No
CUS-01468,Female,1,No,No,33,Yes,Yes,No,Yes,No internet service,Yes,Two year,Yes,Credit card (automatic),72.54,2305.81,No
CUS-01469,Male,0,Yes,No,62,Yes,Yes,Fiber optic,No internet service,No,No internet service,Two year,Yes,Mailed check,55.74,3460.3,No
CUS-01470,Male,0,Yes,No,27,Yes,Yes,DSL,No,No,Yes,Month-to-month,Yes,Mailed check,73.2,1916.3,No
CUS-01471,Female,1,Yes,No,7,Yes,No,Fiber optic,Yes,No internet service,Yes,Month-to-month,Yes,Mailed check,34.54,238.41,Yes
CUS-01472,Male,0,No,No,27,Yes,No,Fiber optic,No internet service,No internet service,No,Two year,No,Mailed check,93.13,2541.29,Yes
CUS-01473,Female,0,No,Yes,10,Yes,No,No,No,No,No internet service,Month-to-month,No,Electronic check,86.05,850.76,Yes
CUS-01474,Female,0,Yes,No,57,Yes,Yes,No,No,Yes,Yes,Two year,No,Bank transfer (automatic),90.41,5163.39,No
CUS-01475,Female,0,Yes,No,30,Yes,Yes,No,No internet service,Yes,No,Month-to-month,No,Credit card (automatic),48.23,1408.12,No
CUS-01476,Male,1,No,No,3,Yes,Yes,Fiber optic,Yes,Yes,Yes,Month-to-month,No,Mailed check,99.35,303.89,Yes
CUS-01477,Female,0,Yes,No,29,Yes,No,DSL,No,Yes,No,Two year,No,Credit card (automatic),107.3,3153.57,No
CUS-01478,Female,0,No,No,14,Yes,Yes,No,No internet service,Yes,No,Month-to-month,Yes,Electronic check,113.55,1620.38,No
CUS-01479,Female,0,Yes,No,25,Yes,Yes,Fiber optic,Yes,No,No,Two year,Yes,Credit card (automatic),81.85,2013.46,No
CUS-01480,Male,0,No,No,10,Yes,No,Fiber optic,No internet service,No,No internet service,Month-to-month,No,Bank transfer (automatic),52.82,551.47,Yes
CUS-01481,Male,0,No,Yes,49,Yes,No,No,No,No,No internet service,Month-to-month,Yes,Bank transfer (automatic),56.75,2815.24,No
CUS-01482,Female,0,No,Yes,38,Yes,Yes,Fiber optic,No internet service,Yes,Yes,Month-to-month,Yes,Bank transfer (automatic),74.56,2727.66,No
CUS-01483,Male,1,No,Yes,71,Yes,Yes,Fiber optic,No,Yes,No,Month-to-month,Yes,Electronic check,75.55,5618.88,No
CUS-01484,Male,0,Yes,No,14,Yes,No,Fiber optic,No internet service,No,No internet service,Month-to-month,Yes,Bank transfer (automatic),97.24,1370.74,No
CUS-01485,Male,0,Yes,Yes,30,Yes,No phone service,DSL,No,No,No internet service,Month-to-month,Yes,Mailed check,26.49,810.47,No
CUS-01486,Male,0,No,No,40,Yes,No,Fiber optic,No,No,No,Month-to-month,No,Electronic check,74.66,2948.24,Yes
CUS-01487,Male,0,No,Yes,12,Yes,Yes,DSL,No internet service,No,Yes,Month-to-month,No,Electronic check,52.86,630.66,Yes
CUS-01488,Male,0,No,No,14,Yes,No,DSL,No,No,No internet service,Two year,Yes,Mailed check,101.39,1452.46,No
CUS-01489,Male,0,No,No,1,Yes,No phone service,Fiber optic,Yes,No,Yes,Two year,Yes,Credit card (automatic),53.21,55.15,No
CUS-01490,Male,0,No,No,68,Yes,No,Fiber optic,Yes,No,No,One year,Yes,Mailed check,64.78,4607.88,Yes
CUS-01491,Male,0,Yes,No,49,Yes,Yes,Fiber optic,No,Yes,Yes,One year,Yes,Electronic check,40.77,2095.62,Yes
CUS-01492,Male,0,Yes,No,18,Yes,Yes,No,No,No internet service,No,Month-to-month,Yes,Credit card (automatic),47.57,864.42,No
CUS-01493,Female,0,Yes,No,36,Yes,No phone service,DSL,No internet service,No,Yes,One year,No,Electronic check,73.56,2538.91,No
CUS-01494,Female,0,Yes,No,64,Yes,No,Fiber optic,No,Yes,No,Month-to-month,No,Electronic check,60.59,3908.17,No
CUS-01495,Male,0,No,No,28,Yes,No,Fiber optic,No,No,No,Month-to-month,Yes,Mailed check,38.15,1036.63,No
CUS-01496,Female,0,Yes,No,32,Yes,Yes,Fiber optic,No internet service,No,No,Month-to-month,No,Electronic check,65.39,2123.52,No
CUS-01497,Female,0,Yes,No,25,Yes,No,No,No,Yes,Yes,One year,Yes,Bank transfer (automatic),34.53,849.06,No
CUS-01498,Male,1,Yes,No,47,Yes,Yes,DSL,No,No internet service,Yes,Two year,No,Electronic check,106.17,5001.04,No
CUS-01499,Male,0,Yes,No,20,Yes,Yes,Fiber optic,Yes,No,No,Month-to-month,No,Bank transfer (automatic),110.42,2243.94,No
CUS-01500,Male,0,Yes,Yes,33,Yes,No,Fiber optic,Yes,No,No,Month-to-month,Yes,Electronic check,40.64,1395.88,No
CUS-01501,Female,0,No,Yes,30,Yes,Yes,No,No,No,No,Month-to-month,No,Credit card (automatic),23.23,717.3,Yes
CUS-01502,Female,0,Yes,No,37,Yes,Yes,Fiber optic,Yes,Yes,No internet service,Two year,Yes,Bank transfer (automatic),110.7,3899.76,No
CUS-01503,Male,0,No,No,53,Yes,No phone service,Fiber optic,Yes,No,No,Month-to-month,No,Credit card (automatic),49.2,2517.12,Yes
CUS-01504,Male,0,No,No,69,Yes,Yes,DSL,No,No,Yes,Month-to-month,Yes,Electronic check,36.8,2632.83,Yes
CUS-01505,Male,0,No,No,8,Yes,No,Fiber optic,No,No,No,Month-to-month,Yes,Mailed check,109.93,900.83,Yes
CUS-01506,Female,0,Yes,No,1,Yes,No,Fiber optic,No,Yes,No,Month-to-month,Yes,Bank transfer (automatic),106.26,102.52,Yes
CUS-01507,Female,0,Yes,No,7,Yes,No phone service,Fiber optic,No internet service,No,No,Month-to-month,Yes,Credit card (automatic),23.32,164.69,Yes
CUS-01508,Female,0,Yes,No,62,Yes,No,Fiber optic,No,No,Yes,Month-to-month,No,Mailed check,38.77,2424.79,No
CUS-01509,Female,0,Yes,No,58,Yes,No,DSL,No,No internet service,Yes,Month-to-month,No,Credit card (automatic),99.26,5915.35,Yes
CUS-01510,Male,0,No,No,8,Yes,Yes,DSL,No,No,Yes,Month-to-month,Yes,Electronic check,44.72,368.97,No
CUS-01511,Male,0,No,Yes,64,No,No,DSL,No,Yes,No,Month-to-month,Yes,Mailed check,84.84,5524.23,No
CUS-01512,Male,0,No,Yes,8,Yes,No phone service,DSL,Yes,No,No,Month-to-month,Yes,Electronic check,22.0,179.75,Yes
CUS-01513,Male,0,Yes,No,3,Yes,Yes,No,No,Yes,No,One year,Yes,Electronic check,102.16,311.59,Yes
CUS-01514,Female,0,No,No,58,Yes,No,No,Yes,No,No,Month-to-month,Yes,Electronic check,60.22,3370.86,Yes
CUS-01515,Female,1,Yes,No,32,Yes,Yes,No,Yes,No internet service,No,Two year,No,Bank transfer (automatic),65.01,2118.72,No
CUS-01516,Male,0,No,No,68,No,Yes,No,No,Yes,Yes,One year,No,Mailed check,98.83,6701.03,Yes
CUS-01517,Male,0,No,No,49,No,Yes,DSL,No,No,No,One year,Yes,Electronic check,63.42,3256.06,Yes
CUS-01518,Female,0,Yes,No,38,Yes,Yes,Fiber optic,No,No,No internet service,Month-to-month,No,Electronic check,28.41,1102.13,Yes
CUS-01519,Male,0,Yes,Yes,2,Yes,No phone service,No,No,Yes,No,Month-to-month,No,Credit card (automatic),68.44,135.16,Yes
CUS-01520,Female,0,No,No,9,Yes,No,Fiber optic,No,No,Yes,Two year,Yes,Electronic check,63.68,596.62,No
CUS-01521,Male,0,Yes,No,46,Yes,No,DSL,No,No internet service,Yes,Two year,Yes,Electronic check,63.0,2819.86,No
CUS-01522,Male,0,Yes,Yes,65,Yes,No,Fiber optic,Yes,No,No,Month-to-month,Yes,Electronic check,37.28,2415.31,Yes
CUS-01523,Male,0,Yes,No,49,Yes,No,DSL,No,No,Yes,Two year,Yes,Electronic check,34.4,1612.05,No
CUS-01524,Male,0,Yes,No,29,Yes,No,DSL,Yes,Yes,No,Month-to-month,No,Electronic check,95.79,2813.67,Yes
CUS-01525,Male,0,No,No,29,Yes,No,Fiber optic,No,No,No,Two year,No,Electronic check,79.92,2331.25,Yes
CUS-01526,Male,0,No,No,33,Yes,Yes,No,No,Yes,No internet service,Month-to-month,Yes,Electronic check,18.64,615.39,No
CUS-01527,Male,0,No,No,28,Yes,No,Fiber optic,Yes,Yes,No,Month-to-month,Yes,Mailed check,101.53,2759.45,Yes
CUS-01528,Female,0,Yes,No,26,Yes,No,Fiber optic,No,Yes,No,Month-to-month,Yes,Bank transfer (automatic),30.14,783.2,Yes
CUS-01529,Female,0,No,No,29,Yes,No phone service,Fiber optic,No internet service,Yes,Yes,Month-to-month,Yes,Electronic check,91.77,2650.46,No
CUS-01530,Female,0,No,Yes,11,Yes,No,No,No,No internet service,Yes,Month-to-month,Yes,Electronic check,27.61,289.19,No
CUS-01531,Female,0,Yes,No,34,Yes,No,DSL,No internet service,No,Yes,One year,No,Bank transfer (automatic),115.14,3782.59,No
CUS-01532,Female,0,Yes,No,48,Yes,No,Fiber optic,No,No,Yes,Month-to-month,Yes,Electronic check,108.05,5394.84,Yes
CUS-01533,Male,0,No,No,27,No,No,DSL,No internet service,No internet service,No,Month-to-month,No,Bank transfer (automatic),36.3,1008.42,No
CUS-01534,Male,1,Yes,No,40,Yes,No,Fiber optic,Yes,Yes,No,Month-to-month,No,Mailed check,18.84,724.96,Yes
CUS-01535,Female,0,Yes,No,31,Yes,Yes,DSL,No,No internet service,No,Two year,No,Credit card (automatic),23.97,778.2,Yes
CUS-01536,Male,0,Yes,Yes,65,Yes,Yes,No,No,No,Yes,Month-to-month,No,Electronic check,98.87,6404.26,Yes
CUS-01537,Female,0,Yes,No,39,Yes,No,DSL,No internet service,No,Yes,Two year,Yes,Bank transfer (automatic),25.68,1026.56,No
CUS-01538,Female,0,Yes,No,24,Yes,Yes,DSL,No,No internet service,No internet service,Month-to-month,No,Bank transfer (automatic),95.81,2309.05,No
CUS-01539,Male,1,Yes,No,68,No,Yes,DSL,Yes,Yes,No,Month-to-month,Yes,Mailed check,99.98,6978.34,Yes
CUS-01540,Male,0,No,No,23,No,No,Fiber optic,No internet service,Yes,Yes,One year,No,Electronic check,48.69,1138.06,No
CUS-01541,Male,0,Yes,No,61,Yes,No,Fiber optic,Yes,Yes,No internet service,One year,No,Electronic check,91.51,5339.35,Yes
CUS-01542,Female,0,No,No,27,No,No phone service,DSL,Yes,No internet service,No,One year,No,Bank transfer (automatic),100.03,2812.5,No
CUS-01543,Male,0,Yes,No,16,Yes,No phone service,DSL,No,Yes,Yes,Month-to-month,No,Electronic check,96.06,1578.22,Yes
CUS-01544,Female,1,No,No,45,Yes,No,No,No,No internet service,Yes,Month-to-month,Yes,Mailed check,37.16,1625.65,No
CUS-01545,Female,0,No,No,27,Yes,No,Fiber optic,No internet service,Yes,No,Month-to-month,No,Electronic check,62.93,1652.62,No
CUS-01546,Female,1,No,No,5,Yes,No,No,No,No,No,Two year,Yes,Mailed check,24.82,126.42,No
CUS-01547,Male,0,No,No,59,No,No,Fiber optic,No,No,No internet service,One year,No,Electronic check,70.53,4244.88,No
CUS-01548,Male,0,No,Yes,35,Yes,Yes,Fiber optic,Yes,No internet service,Yes,One year,No,Mailed check,62.23,2088.11,Yes
CUS-01549,Female,0,No,No,70,Yes,No,Fiber optic,No,No,No,Month-to-month,Yes,Credit card (automatic),108.26,7885.14,No
CUS-01550,Male,0,Yes,Yes,46,Yes,No,Fiber optic,No,No,No,One year,Yes,Electronic check,19.81,933.76,No
CUS-01551,Male,0,Yes,Yes,56,Yes,Yes,No,Yes,No internet service,No,Two year,No,Credit card (automatic),71.02,4169.63,No
CUS-01552,Male,0,No,No,24,Yes,No,DSL,No internet service,No internet service,Yes,Month-to-month,Yes,Electronic check,91.23,2174.79,No
CUS-01553,Female,0,Yes,Yes,10,Yes,No,Fiber optic,Yes,Yes,No,Month-to-month,Yes,Bank transfer (automatic),64.4,617.35,No
CUS-01554,Female,0,No,No,38,Yes,Yes,Fiber optic,No,No,Yes,One year,Yes,Electronic check,41.81,1653.23,No
CUS-01555,Male,0,No,Yes,70,Yes,No,Fiber optic,No internet service,Yes,No internet service,One year,No,Mailed check,78.98,5701.57,No
CUS-01556,Female,0,Yes,No,48,Yes,Yes,Fiber optic,Yes,No,No,One year,No,Mailed check,116.71,5322.1,No
CUS-01557,Male,0,No,Yes,9,Yes,Yes,DSL,Yes,No,No,Month-to-month,Yes,Bank transfer (automatic),22.1,199.5,No
CUS-01558,Male,0,Yes,Yes,50,Yes,No,DSL,No,No,No,Month-to-month,Yes,Credit card (automatic),37.6,1787.41,Yes
CUS-01559,Male,0,Yes,No,69,Yes,No phone service,DSL,No,No,No internet service,One year,No,Credit card (automatic),67.06,4558.43,No
CUS-01560,Male,0,No,No,48,Yes,Yes,No,No,Yes,No,One year,Yes,Electronic check,77.76,3870.38,Yes
CUS-01561,Female,1,Yes,No,39,Yes,No phone service,No,No,No,No,One year,Yes,Electronic check,80.42,3190.89,Yes
CUS-01562,Female,0,No,Yes,5,Yes,Yes,DSL,No internet service,No internet service,No internet service,Two year,Yes,Credit card (automatic),24.02,124.31,No
CUS-01563,Female,0,No,No,11,Yes,Yes,DSL,No internet service,No internet service,No internet service,Two year,No,Electronic check,30.29,335.1,No
CUS-01564,Male,0,Yes,No,60,Yes,Yes,DSL,No internet service,No,Yes,Month-to-month,Yes,Credit card (automatic),112.47,6933.21,Yes
CUS-01565,Male,0,No,Yes,27,No,Yes,DSL,Yes,Yes,No,Month-to-month,No,Electronic check,25.53,688.36,Yes
CUS-01566,Male,1,No,No,7,No,Yes,DSL,Yes,Yes,No internet service,Month-to-month,Yes,Credit card (automatic),59.91,419.49,No
CUS-01567,Female,0,Yes,No,60,Yes,No phone service,DSL,Yes,No internet service,No,Month-to-month,No,Electronic check,75.73,4588.33,No
CUS-01568,Male,0,Yes,No,50,Yes,Yes,No,No,No,No,Two year,Yes,Electronic check,49.42,2382.19,No
CUS-01569,Female,0,No,No,67,Yes,Yes,Fiber optic,Yes,No,Yes,Month-to-month,Yes,Mailed check,43.57,2961.06,Yes
CUS-01570,Female,0,No,No,69,No,No,DSL,No internet service,Yes,No,Two year,No,Bank transfer (automatic),47.02,3359.78,No
CUS-01571,Female,0,Yes,No,55,Yes,Yes,Fiber optic,No,Yes,No,Month-to-month,No,Mailed check,46.26,2457.67,Yes
CUS-01572,Female,0,Yes,No,16,Yes,No,Fiber optic,No,No internet service,Yes,Month-to-month,Yes,Bank transfer (automatic),55.94,884.02,No
CUS-01573,Female,0,No,No,12,Yes,No,DSL,No,No internet service,Yes,Month-to-month,Yes,Credit card (automatic),29.61,370.25,No
CUS-01574,Female,1,No,No,27,No,Yes,Fiber optic,No,No,Yes,Month-to-month,Yes,Credit card (automatic),103.35,2737.82,Yes
CUS-01575,Male,0,Yes,No,33,Yes,No,DSL,Yes,No,Yes,Month-to-month,Yes,Credit card (automatic),93.94,3216.33,No
CUS-01576,Male,0,No,No,55,Yes,Yes,DSL,No,No internet service,Yes,Month-to-month,Yes,Electronic check,21.41,1194.18,No
CUS-01577,Female,0,Yes,No,52,Yes,Yes,DSL,No,Yes,No internet service,Month-to-month,No,Electronic check,94.13,5062.86,No
CUS-01578,Female,0,No,No,37,Yes,Yes,No,No,No internet service,Yes,Month-to-month,Yes,Bank transfer (automatic),100.81,3596.71,No
CUS-01579,Male,1,Yes,Yes,15,Yes,No,Fiber optic,Yes,Yes,No,Two year,Yes,Bank transfer (automatic),110.2,1700.44,No
CUS-01580,Female,0,Yes,No,65,Yes,No,Fiber optic,No internet service,No internet service,Yes,One year,No,Electronic check,79.29,4911.46,No
CUS-01581,Female,0,Yes,No,68,Yes,No,No,No internet service,No,No,Two year,No,Electronic check,103.28,6949.0,No
CUS-01582,Male,0,No,No,3,Yes,No,DSL,Yes,No,No,Month-to-month,No,Credit card (automatic),93.91,275.53,Yes
CUS-01583,Female,0,No,No,5,Yes,No,No,No,No,No,Month-to-month,No,Electronic check,20.54,104.15,No
CUS-01584,Female,1,No,No,9,Yes,Yes,Fiber optic,No,Yes,No internet service,Two year,Yes,Mailed check,99.1,915.5,Yes
CUS-01585,Female,0,No,No,1,Yes,No phone service,Fiber optic,Yes,Yes,Yes,One year,Yes,Electronic check,76.1,74.92,No
CUS-01586,Male,0,Yes,No,30,Yes,No phone service,No,No internet service,No,No,Two year,No,Bank transfer (automatic),83.06,2575.8,No
CUS-01587,Male,1,No,No,71,No,No,Fiber optic,No internet service,No,No internet service,Month-to-month,Yes,Credit card (automatic),106.49,7599.89,No
CUS-01588,Male,1,Yes,No,20,Yes,Yes,No,No,Yes,No,Month-to-month,Yes,Electronic check,19.04,390.43,No
CUS-01589,Female,0,No,Yes,27,Yes,No,No,No internet service,No,No internet service,Two year,No,Bank transfer (automatic),28.79,794.83,No
CUS-01590,Female,0,Yes,No,63,Yes,Yes,DSL,No,Yes,Yes,One year,Yes,Credit card (automatic),75.38,4577.22,No
CUS-01591,Male,0,Yes,No,31,Yes,No,DSL,No,No,No internet service,Two year,No,Bank transfer (automatic),58.96,1870.06,Yes
CUS-01592,Female,0,No,No,19,Yes,Yes,DSL,No,No internet service,No,Month-to-month,Yes,Bank transfer (automatic),59.8,1173.27,No
CUS-01593,Female,1,No,No,62,Yes,No,DSL,Yes,Yes,Yes,Month-to-month,Yes,Mailed check,49.22,2909.74,Yes
CUS-01594,Female,0,No,Yes,7,Yes,Yes,Fiber optic,Yes,Yes,No,Month-to-month,Yes,Bank transfer (automatic),99.85,675.35,Yes
CUS-01595,Female,0,No,No,37,Yes,No phone service,DSL,No,No,No,Two year,Yes,Credit card (automatic),28.36,1051.46,No
CUS-01596,Female,0,Yes,No,71,Yes,Yes,DSL,No,No,Yes,Two year,No,Electronic check,71.3,4838.97,No
CUS-01597,Male,0,No,No,8,No,No,Fiber optic,No,No,No,Month-to-month,Yes,Electronic check,63.82,503.72,No
CUS-01598,Female,0,Yes,Yes,57,Yes,No phone service,No,No,Yes,Yes,Month-to-month,No,Credit card (automatic),73.13,4309.88,Yes
CUS-01599,Male,0,No,No,28,Yes,Yes,DSL,Yes,No,No internet service,Month-to-month,No,Electronic check,23.06,619.92,No
CUS-01600,Female,0,No,Yes,17,Yes,No phone service,DSL,No,No,No,Two year,No,Credit card (automatic),85.38,1399.2,Yes
CUS-01601,Male,0,Yes,No,11,No,Yes,DSL,No,Yes,Yes,Two year,No,Credit card (automatic),19.35,204.75,No
CUS-01602,Female,0,Yes,No,15,No,No phone service,No,Yes,No,Yes,Month-to-month,Yes,Electronic check,70.78,1066.46,No
CUS-01603,Male,0,Yes,Yes,30,Yes,No phone service,Fiber optic,No internet service,No internet service,No internet service,Month-to-month,No,Mailed check,44.55,1310.32,Yes
CUS-01604,Female,0,Yes,No,6,Yes,Yes,No,No,No,Yes,Month-to-month,No,Electronic check,49.31,305.22,Yes
CUS-01605,Male,0,Yes,No,12,Yes,No,No,Yes,No,Yes,Month-to-month,No,Mailed check,91.84,1111.14,No
CUS-01606,Female,0,Yes,No,61,Yes,Yes,No,No,Yes,No,Month-to-month,Yes,Mailed check,116.59,7232.9,No
CUS-01607,Male,0,Yes,No,36,Yes,Yes,DSL,No,No internet service,Yes,Month-to-month,Yes,Mailed check,65.54,2314.03,No
CUS-01608,Female,0,No,No,35,Yes,Yes,Fiber optic,No,Yes,Yes,Month-to-month,No,Electronic check,84.95,2970.81,Yes
CUS-01609,Male,0,No,No,67,Yes,Yes,No,No internet service,Yes,No,One year,Yes,Mailed check,42.85,2833.82,No
CUS-01610,Male,0,Yes,No,63,Yes,No,DSL,No,No internet service,Yes,Month-to-month,Yes,Bank transfer (automatic),73.4,4622.94,No
CUS-01611,Female,1,Yes,No,40,Yes,No,Fiber optic,No internet service,No,Yes,Two year,Yes,Mailed check,28.0,1141.09,No
CUS-01612,Female,0,Yes,No,31,Yes,No,Fiber optic,No internet service,No,No,Month-to-month,Yes,Credit card (automatic),103.02,3177.92,Yes
CUS-01613,Male,0,No,Yes,37,Yes,Yes,Fiber optic,Yes,No internet service,No internet service,Month-to-month,Yes,Credit card (automatic),63.57,2250.17,Yes
CUS-01614,Female,1,No,No,5,Yes,No phone service,No,Yes,No,No internet service,Month-to-month,Yes,Credit card (automatic),54.15,267.25,No
CUS-01615,Male,0,No,No,4,Yes,Yes,Fiber optic,No,No,No,Month-to-month,Yes,Electronic check,69.34,288.14,Yes
CUS-01616,Male,0,No,No,26,Yes,Yes,Fiber optic,No,No,No,Month-to-month,Yes,Electronic check,109.29,2933.38,Yes
CUS-01617,Male,0,No,Yes,24,Yes,No,Fiber optic,No internet service,No internet service,No internet service,Two year,Yes,Electronic check,95.65,2372.02,Yes
CUS-01618,Female,1,No,No,39,Yes,No,Fiber optic,No internet service,Yes,No,Two year,Yes,Mailed check,33.27,1256.15,No
CUS-01619,Male,0,Yes,Yes,56,Yes,No,No,No,No internet service,No,Month-to-month,No,Bank transfer (automatic),94.8,5085.5,No
CUS-01620,Male,0,No,No,54,Yes,No,No,No,No,No internet service,One year,Yes,Electronic check,57.29,3190.58,No
CUS-01621,Female,0,No,No,38,Yes,Yes,No,No,No,No,Two year,Yes,Electronic check,57.5,2221.26,No
CUS-01622,Female,0,No,No,54,Yes,Yes,No,No,No,No internet service,Month-to-month,Yes,Electronic check,93.78,5068.31,Yes
CUS-01623,Female,0,No,No,19,Yes,No,Fiber optic,Yes,Yes,No internet service,Month-to-month,No,Mailed check,63.97,1238.18,No
CUS-01624,Female,0,Yes,No,26,Yes,No,DSL,No,No,No,Month-to-month,Yes,Credit card (automatic),25.25,684.79,No
CUS-01625,Male,0,No,No,52,Yes,Yes,DSL,No,No internet service,No internet service,Month-to-month,Yes,Mailed check,42.68,2137.05,No
CUS-01626,Male,0,Yes,Yes,61,Yes,No,DSL,No,No,Yes,Month-to-month,Yes,Bank transfer (automatic),107.46,6338.42,No
CUS-01627,Male,0,Yes,No,67,Yes,No,Fiber optic,Yes,No,No,Month-to-month,Yes,Mailed check,77.19,5218.21,No
CUS-01628,Male,0,Yes,No,22,Yes,No,DSL,Yes,No internet service,Yes,Month-to-month,No,Bank transfer (automatic),104.22,2340.26,Yes
CUS-01629,Female,1,No,No,17,Yes,Yes,DSL,No,No internet service,No internet service,Month-to-month,No,Bank transfer (automatic),48.52,836.68,Yes
CUS-01630,Male,0,No,No,11,Yes,No,DSL,No internet service,No,Yes,Month-to-month,No,Electronic check,86.9,932.38,Yes
CUS-01631,Male,0,No,No,39,Yes,Yes,Fiber optic,No internet service,Yes,No internet service,Month-to-month,Yes,Bank transfer (automatic),96.53,3810.67,Yes
CUS-01632,Female,0,No,No,61,Yes,Yes,DSL,No,No,Yes,Two year,Yes,Mailed check,36.29,2227.02,No
CUS-01633,Male,0,Yes,Yes,49,No,No,Fiber optic,No internet service,No internet service,No,One year,No,Credit card (automatic),20.33,948.77,Yes
CUS-01634,Male,0,No,No,61,Yes,No,DSL,Yes,No,Yes,Two year,Yes,Electronic check,81.44,5028.62,No
CUS-01635,Male,0,No,Yes,12,Yes,No,Fiber optic,No internet service,No,No,One year,Yes,Credit card (automatic),75.69,903.84,No
CUS-01636,Male,0,No,No,13,Yes,Yes,No,No,No,No,Two year,Yes,Mailed check,21.98,295.84,No
CUS-01637,Male,0,Yes,No,58,Yes,No phone service,DSL,No internet service,No,No internet service,Two year,Yes,Electronic check,59.08,3479.87,No
CUS-01638,Male,0,No,No,11,Yes,Yes,No,Yes,No internet service,No,One year,Yes,Electronic check,74.34,821.56,No
CUS-01639,Female,1,No,No,64,Yes,No,Fiber optic,No internet service,No,No,One year,No,Electronic check,39.21,2608.69,Yes
CUS-01640,Female,1,No,No,31,Yes,Yes,DSL,No,No internet service,Yes,Month-to-month,Yes,Credit card (automatic),27.65,871.19,No
CUS-01641,Male,0,No,No,11,Yes,Yes,DSL,Yes,No,Yes,One year,No,Electronic check,98.13,1052.5,Yes
CUS-01642,Male,0,No,No,43,Yes,Yes,No,No,No internet service,No internet service,Month-to-month,Yes,Credit card (automatic),110.5,4736.09,No
CUS-01643,Female,0,No,No,36,Yes,Yes,Fiber optic,Yes,No,Yes,One year,Yes,Credit card (automatic),62.75,2297.95,No
CUS-01644,Male,1,No,Yes,2,Yes,No,DSL,No,No internet service,No internet service,Month-to-month,No,Mailed check,31.4,64.81,Yes
CUS-01645,Male,0,No,Yes,61,Yes,No phone service,No,No,No internet service,Yes,Two year,Yes,Electronic check,60.13,3588.46,No
CUS-01646,Male,1,Yes,No,36,Yes,Yes,No,No,No,Yes,Two year,Yes,Mailed check,45.91,1690.2,No
CUS-01647,Female,0,No,No,49,Yes,No,Fiber optic,No internet service,No,No internet service,Month-to-month,Yes,Credit card (automatic),67.05,3345.51,Yes
CUS-01648,Male,1,No,No,27,Yes,No,No,No internet service,No internet service,No internet service,One year,Yes,Credit card (automatic),18.9,492.29,No
CUS-01649,Female,0,No,No,12,Yes,No,Fiber optic,Yes,No,Yes,Two year,No,Mailed check,104.7,1212.79,No
CUS-01650,Male,0,No,Yes,58,Yes,Yes,DSL,Yes,No,No,Two year,Yes,Mailed check,23.81,1381.21,No
CUS-01651,Female,0,Yes,No,6,Yes,No phone service,Fiber optic,No,No internet service,No internet service,Two year,Yes,Mailed check,60.99,362.69,Yes
CUS-01652,Female,0,Yes,No,44,Yes,Yes,No,Yes,No,Yes,Month-to-month,Yes,Credit card (automatic),84.11,3565.23,No
CUS-01653,Male,0,No,No,47,Yes,No,DSL,No internet service,No internet service,Yes,Month-to-month,Yes,Credit card (automatic),83.11,3745.1,Yes
CUS-01654,Female,0,No,No,23,Yes,No,DSL,No,No,No,Month-to-month,No,Electronic check,47.82,1143.59,Yes
CUS-01655,Male,0,Yes,No,26,Yes,Yes,DSL,No,No,Yes,Two year,No,Credit card (automatic),67.96,1712.46,No
CUS-01656,Female,0,Yes,No,7,No,No,DSL,Yes,Yes,No,One year,No,Credit card (automatic),67.69,467.56,No
CUS-01657,Male,0,Yes,Yes,32,Yes,Yes,DSL,No,No,No,Month-to-month,Yes,Mailed check,31.13,992.79,No
CUS-01658,Male,0,Yes,No,33,Yes,Yes,No,No internet service,No,No internet service,Two year,No,Mailed check,55.24,1746.91,No
CUS-01659,Female,0,Yes,Yes,20,Yes,Yes,No,No,No,No internet service,Month-to-month,No,Credit card (automatic),29.93,576.94,No
CUS-01660,Male,0,Yes,Yes,69,Yes,No phone service,DSL,No internet service,No,No,One year,No,Credit card (automatic),23.71,1640.15,No
CUS-01661,Male,1,Yes,Yes,52,Yes,No,Fiber optic,Yes,No internet service,No,One year,No,Mailed check,23.56,1249.55,No
CUS-01662,Female,0,Yes,Yes,42,Yes,Yes,Fiber optic,Yes,No,No,Month-to-month,No,Mailed check,61.5,2671.98,Yes
CUS-01663,Male,0,Yes,No,1,Yes,Yes,DSL,No internet service,Yes,Yes,Month-to-month,No,Electronic check,90.96,94.26,No
CUS-01664,Male,0,No,Yes,63,Yes,Yes,DSL,No,No,No internet service,Month-to-month,Yes,Electronic check,116.45,7369.38,Yes
CUS-01665,Female,0,Yes,Yes,7,Yes,No,DSL,Yes,No,Yes,One year,Yes,Credit card (automatic),75.12,514.63,No
CUS-01666,Female,0,Yes,No,58,Yes,No,Fiber optic,No,No internet service,Yes,Month-to-month,No,Electronic check,47.93,2802.06,Yes
CUS-01667,Male,0,Yes,No,50,Yes,No phone service,DSL,No,No,No,Month-to-month,Yes,Credit card (automatic),38.71,1959.31,Yes
CUS-01668,Male,0,Yes,No,34,Yes,No,DSL,No,No,Yes,Two year,Yes,Mailed check,87.48,2910.94,No
CUS-01669,Female,0,Yes,No,51,No,No,DSL,No internet service,No,No,Month-to-month,Yes,Electronic check,23.18,1201.95,Yes
CUS-01670,Female,0,Yes,No,10,No,Yes,No,Yes,No internet service,Yes,One year,Yes,Electronic check,44.23,427.89,No
CUS-01671,Male,1,No,No,26,Yes,Yes,Fiber optic,No,No,No,Month-to-month,Yes,Electronic check,86.85,2211.99,Yes
CUS-01672,Female,1,No,Yes,32,Yes,No,Fiber optic,No,No,No internet service,Month-to-month,No,Credit card (automatic),62.5,2086.01,No
CUS-01673,Male,0,No,No,42,Yes,No,No,No,No,No,Two year,No,Electronic check,68.02,2859.71,Yes
CUS-01674,Male,0,No,Yes,62,Yes,No,DSL,No,Yes,Yes,One year,Yes,Bank transfer (automatic),115.55,6913.73,No
CUS-01675,Male,0,Yes,Yes,12,Yes,Yes,Fiber optic,No,No internet service,Yes,Month-to-month,Yes,Mailed check,58.46,713.33,No
CUS-01676,Male,0,No,No,40,Yes,Yes,DSL,Yes,No,No,Month-to-month,Yes,Bank transfer (automatic),77.51,3016.6,Yes
CUS-01677,Male,0,Yes,No,34,Yes,No,DSL,No,No,No,Month-to-month,Yes,Electronic check,117.86,3820.84,Yes
CUS-01678,Female,0,No,No,70,Yes,No phone service,No,Yes,Yes,No,Two year,No,Electronic check,86.64,6290.35,No
CUS-01679,Female,1,Yes,No,27,Yes,No,No,Yes,Yes,No internet service,Month-to-month,No,Credit card (automatic),69.45,1862.85,No
CUS-01680,Female,1,No,No,8,Yes,Yes,DSL,No,No,Yes,Month-to-month,Yes,Bank transfer (automatic),50.39,414.3,No
CUS-01681,Female,0,No,No,47,Yes,No,DSL,Yes,No,No,Two year,Yes,Electronic check,115.65,5628.24,No
CUS-01682,Male,0,Yes,Yes,26,Yes,No,Fiber optic,No,No,No,Month-to-month,No,Bank transfer (automatic),47.38,1240.93,No
CUS-01683,Male,0,No,No,57,Yes,Yes,Fiber optic,Yes,No internet service,No internet service,Two year,Yes,Bank transfer (automatic),29.58,1618.09,No
CUS-01684,Male,0,Yes,No,7,No,Yes,DSL,No,No internet service,Yes,Two year,Yes,Electronic check,110.59,760.21,No
CUS-01685,Male,0,No,Yes,26,Yes,No,Fiber optic,No internet service,No,Yes,Month-to-month,No,Credit card (automatic),49.9,1265.34,No
CUS-01686,Female,0,No,No,59,Yes,No,No,Yes,No,Yes,Month-to-month,No,Bank transfer (automatic),76.89,4583.77,No
CUS-01687,Male,1,Yes,No,69,Yes,No,DSL,No,No,No,One year,Yes,Mailed check,82.59,5647.91,No
CUS-01688,Male,0,Yes,Yes,47,No,No,No,No,No,No,One year,Yes,Electronic check,44.09,2054.05,Yes
CUS-01689,Female,0,Yes,No,35,Yes,Yes,DSL,Yes,Yes,No internet service,Month-to-month,Yes,Mailed check,60.34,2144.54,No
CUS-01690,Female,0,No,No,30,Yes,Yes,Fiber optic,No,Yes,No internet service,Two year,No,Electronic check,33.55,959.38,No
CUS-01691,Female,0,Yes,Yes,50,Yes,No,No,Yes,Yes,Yes,One year,Yes,Electronic check,106.45,5126.78,No
CUS-01692,Female,0,No,No,24,Yes,No,Fiber optic,Yes,Yes,No,Two year,Yes,Electronic check,76.45,1906.09,No
CUS-01693,Male,0,No,No,30,Yes,No,DSL,No internet service,No internet service,Yes,Month-to-month,No,Bank transfer (automatic),107.03,3318.84,No
CUS-01694,Male,0,Yes,No,54,Yes,Yes,No,Yes,No,No internet service,Month-to-month,No,Bank transfer (automatic),43.71,2464.45,No
CUS-01695,Female,0,No,Yes,67,Yes,Yes,DSL,No,Yes,Yes,Two year,Yes,Electronic check,81.4,5295.49,No
CUS-01696,Male,0,No,No,32,Yes,Yes,Fiber optic,Yes,Yes,No internet service,One year,No,Bank transfer (automatic),39.8,1253.35,No
CUS-01697,Male,1,Yes,No,8,Yes,Yes,Fiber optic,No,No,No,One year,No,Electronic check,46.9,360.64,Yes
CUS-01698,Male,0,Yes,No,50,Yes,No,Fiber optic,No,No,No,One year,Yes,Credit card (automatic),54.11,2743.48,Yes
CUS-01699,Female,0,No,No,47,Yes,No,Fiber optic,No,No,No,Month-to-month,No,Bank transfer (automatic),72.94,3524.67,Yes
CUS-01700,Male,0,Yes,No,46,Yes,Yes,Fiber optic,No,No,No,Month-to-month,Yes,Bank transfer (automatic),73.58,3424.57,Yes
CUS-01701,Female,0,Yes,Yes,35,Yes,No,DSL,No,No internet service,Yes,One year,Yes,Electronic check,38.03,1343.89,No
CUS-01702,Male,0,Yes,Yes,61,Yes,No,Fiber optic,No,No,No,One year,Yes,Credit card (automatic),22.61,1420.93,No
CUS-01703,Male,1,No,No,51,Yes,Yes,DSL,No,No internet service,No,Two year,No,Credit card (automatic),95.21,4655.8,No
CUS-01704,Male,1,No,No,63,Yes,No,DSL,No internet service,No,No internet service,Month-to-month,Yes,Mailed check,70.61,4556.15,No
CUS-01705,Female,0,No,No,8,Yes,Yes,Fiber optic,No internet service,No,No,Month-to-month,Yes,Electronic check,49.33,410.13,No
CUS-01706,Male,0,Yes,No,34,Yes,No,Fiber optic,No,No,No,Two year,No,Mailed check,23.28,803.07,No
CUS-01707,Female,0,No,No,25,Yes,Yes,DSL,No internet service,No,No internet service,Two year,No,Electronic check,28.46,724.59,No
CUS-01708,Female,0,No,Yes,44,Yes,Yes,Fiber optic,No,Yes,No internet service,Month-to-month,Yes,Bank transfer (automatic),60.36,2693.86,Yes
CUS-01709,Female,0,Yes,No,43,Yes,No,Fiber optic,No internet service,No internet service,Yes,Month-to-month,No,Credit card (automatic),66.38,2946.76,Yes
CUS-01710,Male,0,Yes,Yes,50,Yes,Yes,Fiber optic,No,No internet service,Yes,Month-to-month,Yes,Bank transfer (automatic),55.75,2758.73,No
CUS-01711,Male,0,No,Yes,13,Yes,Yes,Fiber optic,No internet service,Yes,Yes,Month-to-month,Yes,Electronic check,74.65,1005.2,No
CUS-01712,Male,0,No,No,46,Yes,Yes,No,No,No internet service,No,One year,Yes,Mailed check,99.41,4467.73,Yes
CUS-01713,Male,0,No,No,53,Yes,No,Fiber optic,No,No,No internet service,One year,Yes,Credit card (automatic),85.71,4367.82,Yes
CUS-01714,Female,1,No,Yes,63,Yes,No,No,No,Yes,No internet service,Two year,No,Electronic check,104.7,6306.93,Yes
CUS-01715,Female,0,No,No,2,Yes,Yes,DSL,No internet service,No,No internet service,Month-to-month,Yes,Credit card (automatic),79.58,152.77,No
CUS-01716,Female,0,Yes,Yes,40,Yes,Yes,Fiber optic,No internet service,Yes,Yes,One year,Yes,Electronic check,28.5,1135.01,No
CUS-01717,Male,0,No,No,23,Yes,No,Fiber optic,Yes,Yes,Yes,Two year,No,Mailed check,32.99,765.99,No
CUS-01718,Female,0,No,Yes,59,Yes,Yes,Fiber optic,No,Yes,Yes,Two year,No,Bank transfer (automatic),57.05,3411.6,No
CUS-01719,Male,0,No,No,69,Yes,No,No,Yes,No,No,Month-to-month,Yes,Mailed check,46.39,3221.57,No
CUS-01720,Female,0,Yes,No,34,No,Yes,DSL,Yes,No,Yes,Month-to-month,No,Bank transfer (automatic),83.22,2746.55,No
CUS-01721,Male,1,No,No,27,Yes,No,Fiber optic,No internet service,Yes,Yes,Two year,Yes,Mailed check,80.58,2255.22,No
CUS-01722,Male,0,No,Yes,55,Yes,No,DSL,No,No,Yes,Month-to-month,Yes,Bank transfer (automatic),64.26,3432.13,Yes
CUS-01723,Female,0,Yes,Yes,4,Yes,Yes,Fiber optic,No,No,Yes,One year,Yes,Electronic check,82.36,340.17,Yes
CUS-01724,Female,0,Yes,No,68,Yes,No,No,No,No,Yes,Two year,Yes,Bank transfer (automatic),109.12,7579.07,No
CUS-01725,Female,0,No,No,70,No,No,Fiber optic,No,Yes,No internet service,Month-to-month,No,Credit card (automatic),67.17,4633.84,No
CUS-01726,Female,0,Yes,Yes,27,Yes,Yes,Fiber optic,No,No,Yes,Month-to-month,No,Electronic check,52.73,1412.61,No
CUS-01727,Male,1,No,No,47,Yes,Yes,Fiber optic,Yes,Yes,No internet service,Month-to-month,No,Electronic check,65.62,3180.89,No
CUS-01728,Female,0,No,No,40,Yes,Yes,DSL,No,No,No internet service,Two year,Yes,Mailed check,32.51,1363.5,No
CUS-01729,Female,0,Yes,No,27,Yes,Yes,DSL,Yes,No internet service,No,One year,Yes,Mailed check,27.74,729.75,No
CUS-01730,Female,0,No,Yes,7,Yes,Yes,Fiber optic,Yes,No,No internet service,Month-to-month,No,Electronic check,59.05,421.15,Yes
CUS-01731,Male,0,No,No,23,Yes,No,Fiber optic,No,No,Yes,One year,Yes,Bank transfer (automatic),110.34,2429.79,No
CUS-01732,Male,1,No,No,64,Yes,No,Fiber optic,No internet service,Yes,No internet service,Month-to-month,Yes,Mailed check,104.29,6394.79,No
CUS-01733,Female,1,Yes,Yes,29,Yes,No,DSL,Yes,No,No internet service,Month-to-month,Yes,Credit card (automatic),85.83,2476.87,Yes
CUS-01734,Male,0,No,No,61,No,No,Fiber optic,No internet service,No internet service,No internet service,Month-to-month,Yes,Mailed check,89.89,5219.2,Yes
CUS-01735,Female,0,Yes,No,44,Yes,No,No,No,No,Yes,One year,Yes,Credit card (automatic),104.06,4766.57,No
CUS-01736,Male,0,Yes,No,69,Yes,No,DSL,Yes,No,No internet service,One year,Yes,Bank transfer (automatic),109.54,7472.34,No
CUS-01737,Male,0,Yes,No,27,Yes,No phone service,Fiber optic,No,No,No internet service,Two year,Yes,Mailed check,83.94,2239.46,No
CUS-01738,Male,1,Yes,Yes,12,Yes,Yes,Fiber optic,No,Yes,No internet service,Month-to-month,Yes,Mailed check,56.6,667.37,No
CUS-01739,Male,0,Yes,No,17,Yes,Yes,No,No internet service,No internet service,Yes,Two year,Yes,Credit card (automatic),32.75,545.55,No
CUS-01740,Female,0,No,Yes,37,Yes,Yes,Fiber optic,No internet service,No,Yes,Month-to-month,Yes,Bank transfer (automatic),18.69,663.4,No
CUS-01741,Female,0,No,Yes,34,Yes,No,Fiber optic,No,Yes,Yes,Month-to-month,Yes,Bank transfer (automatic),82.79,2845.1,Yes
CUS-01742,Female,0,Yes,No,36,Yes,Yes,Fiber optic,No internet service,No,No,Month-to-month,Yes,Electronic check,57.78,2028.78,No
CUS-01743,Male,0,Yes,No,6,Yes,Yes,DSL,No,No,Yes,Two year,No,Mailed check,25.97,153.44,No
CUS-01744,Female,0,No,No,32,No,No,Fiber optic,No,No,No internet service,Month-to-month,Yes,Bank transfer (automatic),45.87,1443.79,Yes
CUS-01745,Female,0,Yes,Yes,22,No,No phone service,Fiber optic,Yes,No,No,Two year,No,Bank transfer (automatic),64.87,1404.25,No
CUS-01746,Female,0,No,No,10,Yes,No phone service,Fiber optic,No,No,Yes,Month-to-month,No,Credit card (automatic),96.36,1000.16,Yes
CUS-01747,Male,0,No,Yes,29,Yes,No,DSL,Yes,No,No,Two year,No,Credit card (automatic),49.48,1430.75,Yes
CUS-01748,Male,0,No,Yes,11,Yes,Yes,DSL,No,No,No,Month-to-month,No,Mailed check,83.62,920.74,Yes
CUS-01749,Male,0,Yes,No,66,Yes,No,DSL,No internet service,No,Yes,Two year,No,Electronic check,22.32,1514.96,No
CUS-01750,Female,0,Yes,No,56,Yes,No,Fiber optic,No internet service,No,Yes,Two year,No,Electronic check,114.24,6274.53,Yes
CUS-01751,Female,0,Yes,Yes,58,No,No phone service,No,No internet service,Yes,No,One year,No,Mailed check,115.17,6853.89,No
CUS-01752,Female,1,Yes,Yes,52,Yes,No,DSL,Yes,No,No,One year,Yes,Electronic check,70.83,3565.48,Yes
CUS-01753,Male,0,Yes,Yes,61,Yes,Yes,DSL,No,Yes,No,Month-to-month,No,Electronic check,83.76,5215.81,No
CUS-01754,Male,0,No,No,17,No,Yes,No,No internet service,No internet service,Yes,One year,No,Electronic check,94.46,1548.63,No
CUS-01755,Female,0,No,No,30,Yes,No phone service,Fiber optic,Yes,No,Yes,Month-to-month,Yes,Mailed check,115.04,3516.4,Yes
CUS-01756,Male,0,No,Yes,37,Yes,Yes,No,No internet service,Yes,No,Month-to-month,No,Credit card (automatic),72.46,2672.67,No
CUS-01757,Male,0,No,No,5,No,Yes,DSL,Yes,No internet service,No,Month-to-month,No,Electronic check,93.54,447.37,Yes
CUS-01758,Male,0,Yes,Yes,26,Yes,No,No,No,Yes,No,Two year,Yes,Mailed check,37.24,978.02,No
CUS-01759,Male,0,No,Yes,70,Yes,Yes,No,No,No,No,Month-to-month,Yes,Mailed check,33.4,2382.75,No
CUS-01760,Female,0,Yes,No,1,Yes,No phone service,DSL,No internet service,No,Yes,Month-to-month,Yes,Mailed check,89.25,86.59,Yes
CUS-01761,Male,0,Yes,No,9,Yes,Yes,DSL,No,No,Yes,Month-to-month,No,Bank transfer (automatic),110.39,1036.76,Yes
CUS-01762,Male,0,No,Yes,71,Yes,Yes,DSL,No internet service,No,Yes,Two year,Yes,Mailed check,74.76,5163.28,Yes
CUS-01763,Male,0,No,Yes,64,Yes,No phone service,DSL,Yes,No internet service,No,Two year,No,Mailed check,71.45,4486.53,No
CUS-01764,Male,0,No,Yes,24,Yes,Yes,No,No,No,No,One year,Yes,Credit card (automatic),75.11,1845.18,No
CUS-01765,Female,0,Yes,No,5,Yes,No,Fiber optic,No,No,Yes,One year,Yes,Electronic check,105.95,513.88,No
CUS-01766,Female,0,Yes,Yes,51,Yes,No,Fiber optic,No,No,Yes,Two year,No,Credit card (automatic),98.0,5208.56,No
CUS-01767,Male,0,Yes,No,38,No,No,No,No,Yes,Yes,Month-to-month,Yes,Mailed check,98.17,3783.05,No
CUS-01768,Male,1,Yes,No,29,Yes,Yes,Fiber optic,No internet service,No,No internet service,One year,No,Mailed check,28.65,851.52,No
CUS-01769,Male,0,Yes,Yes,46,Yes,No,Fiber optic,Yes,Yes,No,Month-to-month,No,Electronic check,93.97,4157.92,No
CUS-01770,Male,0,No,No,52,Yes,Yes,DSL,Yes,Yes,No,Two year,Yes,Credit card (automatic),94.83,5089.79,No
CUS-01771,Male,0,No,Yes,46,No,No phone service,Fiber optic,No internet service,No,No internet service,Month-to-month,No,Electronic check,31.22,1446.01,No
CUS-01772,Male,0,Yes,No,68,Yes,Yes,No,No,No,Yes,Month-to-month,Yes,Bank transfer (automatic),65.15,4549.61,Yes
CUS-01773,Female,0,No,No,59,No,Yes,DSL,No,Yes,No,Month-to-month,Yes,Credit card (automatic),27.79,1569.37,No
CUS-01774,Male,0,Yes,No,10,Yes,No,Fiber optic,Yes,Yes,No,Two year,Yes,Mailed check,57.7,583.26,No
CUS-01775,Female,0,No,Yes,4,Yes,No,No,No,Yes,No internet service,Two year,No,Bank transfer (automatic),82.1,334.63,Yes
CUS-01776,Female,1,Yes,No,52,Yes,No,Fiber optic,Yes,No,No internet service,Month-to-month,No,Mailed check,39.83,2070.07,No
CUS-01777,Male,0,No,Yes,18,Yes,No,Fiber optic,Yes,No,No,One year,Yes,Bank transfer (automatic),31.22,580.8,No
CUS-01778,Female,0,No,No,51,Yes,Yes,No,No,Yes,No,Month-to-month,Yes,Bank transfer (automatic),81.83,4356.8,No
CUS-01779,Female,0,No,No,23,Yes,Yes,DSL,No,No,No internet service,Month-to-month,No,Mailed check,100.68,2251.48,No
CUS-01780,Female,0,Yes,No,25,Yes,No phone service,Fiber optic,No internet service,Yes,No internet service,Month-to-month,Yes,Bank transfer (automatic),33.43,799.03,No
CUS-01781,Female,0,No,No,60,Yes,Yes,No,Yes,Yes,No internet service,Two year,Yes,Electronic check,108.42,6682.83,No
CUS-01782,Female,0,Yes,No,37,Yes,Yes,DSL,No,No internet service,Yes,Month-to-month,No,Bank transfer (automatic),91.7,3386.35,No
CUS-01783,Female,0,Yes,No,68,Yes,No,Fiber optic,No,No,No,Month-to-month,Yes,Bank transfer (automatic),85.8,5576.55,Yes
CUS-01784,Male,1,Yes,No,18,Yes,Yes,Fiber optic,Yes,Yes,No internet service,Two year,Yes,Mailed check,30.1,519.54,Yes
CUS-01785,Female,0,No,No,29,Yes,No,DSL,No internet service,No internet service,Yes,Two year,No,Electronic check,110.97,3130.52,Yes
CUS-01786,Female,0,No,No,30,Yes,No,Fiber optic,No,Yes,No,Month-to-month,Yes,Credit card (automatic),65.35,1863.37,No
CUS-01787,Female,1,Yes,No,7,Yes,No,Fiber optic,No internet service,No internet service,Yes,Month-to-month,No,Bank transfer (automatic),71.56,499.42,Yes
CUS-01788,Male,0,No,Yes,41,Yes,Yes,No,Yes,Yes,No,One year,Yes,Electronic check,69.26,2802.83,Yes
CUS-01789,Female,0,No,Yes,37,Yes,Yes,Fiber optic,Yes,No internet service,No internet service,Month-to-month,No,Mailed check,71.11,2511.55,No
CUS-01790,Male,1,No,No,27,Yes,No,No,No,Yes,No,Month-to-month,No,Electronic check,100.29,2637.7,No
CUS-01791,Female,0,Yes,No,21,Yes,Yes,DSL,Yes,No internet service,No,Month-to-month,Yes,Electronic check,27.88,599.53,No
CUS-01792,Male,1,No,No,43,Yes,Yes,DSL,No,No,No,Month-to-month,No,Mailed check,66.38,2942.08,No
CUS-01793,Male,0,No,Yes,51,Yes,No,No,No internet service,Yes,No,Month-to-month,No,Electronic check,79.39,3848.08,Yes
CUS-01794,Female,0,Yes,No,71,Yes,No,No,Yes,No internet service,No,One year,No,Mailed check,29.78,2031.16,No
CUS-01795,Female,1,No,Yes,13,Yes,No,DSL,Yes,No,No,Month-to-month,No,Bank transfer (automatic),76.1,1038.59,No
CUS-01796,Male,0,Yes,No,53,No,Yes,Fiber optic,Yes,No,No internet service,Two year,No,Mailed check,68.92,3707.1,No
CUS-01797,Female,0,Yes,No,63,Yes,No,Fiber optic,No,No,Yes,Two year,No,Electronic check,40.27,2583.91,Yes
CUS-01798,Male,0,Yes,Yes,57,Yes,Yes,Fiber optic,No,No,No,Month-to-month,Yes,Mailed check,43.74,2463.1,Yes
CUS-01799,Male,1,Yes,No,25,Yes,No phone service,No,No,No,Yes,Month-to-month,No,Bank transfer (automatic),26.62,665.79,No
CUS-01800,Male,0,No,No,13,Yes,Yes,Fiber optic,No,No internet service,No,Month-to-month,No,Credit card (automatic),88.54,1151.92,Yes
CUS-01801,Male,0,Yes,No,37,Yes,No,DSL,No,No,No internet service,Month-to-month,Yes,Mailed check,32.83,1196.23,Yes
CUS-01802,Male,0,No,Yes,30,Yes,No,DSL,No,Yes,Yes,Month-to-month,Yes,Credit card (automatic),96.9,2962.16,No
CUS-01803,Female,0,Yes,Yes,12,Yes,Yes,DSL,No internet service,Yes,No,Month-to-month,No,Credit card (automatic),106.97,1292.96,Yes
CUS-01804,Male,0,No,Yes,65,Yes,Yes,No,No,No,No internet service,Month-to-month,No,Mailed check,42.11,2858.6,No
CUS-01805,Male,0,No,Yes,18,Yes,Yes,Fiber optic,Yes,No internet service,Yes,Month-to-month,Yes,Electronic check,44.03,753.45,No
CUS-01806,Female,0,No,Yes,62,Yes,Yes,No,Yes,No,No,One year,Yes,Credit card (automatic),30.31,1951.6,No
CUS-01807,Male,0,No,Yes,24,Yes,Yes,No,Yes,Yes,Yes,Month-to-month,Yes,Credit card (automatic),72.09,1807.86,No
CUS-01808,Female,0,No,No,60,Yes,No,DSL,No,Yes,Yes,Month-to-month,Yes,Credit card (automatic),114.42,6623.01,Yes
CUS-01809,Female,0,Yes,No,17,Yes,Yes,No,No,No,No,Month-to-month,Yes,Credit card (automatic),42.37,700.26,No
CUS-01810,Female,0,No,No,60,Yes,No phone service,Fiber optic,Yes,Yes,No internet service,Month-to-month,Yes,Electronic check,33.98,1947.16,No
CUS-01811,Male,1,No,No,9,Yes,Yes,DSL,No,No,No,One year,Yes,Electronic check,78.61,688.75,No
CUS-01812,Male,0,No,No,52,Yes,No,Fiber optic,No,No,No internet service,Month-to-month,Yes,Bank transfer (automatic),103.65,5464.87,Yes
CUS-01813,Male,0,No,No,15,Yes,No,No,Yes,Yes,No,Month-to-month,No,Mailed check,105.02,1530.69,No
CUS-01814,Female,0,No,Yes,28,Yes,No phone service,Fiber optic,No,No,No internet service,Two year,No,Credit card (automatic),52.54,1522.92,No
CUS-01815,Male,0,Yes,Yes,9,Yes,Yes,Fiber optic,No,No,No internet service,One year,Yes,Electronic check,96.68,906.19,No
CUS-01816,Female,0,No,No,56,Yes,No,Fiber optic,Yes,No,Yes,Month-to-month,Yes,Bank transfer (automatic),77.23,4120.62,Yes
CUS-01817,Male,0,Yes,No,36,Yes,Yes,Fiber optic,No internet service,No,No,Month-to-month,No,Credit card (automatic),91.29,3288.72,Yes
CUS-01818,Female,0,Yes,No,56,Yes,Yes,No,Yes,No internet service,Yes,One year,Yes,Electronic check,85.69,4566.21,No
CUS-01819,Male,1,No,No,71,Yes,No,No,No,No,No,Two year,Yes,Electronic check,30.77,2210.72,No
CUS-01820,Male,0,Yes,Yes,20,Yes,Yes,DSL,No internet service,Yes,No,Month-to-month,Yes,Mailed check,53.75,1058.6,No
CUS-01821,Male,0,Yes,No,55,Yes,Yes,DSL,No,No internet service,No,Two year,Yes,Electronic check,94.31,5366.46,No
CUS-01822,Female,0,No,No,60,Yes,Yes,Fiber optic,No,No,No,Month-to-month,No,Electronic check,93.99,5874.83,No
CUS-01823,Female,1,No,No,35,Yes,Yes,DSL,No internet service,No internet service,Yes,Month-to-month,Yes,Mailed check,30.21,1057.19,No
CUS-01824,Male,0,No,No,1,Yes,Yes,No,Yes,No internet service,Yes,One year,No,Electronic check,64.21,67.12,Yes
CUS-01825,Male,0,No,No,45,Yes,No,DSL,Yes,No,Yes,Month-to-month,No,Mailed check,104.9,4893.62,No
CUS-01826,Female,0,No,Yes,69,Yes,Yes,No,No,No internet service,Yes,Month-to-month,Yes,Electronic check,97.16,6433.62,No
CUS-01827,Female,0,Yes,Yes,40,Yes,No,Fiber optic,No internet service,No,No,One year,No,Credit card (automatic),76.09,2999.81,Yes
CUS-01828,Female,0,No,No,38,Yes,No,DSL,No,Yes,No,Month-to-month,No,Bank transfer (automatic),38.64,1444.89,No
CUS-01829,Male,0,Yes,No,24,Yes,No,Fiber optic,No internet service,Yes,Yes,Month-to-month,No,Credit card (automatic),50.45,1187.03,Yes
CUS-01830,Female,1,Yes,Yes,4,Yes,No,DSL,Yes,No,No internet service,Month-to-month,Yes,Electronic check,83.37,343.4,No
CUS-01831,Male,1,No,Yes,69,No,No,DSL,No internet service,No,No,Month-to-month,Yes,Electronic check,96.14,6501.6,Yes
CUS-01832,Female,0,No,No,13,Yes,No,Fiber optic,No internet service,No internet service,Yes,Two year,Yes,Mailed check,79.36,1019.22,No
CUS-01833,Male,1,Yes,No,21,No,Yes,Fiber optic,No,No,No internet service,Two year,Yes,Electronic check,57.54,1158.29,No
CUS-01834,Female,0,Yes,No,32,No,No phone service,Fiber optic,No internet service,No,No internet service,Two year,No,Credit card (automatic),75.66,2425.95,No
CUS-01835,Female,0,No,No,38,Yes,No phone service,Fiber optic,Yes,No internet service,Yes,Two year,No,Electronic check,18.38,671.7,No
CUS-01836,Female,0,No,No,32,Yes,No,DSL,No internet service,No,Yes,Month-to-month,No,Electronic check,91.56,3038.07,Yes
CUS-01837,Female,0,No,Yes,57,Yes,Yes,Fiber optic,No internet service,Yes,No internet service,Two year,No,Bank transfer (automatic),102.4,6010.95,No
CUS-01838,Female,1,Yes,Yes,48,Yes,No,Fiber optic,Yes,No internet service,Yes,One year,Yes,Bank transfer (automatic),22.61,1063.82,No
CUS-01839,Male,0,No,No,30,Yes,No,DSL,No,No,Yes,Month-to-month,No,Electronic check,57.95,1652.37,No
CUS-01840,Female,0,Yes,No,71,Yes,No,Fiber optic,No,No,No,Month-to-month,No,Mailed check,102.88,6991.48,No
CUS-01841,Female,0,Yes,No,38,Yes,No,DSL,Yes,No,No,One year,Yes,Mailed check,77.71,2869.69,No
CUS-01842,Female,0,No,No,44,Yes,No,DSL,Yes,Yes,Yes,One year,No,Mailed check,66.34,2918.42,No
CUS-01843,Male,0,No,No,26,Yes,No,Fiber optic,Yes,Yes,Yes,One year,Yes,Electronic check,26.71,710.52,No
CUS-01844,Female,0,Yes,No,2,Yes,Yes,Fiber optic,No,Yes,No,Month-to-month,Yes,Bank transfer (automatic),91.72,176.08,No
CUS-01845,Male,0,Yes,Yes,43,Yes,No,Fiber optic,No,Yes,No internet service,One year,Yes,Electronic check,86.93,3815.86,Yes
CUS-01846,Female,1,No,No,43,Yes,Yes,Fiber optic,No internet service,No internet service,No,Month-to-month,Yes,Mailed check,76.97,3325.15,Yes
CUS-01847,Female,0,Yes,No,63,No,No,DSL,No,No,No internet service,One year,No,Credit card (automatic),24.04,1532.64,No
CUS-01848,Male,0,Yes,No,58,Yes,Yes,Fiber optic,No,Yes,Yes,One year,Yes,Electronic check,82.27,4975.78,Yes
CUS-01849,Female,1,Yes,No,48,No,Yes,Fiber optic,Yes,No,Yes,Month-to-month,Yes,Electronic check,23.17,1162.53,Yes
CUS-01850,Male,0,Yes,No,5,Yes,Yes,DSL,No,No,No,Month-to-month,No,Credit card (automatic),100.22,512.99,Yes
CUS-01851,Male,0,Yes,Yes,35,Yes,No phone service,No,No internet service,Yes,Yes,Month-to-month,No,Mailed check,104.93,3743.31,No
CUS-01852,Female,0,No,No,16,Yes,No,DSL,No,Yes,Yes,Month-to-month,No,Mailed check,71.09,1167.33,No
CUS-01853,Male,0,No,No,49,Yes,Yes,No,No,No,Yes,Month-to-month,No,Mailed check,102.84,5126.35,Yes
CUS-01854,Female,0,No,No,60,Yes,No,DSL,No,No,Yes,Month-to-month,Yes,Electronic check,58.08,3314.14,No
CUS-01855,Female,0,No,No,51,Yes,No,Fiber optic,No,No internet service,No,One year,No,Bank transfer (automatic),47.0,2516.05,No
CUS-01856,Male,0,No,No,59,Yes,No,No,No,No internet service,No internet service,Month-to-month,No,Electronic check,66.41,3971.84,Yes
CUS-01857,Male,0,No,No,64,Yes,No,Fiber optic,Yes,No,Yes,Month-to-month,Yes,Electronic check,73.88,4722.96,No
CUS-01858,Male,0,No,No,13,Yes,Yes,DSL,No,No,No,One year,Yes,Bank transfer (automatic),94.65,1224.64,No
CUS-01859,Male,0,Yes,No,26,Yes,Yes,Fiber optic,No,No,No internet service,One year,No,Bank transfer (automatic),78.21,1979.41,No
CUS-01860,Female,0,No,Yes,70,Yes,Yes,DSL,No internet service,Yes,Yes,Month-to-month,Yes,Bank transfer (automatic),103.59,7234.6,No
CUS-01861,Female,0,Yes,No,3,Yes,No,Fiber optic,No,Yes,No internet service,Month-to-month,No,Electronic check,111.58,342.55,Yes
CUS-01862,Male,0,No,No,12,Yes,Yes,Fiber optic,Yes,Yes,No internet service,Month-to-month,Yes,Bank transfer (automatic),70.2,821.7,No
CUS-01863,Female,0,No,No,41,Yes,No,Fiber optic,Yes,Yes,Yes,Two year,No,Bank transfer (automatic),89.77,3807.64,No
CUS-01864,Female,0,No,No,65,Yes,Yes,DSL,No internet service,Yes,No internet service,One year,No,Bank transfer (automatic),66.15,4175.37,No
CUS-01865,Female,1,No,Yes,63,Yes,Yes,Fiber optic,No internet service,No,No internet service,Two year,No,Credit card (automatic),108.61,7087.64,Yes
CUS-01866,Female,0,Yes,No,50,Yes,No phone service,DSL,Yes,Yes,Yes,One year,No,Mailed check,21.05,1061.34,No
CUS-01867,Male,0,Yes,No,47,Yes,No phone service,Fiber optic,No internet service,Yes,No internet service,Two year,Yes,Bank transfer (automatic),89.86,4366.03,No
CUS-01868,Male,0,Yes,No,8,Yes,Yes,Fiber optic,No internet service,No,No,Month-to-month,Yes,Bank transfer (automatic),67.63,536.55,No
CUS-01869,Female,1,Yes,No,31,Yes,No,Fiber optic,No,No,No internet service,One year,Yes,Mailed check,24.11,734.05,No
CUS-01870,Male,0,Yes,No,11,No,No,Fiber optic,No,Yes,No,One year,Yes,Bank transfer (automatic),92.57,1038.39,Yes
CUS-01871,Male,0,Yes,No,17,Yes,No,DSL,No,No,No,Month-to-month,Yes,Mailed check,57.28,960.42,No
CUS-01872,Male,1,Yes,Yes,27,Yes,Yes,No,No,No,No,Month-to-month,Yes,Mailed check,70.72,1995.9,No
CUS-01873,Female,0,No,No,27,Yes,Yes,Fiber optic,Yes,No,No,Month-to-month,No,Mailed check,89.28,2468.54,No
CUS-01874,Female,0,Yes,No,56,Yes,No,DSL,No,No internet service,No,Month-to-month,Yes,Mailed check,43.21,2402.69,No
CUS-01875,Female,0,Yes,No,69,No,No,No,No internet service,Yes,No internet service,Month-to-month,No,Mailed check,46.83,3125.76,No
CUS-01876,Male,0,Yes,Yes,47,No,No,No,No internet service,No,No,Month-to-month,Yes,Electronic check,53.67,2536.75,Yes
CUS-01877,Female,0,No,Yes,19,Yes,No,DSL,No,Yes,No internet service,Two year,Yes,Electronic check,92.76,1779.31,Yes
CUS-01878,Female,0,Yes,Yes,57,Yes,No,Fiber optic,No,No,No,Two year,No,Electronic check,116.18,6932.65,No
CUS-01879,Male,0,No,No,31,Yes,Yes,Fiber optic,No,Yes,No internet service,Two year,No,Bank transfer (automatic),54.3,1724.33,No
CUS-01880,Female,0,Yes,Yes,16,Yes,Yes,DSL,No,No,Yes,One year,Yes,Bank transfer (automatic),79.08,1234.11,No
CUS-01881,Female,0,No,No,45,Yes,Yes,DSL,No,No,Yes,Month-to-month,Yes,Bank transfer (automatic),50.41,2214.44,No
CUS-01882,Male,0,No,No,27,Yes,No,Fiber optic,No,No internet service,Yes,Month-to-month,Yes,Credit card (automatic),105.68,2876.22,Yes
CUS-01883,Male,0,Yes,No,61,Yes,No phone service,DSL,Yes,No,No,Month-to-month,No,Electronic check,111.55,6545.52,Yes
CUS-01884,Male,0,Yes,No,26,Yes,No,No,Yes,No internet service,No internet service,Month-to-month,Yes,Credit card (automatic),36.96,979.75,No
CUS-01885,Female,0,Yes,No,29,Yes,No,DSL,No,Yes,Yes,Month-to-month,Yes,Electronic check,83.41,2317.1,No
CUS-01886,Female,1,No,No,44,Yes,No,No,No,No,No,Month-to-month,Yes,Electronic check,108.59,4813.01,No
CUS-01887,Female,0,Yes,Yes,29,Yes,Yes,No,No,No,Yes,One year,Yes,Electronic check,65.5,1991.13,No
CUS-01888,Male,0,No,No,2,Yes,Yes,Fiber optic,No,No internet service,No internet service,One year,Yes,Bank transfer (automatic),51.53,106.9,Yes
CUS-01889,Male,0,No,No,6,Yes,Yes,DSL,No internet service,Yes,Yes,Month-to-month,Yes,Bank transfer (automatic),108.57,673.85,No
CUS-01890,Female,0,No,Yes,9,Yes,No,Fiber optic,No,No internet service,No,Month-to-month,Yes,Credit card (automatic),43.79,403.96,Yes
CUS-01891,Female,0,Yes,No,15,Yes,No,Fiber optic,No internet service,Yes,No,Month-to-month,Yes,Mailed check,38.71,605.55,Yes
CUS-01892,Male,0,Yes,No,58,Yes,Yes,Fiber optic,Yes,No internet service,Yes,Month-to-month,No,Electronic check,106.05,6415.35,Yes
CUS-01893,Male,0,No,No,2,Yes,No,DSL,No internet service,No,Yes,Month-to-month,Yes,Electronic check,81.36,157.22,Yes
CUS-01894,Male,0,No,No,3,Yes,No,No,Yes,No,No internet service,One year,Yes,Credit card (automatic),36.5,106.53,Yes
CUS-01895,Male,0,No,No,52,Yes,Yes,DSL,No,No internet service,Yes,Two year,No,Electronic check,82.29,4460.65,No
CUS-01896,Female,0,No,No,55,Yes,No,Fiber optic,No,No internet service,No internet service,One year,Yes,Bank transfer (automatic),105.62,5678.21,No
CUS-01897,Male,1,No,No,53,Yes,Yes,No,No,No internet service,Yes,One year,Yes,Electronic check,26.93,1410.12,No
CUS-01898,Female,0,No,No,40,Yes,No,Fiber optic,No internet service,No,Yes,Month-to-month,No,Electronic check,43.67,1666.72,Yes
CUS-01899,Female,0,No,No,39,Yes,No,DSL,Yes,No internet service,No,One year,Yes,Electronic check,78.42,3180.49,No
CUS-01900,Female,0,Yes,No,43,Yes,Yes,DSL,No,No,Yes,One year,No,Electronic check,29.5,1214.23,No
CUS-01901,Male,0,No,No,13,Yes,No,Fiber optic,No internet service,No internet service,No,Two year,No,Mailed check,108.54,1415.21,No
CUS-01902,Male,0,Yes,Yes,37,Yes,Yes,DSL,Yes,No,Yes,One year,Yes,Electronic check,77.3,2779.9,No
CUS-01903,Male,0,Yes,No,55,Yes,Yes,DSL,No internet service,No internet service,No,One year,No,Credit card (automatic),76.5,4008.69,Yes
CUS-01904,Male,0,No,No,32,Yes,No,DSL,No,No,Yes,One year,Yes,Electronic check,23.59,739.02,No
CUS-01905,Female,0,Yes,Yes,14,Yes,No,Fiber optic,No internet service,No,No internet service,Month-to-month,No,Bank transfer (automatic),60.13,855.63,No
CUS-01906,Male,0,Yes,Yes,65,Yes,Yes,DSL,No,No,No,Month-to-month,Yes,Mailed check,37.49,2336.74,No
CUS-01907,Male,0,Yes,Yes,27,No,Yes,No,No,No,No,Month-to-month,No,Electronic check,98.85,2762.72,No
CUS-01908,Female,1,No,No,24,Yes,No,Fiber optic,No,Yes,No internet service,Month-to-month,No,Electronic check,51.61,1262.39,No
CUS-01909,Male,0,No,No,22,Yes,Yes,Fiber optic,No,No,No,Month-to-month,Yes,Bank transfer (automatic),58.3,1225.96,No
CUS-01910,Female,0,No,Yes,45,Yes,Yes,DSL,Yes,No,No,One year,Yes,Electronic check,82.07,3657.64,No
CUS-01911,Female,0,Yes,No,8,Yes,Yes,No,No,No internet service,No internet service,Two year,Yes,Mailed check,89.74,740.08,No
CUS-01912,Female,0,Yes,No,67,Yes,No,DSL,Yes,No,Yes,Two year,Yes,Mailed check,97.0,6779.73,No
CUS-01913,Female,1,Yes,Yes,64,Yes,No phone service,DSL,No,No,No,One year,Yes,Bank transfer (automatic),35.49,2300.64,Yes
CUS-01914,Female,0,Yes,Yes,47,Yes,Yes,DSL,Yes,No,Yes,Month-to-month,Yes,Bank transfer (automatic),44.26,2117.9,Yes
CUS-01915,Female,0,No,No,21,Yes,No,DSL,No internet service,No internet service,Yes,Two year,No,Electronic check,27.24,593.59,Yes
CUS-01916,Female,0,Yes,Yes,32,No,Yes,Fiber optic,No,Yes,Yes,One year,Yes,Bank transfer (automatic),103.64,3301.38,No
CUS-01917,Female,0,Yes,Yes,45,Yes,No,No,No,No internet service,No internet service,Month-to-month,No,Electronic check,49.54,2275.51,Yes
CUS-01918,Male,0,Yes,No,44,Yes,Yes,DSL,No internet service,No,No,Two year,Yes,Electronic check,30.61,1357.3,No
CUS-01919,Male,0,Yes,No,41,Yes,Yes,Fiber optic,No,Yes,Yes,Month-to-month,Yes,Electronic check,49.14,2054.03,No
CUS-01920,Male,1,Yes,No,52,Yes,No,Fiber optic,Yes,No internet service,Yes,Two year,Yes,Electronic check,23.72,1280.6,No
CUS-01921,Male,0,No,No,11,Yes,Yes,No,No,No,No,Month-to-month,No,Bank transfer (automatic),101.66,1150.68,No
CUS-01922,Female,0,No,No,18,Yes,Yes,DSL,No internet service,Yes,No,Two year,No,Mailed check,46.7,809.28,No
CUS-01923,Male,0,No,Yes,11,Yes,No phone service,DSL,Yes,No,No,One year,No,Electronic check,53.01,608.3,Yes
CUS-01924,Female,0,No,Yes,27,Yes,No phone service,DSL,No,No internet service,No,Month-to-month,Yes,Electronic check,112.03,2888.69,Yes
CUS-01925,Male,0,Yes,No,43,Yes,Yes,Fiber optic,No,No,No,One year,No,Electronic check,36.93,1628.75,No
CUS-01926,Male,0,No,No,65,Yes,No,Fiber optic,No,No internet service,No internet service,One year,Yes,Mailed check,38.4,2442.43,No
CUS-01927,Male,1,No,No,54,Yes,No,Fiber optic,No internet service,No,No,Month-to-month,Yes,Bank transfer (automatic),74.05,4110.61,No
CUS-01928,Female,0,Yes,Yes,29,Yes,No,DSL,No,Yes,No internet service,Month-to-month,No,Bank transfer (automatic),115.23,3179.51,No
CUS-01929,Male,0,No,Yes,21,Yes,No phone service,Fiber optic,Yes,No,Yes,Month-to-month,No,Credit card (automatic),108.12,2207.08,No
CUS-01930,Female,0,No,Yes,29,No,No,DSL,No internet service,No,Yes,One year,Yes,Electronic check,77.29,2147.26,Yes
CUS-01931,Female,0,Yes,No,9,Yes,No,Fiber optic,No,No,Yes,Month-to-month,Yes,Electronic check,99.22,915.53,No
CUS-01932,Male,0,No,Yes,61,Yes,Yes,DSL,No,No,Yes,One year,Yes,Credit card (automatic),66.76,3947.76,No
CUS-01933,Male,0,No,No,62,Yes,No,Fiber optic,No,No,No internet service,Month-to-month,Yes,Bank transfer (automatic),61.46,3973.48,No
CUS-01934,Male,0,No,No,71,Yes,No,Fiber optic,No internet service,Yes,No,Month-to-month,No,Bank transfer (automatic),58.05,4084.86,Yes
CUS-01935,Female,0,No,Yes,5,Yes,Yes,Fiber optic,Yes,No,No,One year,No,Credit card (automatic),63.45,324.21,Yes
CUS-01936,Male,1,Yes,Yes,15,Yes,Yes,No,No,Yes,No,Month-to-month,No,Bank transfer (automatic),88.69,1373.58,No
CUS-01937,Female,1,Yes,No,57,Yes,Yes,Fiber optic,Yes,No internet service,No,Month-to-month,No,Mailed check,100.15,5967.23,No
CUS-01938,Female,0,No,Yes,5,Yes,Yes,DSL,No internet service,No internet service,Yes,One year,Yes,Mailed check,75.6,376.55,No
CUS-01939,Male,0,No,Yes,20,Yes,Yes,DSL,No,No internet service,No,Two year,No,Bank transfer (automatic),104.89,2133.69,Yes
CUS-01940,Male,0,No,Yes,4,Yes,Yes,No,No,Yes,No,Month-to-month,Yes,Mailed check,81.87,323.04,No
CUS-01941,Female,0,Yes,No,56,Yes,Yes,No,No,Yes,No internet service,One year,Yes,Electronic check,98.27,5384.0,No
CUS-01942,Female,0,Yes,No,34,No,No,No,No internet service,No,No,Month-to-month,No,Credit card (automatic),86.96,3011.88,No
CUS-01943,Female,0,Yes,Yes,40,Yes,No,Fiber optic,No internet service,No,No internet service,One year,No,Credit card (automatic),95.38,3778.66,Yes
CUS-01944,Male,0,Yes,No,69,Yes,Yes,DSL,No internet service,No internet service,No,Month-to-month,Yes,Electronic check,19.91,1383.74,Yes
CUS-01945,Female,0,Yes,No,68,No,No phone service,No,No internet service,No internet service,Yes,Month-to-month,Yes,Mailed check,104.72,6906.32,No
CUS-01946,Male,0,Yes,No,22,No,No,DSL,No,Yes,No,Two year,No,Bank transfer (automatic),106.59,2395.34,No
CUS-01947,Female,0,Yes,Yes,14,Yes,No,Fiber optic,No,No internet service,No internet service,Month-to-month,No,Electronic check,102.13,1496.93,Yes
CUS-01948,Female,0,Yes,No,68,Yes,No phone service,Fiber optic,No internet service,Yes,No,Two year,Yes,Electronic check,91.02,6212.77,No
CUS-01949,Male,0,Yes,No,8,Yes,Yes,Fiber optic,No,No internet service,Yes,Month-to-month,Yes,Mailed check,96.75,775.55,Yes
CUS-01950,Female,0,No,No,67,Yes,No,Fiber optic,No internet service,No,Yes,Two year,Yes,Electronic check,36.12,2505.78,Yes
CUS-01951,Male,0,No,No,46,Yes,No,Fiber optic,Yes,No,Yes,Two year,No,Credit card (automatic),22.76,1010.48,No
CUS-01952,Male,1,Yes,No,29,Yes,Yes,Fiber optic,No,No,No,Month-to-month,No,Credit card (automatic),46.97,1347.62,Yes
CUS-01953,Female,0,No,No,12,Yes,Yes,Fiber optic,No,No internet service,No internet service,One year,Yes,Bank transfer (automatic),62.24,722.51,Yes
CUS-01954,Male,0,No,No,52,Yes,No,DSL,No internet service,No,No,Month-to-month,Yes,Credit card (automatic),45.08,2355.04,No
CUS-01955,Male,0,No,No,58,No,Yes,Fiber optic,Yes,No internet service,No,Month-to-month,No,Bank transfer (automatic),105.07,6164.97,Yes
CUS-01956,Female,1,Yes,No,2,Yes,No phone service,No,No internet service,Yes,No,One year,Yes,Electronic check,114.44,238.35,No
CUS-01957,Male,0,Yes,Yes,1,Yes,No,Fiber optic,No,No internet service,No,Month-to-month,No,Electronic check,95.08,98.23,Yes
CUS-01958,Male,0,No,Yes,55,Yes,No,Fiber optic,No,No internet service,Yes,Month-to-month,Yes,Credit card (automatic),65.66,3664.2,No
CUS-01959,Male,1,Yes,No,34,Yes,Yes,Fiber optic,No,No,No internet service,One year,No,Bank transfer (automatic),32.58,1138.15,No
CUS-01960,Female,0,No,No,64,Yes,No,DSL,No,No internet service,Yes,Month-to-month,Yes,Mailed check,105.2,6819.43,No
CUS-01961,Male,1,No,No,68,Yes,Yes,Fiber optic,No,Yes,Yes,One year,Yes,Credit card (automatic),102.2,6998.87,No
CUS-01962,Female,1,No,No,12,Yes,Yes,DSL,No internet service,No internet service,Yes,Two year,Yes,Electronic check,34.23,392.18,No
CUS-01963,Female,1,Yes,Yes,50,Yes,No,Fiber optic,No,Yes,Yes,Two year,No,Electronic check,22.87,1089.11,No
CUS-01964,Male,0,Yes,No,21,Yes,Yes,Fiber optic,No,No,No,One year,Yes,Mailed check,107.9,2345.7,No
CUS-01965,Male,0,Yes,Yes,10,Yes,No,DSL,No,No,Yes,Month-to-month,Yes,Electronic check,100.19,980.05,Yes
CUS-01966,Male,0,No,No,70,Yes,No,Fiber optic,No internet service,No,No,Month-to-month,Yes,Bank transfer (automatic),111.43,7683.81,No
CUS-01967,Female,0,Yes,No,14,Yes,Yes,No,No,No,No,Month-to-month,Yes,Bank transfer (automatic),53.79,749.25,No
CUS-01968,Male,0,No,Yes,40,Yes,No,Fiber optic,No,No,No,Month-to-month,No,Bank transfer (automatic),83.79,3198.24,Yes
CUS-01969,Male,0,Yes,Yes,30,Yes,No,No,No,No internet service,Yes,Month-to-month,Yes,Mailed check,104.42,3277.2,No
CUS-01970,Male,0,Yes,Yes,14,Yes,No,No,No,Yes,No internet service,Month-to-month,No,Bank transfer (automatic),52.14,700.98,No
CUS-01971,Male,0,Yes,Yes,52,Yes,No,No,Yes,No,No,One year,Yes,Credit card (automatic),65.45,3562.75,No
CUS-01972,Male,0,No,No,17,Yes,No phone service,No,No internet service,No internet service,Yes,Two year,Yes,Mailed check,71.17,1235.04,No
CUS-01973,Female,0,No,Yes,62,Yes,No,Fiber optic,No,No internet service,No internet service,Two year,Yes,Electronic check,20.93,1355.15,No
CUS-01974,Female,0,Yes,Yes,22,Yes,No,Fiber optic,No,No,Yes,Two year,Yes,Bank transfer (automatic),100.84,2119.15,No
CUS-01975,Male,0,No,Yes,53,Yes,No,No,No,No,No,Month-to-month,Yes,Bank transfer (automatic),112.38,5924.84,No
CUS-01976,Male,0,No,No,32,Yes,No,Fiber optic,No internet service,No,No,Month-to-month,Yes,Mailed check,59.71,1997.23,Yes
CUS-01977,Male,0,No,No,55,Yes,No,DSL,Yes,No,Yes,Month-to-month,Yes,Credit card (automatic),79.12,4415.32,No
CUS-01978,Male,0,No,Yes,22,Yes,Yes,DSL,Yes,No,No internet service,One year,No,Mailed check,72.16,1594.95,No
CUS-01979,Female,0,Yes,No,38,Yes,Yes,Fiber optic,No,No,Yes,Month-to-month,Yes,Bank transfer (automatic),52.79,2040.43,Yes
CUS-01980,Male,0,Yes,No,50,No,No phone service,Fiber optic,No,No,No,Two year,No,Bank transfer (automatic),26.24,1270.84,No
CUS-01981,Female,0,No,No,66,Yes,Yes,DSL,No,No,Yes,Month-to-month,Yes,Electronic check,70.01,4734.3,No
CUS-01982,Female,0,Yes,No,45,Yes,No,No,No,No,No,Month-to-month,No,Electronic check,42.41,1865.64,Yes
CUS-01983,Male,1,Yes,Yes,8,No,No,Fiber optic,Yes,No,No internet service,Two year,No,Credit card (automatic),83.23,651.3,No
CUS-01984,Female,0,Yes,No,65,Yes,Yes,Fiber optic,No internet service,Yes,No,Two year,Yes,Mailed check,71.72,4707.22,No
CUS-01985,Female,0,No,No,40,Yes,No,DSL,No,No internet service,Yes,Month-to-month,No,Electronic check,77.05,2934.4,Yes
CUS-01986,Female,0,Yes,No,5,Yes,Yes,DSL,Yes,No internet service,No,Month-to-month,Yes,Credit card (automatic),78.17,373.42,Yes
CUS-01987,Female,0,No,Yes,45,Yes,No phone service,DSL,No,Yes,No,One year,Yes,Electronic check,106.57,4563.47,No
CUS-01988,Male,0,Yes,No,46,Yes,Yes,Fiber optic,No internet service,No internet service,No,Month-to-month,No,Mailed check,32.74,1546.22,No
CUS-01989,Male,0,No,No,36,No,No,Fiber optic,No,No,No internet service,Month-to-month,Yes,Mailed check,98.57,3380.64,Yes
CUS-01990,Female,0,Yes,Yes,17,Yes,No,Fiber optic,No internet service,Yes,No internet service,One year,No,Mailed check,113.47,1851.0,No
CUS-01991,Male,0,No,Yes,41,Yes,No,DSL,No,No,Yes,One year,No,Electronic check,90.13,3734.72,No
CUS-01992,Male,0,No,No,30,Yes,Yes,No,No internet service,Yes,No internet service,Month-to-month,No,Bank transfer (automatic),31.91,954.9,No
CUS-01993,Male,0,No,No,52,Yes,No,DSL,No,No internet service,No internet service,Month-to-month,No,Electronic check,103.02,5285.28,Yes
CUS-01994,Male,0,Yes,No,20,Yes,Yes,DSL,Yes,Yes,Yes,Month-to-month,No,Bank transfer (automatic),97.18,1915.54,No
CUS-01995,Male,1,No,No,36,Yes,Yes,No,No,Yes,Yes,Month-to-month,Yes,Credit card (automatic),104.27,3888.68,Yes
CUS-01996,Female,0,Yes,No,66,Yes,No,DSL,No,Yes,Yes,One year,No,Electronic check,66.63,4211.94,Yes
CUS-01997,Male,0,Yes,Yes,45,Yes,Yes,Fiber optic,Yes,Yes,Yes,One year,Yes,Bank transfer (automatic),100.02,4692.7,No
CUS-01998,Male,0,No,No,4,Yes,No,DSL,No internet service,No,No internet service,Two year,No,Bank transfer (automatic),33.4,130.07,No
CUS-01999,Male,0,No,No,50,Yes,No,DSL,No,No,No,Two year,No,Electronic check,75.67,3778.85,No
CUS-02000,Male,0,No,No,55,Yes,No phone service,Fiber optic,Yes,Yes,No,Month-to-month,Yes,Bank transfer (automatic),73.17,4208.27,Yes
CUS-02001,Female,0,No,Yes,59,Yes,No,DSL,No internet service,No,Yes,Two year,No,Mailed check,107.67,6440.72,No
CUS-02002,Female,0,Yes,Yes,42,Yes,Yes,DSL,No,No,Yes,One year,Yes,Electronic check,104.29,4271.24,No
CUS-02003,Female,0,No,Yes,2,Yes,No,Fiber optic,No,No,No,Two year,Yes,Mailed check,89.6,187.84,No
CUS-02004,Female,0,Yes,No,46,Yes,No phone service,DSL,No internet service,Yes,No,Two year,No,Credit card (automatic),35.48,1683.41,No
CUS-02005,Male,0,No,No,2,Yes,No,No,No,No,No,Month-to-month,Yes,Bank transfer (automatic),98.67,193.67,No
CUS-02006,Female,1,No,Yes,50,Yes,No,No,No,No,Yes,Month-to-month,No,Electronic check,79.42,4010.38,Yes
CUS-02007,Male,0,No,No,1,No,No phone service,Fiber optic,Yes,No,No internet service,One year,No,Mailed check,99.66,100.22,No
CUS-02008,Male,0,Yes,No,13,Yes,No,DSL,No,No,No internet service,Month-to-month,Yes,Bank transfer (automatic),111.84,1470.88,Yes
CUS-02009,Male,0,No,No,70,Yes,No phone service,Fiber optic,No,Yes,No,Month-to-month,Yes,Electronic check,63.01,4244.16,No
CUS-02010,Male,0,Yes,No,22,Yes,No,Fiber optic,No,No,Yes,Month-to-month,No,Mailed check,92.45,2063.49,No
CUS-02011,Male,1,Yes,Yes,17,Yes,No,DSL,No,No,Yes,Two year,Yes,Mailed check,115.3,1904.07,No
CUS-02012,Female,0,Yes,Yes,59,No,No,DSL,No,No,Yes,Month-to-month,No,Mailed check,39.37,2280.86,No
CUS-02013,Female,0,No,No,70,Yes,Yes,No,No,Yes,No,Two year,Yes,Bank transfer (automatic),102.7,7221.63,No
CUS-02014,Female,0,Yes,No,3,Yes,No phone service,Fiber optic,No,No,No,Two year,No,Mailed check,32.19,93.8,Yes
CUS-02015,Female,0,Yes,Yes,70,Yes,Yes,Fiber optic,No,Yes,Yes,Two year,Yes,Bank transfer (automatic),19.71,1433.81,No
CUS-02016,Male,0,Yes,No,49,Yes,No,DSL,Yes,No,Yes,One year,Yes,Bank transfer (automatic),102.7,4990.81,No
CUS-02017,Female,0,Yes,No,50,Yes,No,Fiber optic,No,Yes,No,Month-to-month,Yes,Bank transfer (automatic),113.99,5508.84,Yes
CUS-02018,Male,0,No,No,35,No,No,DSL,Yes,No,Yes,Month-to-month,No,Bank transfer (automatic),21.22,710.08,No
CUS-02019,Female,1,No,Yes,23,Yes,No,No,Yes,Yes,No internet service,Two year,Yes,Bank transfer (automatic),102.44,2422.43,No
CUS-02020,Male,0,Yes,No,7,Yes,Yes,DSL,Yes,No internet service,No,Month-to-month,Yes,Electronic check,87.94,635.79,No
CUS-02021,Male,0,No,No,50,Yes,Yes,No,Yes,No internet service,No,Month-to-month,Yes,Credit card (automatic),87.98,4214.25,Yes
CUS-02022,Female,0,No,No,10,Yes,Yes,Fiber optic,No,No internet service,Yes,Month-to-month,Yes,Electronic check,63.96,642.33,Yes
CUS-02023,Male,0,No,No,55,Yes,No,Fiber optic,No,No internet service,No internet service,Month-to-month,Yes,Electronic check,59.71,3334.39,Yes
CUS-02024,Male,0,No,No,19,Yes,No,No,Yes,No internet service,No,One year,Yes,Credit card (automatic),55.3,1093.6,No
CUS-02025,Female,0,Yes,No,23,Yes,Yes,DSL,Yes,No internet service,No internet service,Month-to-month,No,Electronic check,56.18,1233.77,No
CUS-02026,Male,0,No,No,64,Yes,No,DSL,Yes,Yes,Yes,Month-to-month,Yes,Credit card (automatic),111.72,7041.06,Yes
CUS-02027,Female,0,Yes,No,33,Yes,Yes,No,No,No,Yes,Month-to-month,Yes,Mailed check,99.58,3161.07,Yes
CUS-02028,Female,1,Yes,No,66,No,No,Fiber optic,No internet service,Yes,No,Two year,Yes,Electronic check,49.37,3235.17,Yes
CUS-02029,Female,0,No,Yes,9,Yes,Yes,Fiber optic,Yes,No,No,One year,Yes,Bank transfer (automatic),92.06,817.95,No
CUS-02030,Male,0,No,No,29,Yes,No,DSL,No,No,Yes,Month-to-month,No,Electronic check,83.65,2448.98,No
CUS-02031,Male,0,Yes,No,18,Yes,Yes,Fiber optic,Yes,No internet service,Yes,Month-to-month,Yes,Bank transfer (automatic),102.6,1879.14,Yes
CUS-02032,Male,1,Yes,No,71,Yes,Yes,DSL,Yes,No internet service,Yes,Month-to-month,Yes,Credit card (automatic),27.19,2020.17,Yes
CUS-02033,Female,0,No,No,29,Yes,No,Fiber optic,No,Yes,No,Month-to-month,No,Mailed check,88.01,2466.24,Yes
CUS-02034,Male,0,No,Yes,61,Yes,No,DSL,No,No,Yes,Two year,Yes,Bank transfer (automatic),42.49,2669.44,Yes
CUS-02035,Female,0,No,No,5,Yes,No,Fiber optic,Yes,No,No,Month-to-month,Yes,Credit card (automatic),42.16,218.09,Yes
CUS-02036,Female,1,Yes,No,69,Yes,No,DSL,No,No,No,Two year,No,Mailed check,88.57,6151.1,Yes
CUS-02037,Male,1,No,No,56,Yes,No,Fiber optic,Yes,No,No,Month-to-month,Yes,Electronic check,107.49,6192.67,Yes
CUS-02038,Female,0,Yes,No,52,Yes,No,DSL,No internet service,No internet service,Yes,Month-to-month,Yes,Bank transfer (automatic),69.6,3564.78,Yes
CUS-02039,Male,0,Yes,No,15,Yes,No,Fiber optic,No,No internet service,Yes,Two year,No,Mailed check,64.55,923.19,No
CUS-02040,Male,0,Yes,No,20,Yes,No,Fiber optic,Yes,Yes,No,Month-to-month,Yes,Mailed check,99.51,1920.68,Yes
CUS-02041,Male,0,No,No,16,Yes,Yes,DSL,No internet service,No,Yes,One year,Yes,Bank transfer (automatic),20.54,317.71,Yes
CUS-02042,Male,0,No,No,25,No,Yes,No,Yes,No,No,Month-to-month,No,Bank transfer (automatic),88.71,2301.0,Yes
CUS-02043,Male,0,No,No,57,Yes,No phone service,Fiber optic,No,No,No,One year,No,Bank transfer (automatic),23.61,1407.39,No
CUS-02044,Female,1,No,No,21,Yes,No phone service,Fiber optic,Yes,No,No internet service,Two year,No,Electronic check,42.44,882.56,No
CUS-02045,Female,0,Yes,No,5,Yes,Yes,DSL,Yes,No internet service,No,Two year,Yes,Bank transfer (automatic),84.71,430.17,No
CUS-02046,Female,0,Yes,No,9,Yes,Yes,Fiber optic,Yes,No,Yes,Month-to-month,Yes,Credit card (automatic),56.02,494.27,Yes
CUS-02047,Male,0,Yes,No,11,Yes,Yes,DSL,No internet service,No,No,Two year,No,Electronic check,47.52,519.88,No
CUS-02048,Male,0,No,Yes,65,Yes,No,No,No internet service,No internet service,No internet service,One year,Yes,Electronic check,68.43,4501.63,No
CUS-02049,Male,0,No,Yes,63,Yes,Yes,DSL,No,No,No internet service,Two year,Yes,Credit card (automatic),102.99,6719.48,No
CUS-02050,Female,0,No,No,26,Yes,No,DSL,No,No,No internet service,Month-to-month,No,Electronic check,60.6,1564.06,Yes
CUS-02051,Male,0,No,No,19,Yes,No phone service,DSL,No,Yes,No internet service,Month-to-month,No,Electronic check,71.29,1381.46,No
CUS-02052,Female,1,No,No,16,Yes,No phone service,No,No,Yes,Yes,One year,Yes,Bank transfer (automatic),33.8,527.21,No
CUS-02053,Female,0,No,No,56,Yes,Yes,Fiber optic,No,No,Yes,One year,Yes,Electronic check,62.46,3437.8,No
CUS-02054,Male,0,No,No,68,Yes,No phone service,DSL,No,No,No,One year,Yes,Bank transfer (automatic),19.65,1298.72,No
CUS-02055,Male,0,No,No,30,Yes,No,No,Yes,No,No,Month-to-month,Yes,Electronic check,101.81,3165.8,No
CUS-02056,Female,0,No,No,7,Yes,Yes,DSL,Yes,No internet service,Yes,Month-to-month,Yes,Mailed check,38.68,260.43,No
CUS-02057,Male,0,No,No,12,Yes,Yes,Fiber optic,No internet service,Yes,Yes,Month-to-month,No,Credit card (automatic),109.99,1355.51,No
CUS-02058,Female,0,No,No,24,Yes,No,Fiber optic,Yes,Yes,No internet service,Month-to-month,No,Mailed check,53.77,1307.5,No
CUS-02059,Male,0,Yes,Yes,22,No,No phone service,No,No internet service,Yes,No internet service,Month-to-month,No,Electronic check,101.59,2268.5,Yes
CUS-02060,Male,0,Yes,No,47,Yes,Yes,Fiber optic,No,No,Yes,Two year,Yes,Bank transfer (automatic),56.96,2778.03,No
CUS-02061,Female,0,Yes,Yes,30,Yes,Yes,Fiber optic,No,No internet service,Yes,Month-to-month,Yes,Bank transfer (automatic),33.27,1001.17,Yes
CUS-02062,Male,0,Yes,No,60,Yes,No,Fiber optic,Yes,No internet service,No internet service,Month-to-month,Yes,Mailed check,68.37,3928.2,No
CUS-02063,Female,0,No,Yes,39,Yes,No phone service,Fiber optic,No,No,No,One year,Yes,Credit card (automatic),44.06,1792.42,No
CUS-02064,Male,1,Yes,No,20,Yes,No phone service,DSL,No,Yes,No internet service,One year,No,Electronic check,50.3,989.64,No
CUS-02065,Female,0,Yes,Yes,26,Yes,Yes,Fiber optic,No,No,No,One year,Yes,Mailed check,49.61,1229.21,No
CUS-02066,Female,0,Yes,Yes,49,Yes,Yes,Fiber optic,No,No internet service,No,One year,Yes,Electronic check,52.58,2584.96,No
CUS-02067,Male,1,No,No,69,Yes,No phone service,Fiber optic,No,No,No,Month-to-month,No,Electronic check,67.81,4612.66,Yes
CUS-02068,Female,0,Yes,Yes,42,No,No,DSL,No,Yes,No internet service,Month-to-month,Yes,Mailed check,30.77,1345.55,Yes
CUS-02069,Male,0,Yes,Yes,6,Yes,No phone service,DSL,No,No,Yes,Month-to-month,Yes,Credit card (automatic),43.76,262.84,No
CUS-02070,Male,1,Yes,No,53,Yes,No,Fiber optic,No internet service,Yes,No,Month-to-month,Yes,Bank transfer (automatic),81.23,4112.91,No
CUS-02071,Male,0,Yes,Yes,34,Yes,Yes,Fiber optic,No internet service,No,No,Two year,No,Electronic check,93.57,3098.05,No
CUS-02072,Female,1,No,Yes,69,Yes,No,No,No,No internet service,No,One year,No,Mailed check,42.38,2843.27,No
CUS-02073,Female,1,Yes,Yes,10,No,Yes,Fiber optic,Yes,Yes,Yes,Two year,Yes,Credit card (automatic),44.2,453.67,No
CUS-02074,Male,0,No,No,28,Yes,No,Fiber optic,Yes,No,No,Month-to-month,No,Electronic check,65.8,1762.41,Yes
CUS-02075,Male,0,No,No,3,Yes,No,DSL,No,Yes,Yes,Month-to-month,No,Electronic check,116.11,342.25,Yes
CUS-02076,Female,0,No,No,48,Yes,No phone service,DSL,No,No internet service,No internet service,One year,No,Electronic check,73.02,3564.81,No
CUS-02077,Male,0,Yes,No,66,Yes,No phone service,Fiber optic,No,Yes,Yes,Month-to-month,No,Bank transfer (automatic),99.35,6631.44,No
CUS-02078,Male,0,Yes,Yes,35,Yes,Yes,DSL,No,No,No internet service,Two year,Yes,Electronic check,109.87,3902.21,No
CUS-02079,Female,0,Yes,No,52,Yes,Yes,No,No internet service,Yes,No,Month-to-month,Yes,Bank transfer (automatic),81.69,4273.1,Yes
CUS-02080,Male,0,Yes,No,62,Yes,No,No,Yes,No internet service,Yes,One year,Yes,Credit card (automatic),69.92,4194.46,No
CUS-02081,Female,0,No,No,52,No,No,Fiber optic,No internet service,Yes,Yes,One year,Yes,Bank transfer (automatic),94.45,4997.02,No
CUS-02082,Male,0,Yes,No,47,Yes,No,Fiber optic,No,No,No internet service,Two year,No,Bank transfer (automatic),49.89,2450.57,No
CUS-02083,Female,0,Yes,No,54,Yes,No phone service,Fiber optic,Yes,Yes,Yes,Month-to-month,Yes,Electronic check,115.26,5938.42,No
CUS-02084,Male,0,No,Yes,28,Yes,No,Fiber optic,No internet service,No internet service,No,Month-to-month,Yes,Credit card (automatic),65.54,1809.76,Yes
CUS-02085,Male,0,No,No,23,Yes,Yes,Fiber optic,No internet service,No,Yes,Two year,Yes,Credit card (automatic),110.83,2495.96,No
CUS-02086,Female,1,Yes,No,35,Yes,Yes,DSL,No,Yes,No internet service,Month-to-month,Yes,Electronic check,93.98,3173.56,No
CUS-02087,Male,1,Yes,No,32,No,Yes,No,No internet service,No,No,One year,Yes,Credit card (automatic),39.15,1223.29,No
CUS-02088,Female,0,Yes,No,2,Yes,No,Fiber optic,No internet service,No internet service,No internet service,Month-to-month,Yes,Credit card (automatic),40.07,76.34,Yes
CUS-02089,Male,1,No,Yes,16,Yes,No phone service,DSL,No,No,No internet service,Two year,Yes,Credit card (automatic),52.98,859.78,No
CUS-02090,Female,0,No,No,16,Yes,Yes,DSL,No,No,No,Two year,No,Electronic check,55.2,893.13,No
CUS-02091,Female,0,No,Yes,51,No,No,Fiber optic,No,No,Yes,Two year,Yes,Credit card (automatic),19.5,994.84,No
CUS-02092,Female,0,No,Yes,67,Yes,Yes,DSL,Yes,No,Yes,Month-to-month,Yes,Electronic check,103.58,6810.8,Yes
CUS-02093,Female,0,No,No,54,Yes,Yes,DSL,No,No,Yes,Month-to-month,No,Electronic check,42.04,2378.26,Yes
CUS-02094,Male,1,Yes,No,20,Yes,No,DSL,No,Yes,Yes,Month-to-month,No,Electronic check,100.48,2033.56,Yes
CUS-02095,Male,0,Yes,No,33,Yes,No,No,No,No internet service,No,Month-to-month,Yes,Mailed check,66.29,2272.31,No
CUS-02096,Female,0,No,No,8,Yes,No phone service,DSL,No,Yes,No internet service,Month-to-month,No,Electronic check,77.2,605.62,No
CUS-02097,Female,0,No,No,24,Yes,No,Fiber optic,No internet service,No,Yes,Month-to-month,Yes,Mailed check,71.65,1763.49,Yes
CUS-02098,Female,0,Yes,Yes,53,No,Yes,DSL,No,Yes,Yes,Month-to-month,No,Bank transfer (automatic),112.47,5666.39,No
CUS-02099,Male,0,No,No,64,No,No,Fiber optic,No internet service,No internet service,No,Month-to-month,No,Electronic check,59.8,3894.88,No
CUS-02100,Male,0,No,No,58,Yes,No phone service,Fiber optic,No internet service,No internet service,No internet service,One year,Yes,Credit card (automatic),56.88,3380.91,No
CUS-02101,Male,0,Yes,No,37,Yes,No,No,No,No internet service,Yes,Month-to-month,No,Electronic check,79.49,2873.46,Yes
CUS-02102,Male,0,No,No,12,Yes,Yes,Fiber optic,Yes,Yes,No,Two year,Yes,Electronic check,56.19,707.87,No
CUS-02103,Female,0,Yes,No,4,Yes,Yes,Fiber optic,No,No,Yes,Month-to-month,No,Mailed check,78.74,314.91,No
CUS-02104,Female,0,No,No,31,Yes,Yes,Fiber optic,No,Yes,Yes,Month-to-month,Yes,Electronic check,75.24,2301.97,No
CUS-02105,Female,0,Yes,No,38,Yes,Yes,Fiber optic,No,No internet service,No,Month-to-month,Yes,Credit card (automatic),95.5,3514.68,No
CUS-02106,Male,0,No,No,37,Yes,No phone service,DSL,No,No,No,One year,No,Electronic check,116.99,4179.48,Yes
CUS-02107,Male,0,No,No,14,Yes,Yes,Fiber optic,No internet service,No,No internet service,Month-to-month,Yes,Electronic check,115.73,1572.69,No
CUS-02108,Male,0,Yes,No,24,Yes,No,DSL,No,No,No internet service,Month-to-month,Yes,Mailed check,30.38,731.76,No
CUS-02109,Female,0,No,No,10,Yes,No,No,No,No,No internet service,Month-to-month,Yes,Mailed check,63.21,634.41,Yes
CUS-02110,Female,0,No,No,38,Yes,No,Fiber optic,No internet service,No,No,One year,No,Electronic check,60.24,2296.1,No
CUS-02111,Male,1,No,No,43,Yes,Yes,Fiber optic,No,No,Yes,Month-to-month,No,Electronic check,37.07,1651.32,Yes
CUS-02112,Female,0,Yes,No,37,Yes,No,Fiber optic,Yes,No,Yes,Month-to-month,No,Bank transfer (automatic),92.37,3247.33,Yes
CUS-02113,Male,0,No,No,42,No,Yes,Fiber optic,Yes,No,No,Two year,Yes,Bank transfer (automatic),114.85,4711.27,No
CUS-02114,Male,1,Yes,No,32,Yes,Yes,Fiber optic,Yes,No,No internet service,Month-to-month,No,Electronic check,33.26,1105.37,Yes
CUS-02115,Female,0,Yes,No,14,Yes,Yes,Fiber optic,No internet service,No internet service,No,Month-to-month,Yes,Credit card (automatic),45.22,607.75,Yes
CUS-02116,Male,0,Yes,No,4,Yes,No,DSL,No,Yes,No internet service,Month-to-month,No,Electronic check,103.5,401.36,No
CUS-02117,Female,0,Yes,No,24,Yes,Yes,DSL,No,Yes,Yes,Month-to-month,Yes,Mailed check,48.53,1144.54,No
CUS-02118,Male,0,No,No,10,Yes,Yes,DSL,No,No,Yes,Month-to-month,Yes,Bank transfer (automatic),62.13,640.72,Yes
CUS-02119,Female,0,Yes,Yes,16,Yes,Yes,DSL,No,No,No internet service,Month-to-month,No,Electronic check,92.04,1484.99,No
CUS-02120,Female,1,Yes,Yes,39,Yes,No phone service,No,No,Yes,No internet service,One year,Yes,Electronic check,30.6,1200.04,Yes
CUS-02121,Female,0,No,No,18,Yes,No,Fiber optic,No internet service,Yes,No,Month-to-month,Yes,Mailed check,70.71,1326.88,No
CUS-02122,Male,0,No,No,25,Yes,No,DSL,No,No,Yes,Two year,No,Electronic check,28.97,723.33,Yes
CUS-02123,Male,1,No,No,7,Yes,Yes,DSL,No internet service,No,Yes,Month-to-month,Yes,Electronic check,48.54,354.97,No
CUS-02124,Female,1,Yes,Yes,56,Yes,No,Fiber optic,No internet service,No,Yes,Two year,Yes,Bank transfer (automatic),41.69,2249.22,No
CUS-02125,Female,0,No,Yes,47,No,Yes,Fiber optic,Yes,No internet service,No,Month-to-month,Yes,Bank transfer (automatic),91.02,4235.06,Yes
CUS-02126,Male,0,Yes,No,3,Yes,Yes,Fiber optic,No,No,Yes,One year,No,Credit card (automatic),33.07,102.41,No
CUS-02127,Male,0,No,Yes,1,Yes,No,Fiber optic,No internet service,No internet service,No,Two year,Yes,Electronic check,84.19,81.25,No
CUS-02128,Male,0,No,No,33,Yes,No,No,No internet service,Yes,No,Month-to-month,No,Bank transfer (automatic),75.56,2412.58,No
CUS-02129,Female,0,No,No,71,Yes,No phone service,DSL,Yes,No,No,Two year,Yes,Credit card (automatic),85.58,6004.32,No
CUS-02130,Male,1,Yes,No,59,Yes,No,Fiber optic,Yes,Yes,No,Month-to-month,Yes,Bank transfer (automatic),105.66,6501.17,No
CUS-02131,Male,0,Yes,Yes,32,Yes,Yes,No,No,No internet service,No,Month-to-month,Yes,Bank transfer (automatic),71.41,2212.44,Yes
CUS-02132,Female,0,Yes,Yes,17,No,Yes,DSL,Yes,No,No,Two year,No,Credit card (automatic),90.06,1600.78,No
CUS-02133,Male,0,Yes,No,17,Yes,No,Fiber optic,Yes,Yes,Yes,Month-to-month,Yes,Credit card (automatic),98.46,1702.61,Yes
CUS-02134,Male,0,Yes,Yes,21,Yes,Yes,DSL,Yes,No,Yes,One year,Yes,Mailed check,87.56,1833.47,Yes
CUS-02135,Male,0,No,No,55,Yes,No,Fiber optic,Yes,Yes,Yes,Month-to-month,Yes,Bank transfer (automatic),49.91,2612.64,Yes
CUS-02136,Female,0,Yes,No,6,Yes,No,DSL,No,No,Yes,One year,Yes,Electronic check,114.15,686.59,No
CUS-02137,Female,0,No,Yes,49,No,No phone service,No,No internet service,Yes,Yes,Two year,No,Mailed check,24.07,1169.48,No
CUS-02138,Female,0,Yes,Yes,26,Yes,No,No,Yes,Yes,Yes,Month-to-month,Yes,Bank transfer (automatic),55.23,1477.74,Yes
CUS-02139,Female,0,Yes,Yes,32,Yes,No,No,No,No,No,Month-to-month,Yes,Electronic check,100.13,3223.14,No
CUS-02140,Female,0,No,No,44,Yes,Yes,Fiber optic,No,No,No internet service,Month-to-month,Yes,Mailed check,52.99,2442.02,No
CUS-02141,Female,0,No,Yes,59,Yes,Yes,No,No internet service,No,No internet service,One year,Yes,Electronic check,72.59,4116.6,Yes
CUS-02142,Female,0,Yes,No,29,Yes,No,Fiber optic,No,No,No internet service,Month-to-month,Yes,Credit card (automatic),31.45,949.9,No
CUS-02143,Male,0,Yes,No,17,Yes,No phone service,Fiber optic,Yes,No,No,Month-to-month,No,Credit card (automatic),103.69,1741.5,No
CUS-02144,Male,0,No,No,18,Yes,Yes,DSL,No internet service,No,No internet service,Month-to-month,No,Mailed check,111.12,2001.64,No
CUS-02145,Female,0,Yes,Yes,40,No,No,Fiber optic,No internet service,Yes,No,Month-to-month,Yes,Electronic check,116.4,4820.45,Yes
CUS-02146,Male,0,Yes,No,63,Yes,No,Fiber optic,No,No,No,Month-to-month,No,Bank transfer (automatic),25.71,1649.67,No
CUS-02147,Male,0,No,No,45,Yes,No phone service,DSL,Yes,Yes,No,One year,Yes,Electronic check,37.92,1782.53,Yes
CUS-02148,Female,0,Yes,No,3,Yes,Yes,Fiber optic,Yes,Yes,Yes,Month-to-month,No,Electronic check,67.5,212.31,No
CUS-02149,Male,1,Yes,No,3,Yes,No,No,Yes,Yes,Yes,Month-to-month,Yes,Credit card (automatic),45.26,137.7,No
CUS-02150,Male,0,No,No,38,Yes,Yes,DSL,Yes,No,Yes,Month-to-month,Yes,Electronic check,82.26,3144.57,No
CUS-02151,Male,0,No,No,40,Yes,No,DSL,Yes,No internet service,No,Month-to-month,No,Mailed check,102.54,4000.28,No
CUS-02152,Male,0,Yes,No,68,Yes,Yes,No,Yes,No,No,Month-to-month,Yes,Mailed check,30.71,2041.39,Yes
CUS-02153,Male,0,No,No,54,Yes,No,DSL,No,Yes,No internet service,Month-to-month,Yes,Electronic check,18.32,964.92,Yes
CUS-02154,Female,1,Yes,No,20,Yes,No,No,No,Yes,No internet service,One year,No,Electronic check,117.37,2414.25,No
CUS-02155,Female,0,No,Yes,15,Yes,Yes,Fiber optic,No,No,Yes,One year,No,Mailed check,63.04,956.52,No
CUS-02156,Female,0,No,No,5,Yes,No,Fiber optic,Yes,Yes,No internet service,Month-to-month,No,Electronic check,24.85,127.18,No
CUS-02157,Male,0,Yes,No,39,Yes,No,DSL,No internet service,Yes,No internet service,Two year,Yes,Electronic check,76.85,3091.93,No
CUS-02158,Female,0,Yes,Yes,40,Yes,No,DSL,No,No internet service,Yes,Month-to-month,Yes,Mailed check,93.32,3879.63,Yes
CUS-02159,Male,0,Yes,No,7,Yes,No,Fiber optic,Yes,Yes,No,One year,No,Mailed check,98.12,662.59,Yes
CUS-02160,Male,0,No,Yes,33,Yes,Yes,Fiber optic,Yes,No,Yes,Month-to-month,Yes,Bank transfer (automatic),74.93,2565.43,Yes
CUS-02161,Male,0,No,Yes,37,Yes,No,Fiber optic,Yes,Yes,Yes,One year,Yes,Credit card (automatic),85.95,3226.5,Yes
CUS-02162,Male,0,Yes,No,32,Yes,Yes,Fiber optic,No,Yes,No,One year,Yes,Bank transfer (automatic),65.63,2187.95,No
CUS-02163,Female,1,Yes,No,43,No,No,Fiber optic,Yes,No internet service,No,Month-to-month,No,Credit card (automatic),79.98,3586.58,No
CUS-02164,Female,1,Yes,No,63,Yes,Yes,Fiber optic,Yes,No,Yes,Two year,Yes,Mailed check,113.16,7076.78,No
CUS-02165,Male,0,Yes,No,36,Yes,Yes,No,No,No,No internet service,One year,Yes,Electronic check,116.75,4293.02,No
CUS-02166,Female,0,Yes,Yes,49,Yes,Yes,Fiber optic,No,Yes,No,Month-to-month,Yes,Electronic check,80.76,4086.22,Yes
CUS-02167,Male,0,No,No,25,Yes,Yes,No,No,No,Yes,Month-to-month,Yes,Credit card (automatic),76.39,1863.44,Yes
CUS-02168,Female,0,No,Yes,66,Yes,No phone service,DSL,No,Yes,No,Two year,Yes,Mailed check,52.55,3463.45,No
CUS-02169,Female,1,No,No,9,Yes,No phone service,Fiber optic,Yes,No internet service,No,Month-to-month,Yes,Bank transfer (automatic),50.42,442.86,Yes
CUS-02170,Male,0,No,No,18,Yes,No,Fiber optic,No,No,No,Month-to-month,No,Bank transfer (automatic),110.45,1906.29,No
CUS-02171,Female,0,No,No,22,Yes,Yes,No,No,No internet service,No internet service,One year,Yes,Electronic check,84.52,1896.25,Yes
CUS-02172,Male,0,No,No,15,Yes,No phone service,Fiber optic,No,No,Yes,Month-to-month,Yes,Credit card (automatic),63.86,964.82,Yes
CUS-02173,Female,0,No,No,7,No,No phone service,DSL,No,No,No,Month-to-month,Yes,Mailed check,84.59,586.21,No
CUS-02174,Male,1,Yes,No,13,Yes,No,Fiber optic,Yes,Yes,No internet service,Month-to-month,No,Electronic check,30.09,379.93,No
CUS-02175,Male,1,Yes,Yes,36,Yes,No,DSL,Yes,No internet service,No,Month-to-month,Yes,Credit card (automatic),112.34,3918.66,No
CUS-02176,Female,0,Yes,No,16,Yes,Yes,DSL,Yes,Yes,Yes,Month-to-month,Yes,Bank transfer (automatic),70.23,1098.9,Yes
CUS-02177,Female,0,No,Yes,41,No,Yes,Fiber optic,Yes,No,No internet service,One year,Yes,Bank transfer (automatic),51.41,2209.44,Yes
CUS-02178,Male,1,No,No,21,Yes,No,No,Yes,No,No internet service,Month-to-month,Yes,Credit card (automatic),19.33,424.71,Yes
CUS-02179,Female,1,Yes,No,28,Yes,No,DSL,Yes,No,No,One year,No,Bank transfer (automatic),85.72,2482.92,No
CUS-02180,Female,0,No,No,17,Yes,No,DSL,No,No,No internet service,Two year,No,Electronic check,114.96,1869.97,No
CUS-02181,Male,0,No,No,65,No,Yes,No,Yes,No,Yes,Month-to-month,Yes,Credit card (automatic),73.85,4959.55,Yes
CUS-02182,Male,0,Yes,No,13,Yes,No,DSL,No internet service,Yes,Yes,One year,No,Bank transfer (automatic),51.27,683.55,No
CUS-02183,Female,0,Yes,Yes,36,Yes,No,No,No internet service,No,Yes,Month-to-month,No,Electronic check,59.83,2248.35,No
CUS-02184,Male,1,Yes,Yes,58,Yes,No,DSL,No,No,No,Month-to-month,No,Credit card (automatic),74.87,4328.07,Yes
CUS-02185,Male,0,Yes,No,20,Yes,No,Fiber optic,No,Yes,No internet service,Month-to-month,Yes,Electronic check,86.88,1740.19,No
CUS-02186,Male,1,No,No,52,Yes,Yes,DSL,No internet service,No,No internet service,Month-to-month,Yes,Bank transfer (automatic),36.33,1901.95,Yes
CUS-02187,Female,0,No,No,6,No,Yes,No,No,No internet service,Yes,Month-to-month,No,Electronic check,111.51,672.14,No
CUS-02188,Female,0,No,No,23,Yes,No,No,No internet service,No internet service,No,One year,No,Electronic check,59.43,1341.43,No
CUS-02189,Male,0,No,Yes,42,Yes,No,No,No internet service,Yes,No internet service,Month-to-month,No,Mailed check,80.45,3264.49,No
CUS-02190,Female,0,No,No,24,Yes,Yes,DSL,No internet service,No internet service,Yes,Two year,No,Mailed check,109.14,2674.83,Yes
CUS-02191,Male,0,No,Yes,5,Yes,Yes,No,No,No internet service,No,One year,No,Bank transfer (automatic),75.84,394.84,Yes
CUS-02192,Female,0,No,Yes,32,Yes,No,No,Yes,Yes,No internet service,Month-to-month,Yes,Mailed check,86.35,2809.18,No
CUS-02193,Male,0,No,Yes,46,No,Yes,Fiber optic,Yes,No,No internet service,Two year,Yes,Bank transfer (automatic),81.32,3863.84,No
CUS-02194,Male,0,No,No,17,Yes,No,Fiber optic,No,No internet service,Yes,Two year,Yes,Electronic check,42.8,729.15,Yes
CUS-02195,Female,0,Yes,No,27,Yes,No,No,No,No,Yes,Two year,Yes,Credit card (automatic),114.29,3087.42,Yes
CUS-02196,Male,0,No,Yes,68,Yes,No,Fiber optic,No,No,No,One year,No,Credit card (automatic),65.24,4651.69,No
CUS-02197,Female,0,Yes,No,23,Yes,No,DSL,Yes,No,No internet service,One year,Yes,Electronic check,27.84,671.99,No
CUS-02198,Female,0,No,No,34,Yes,Yes,No,No,Yes,No,Month-to-month,Yes,Mailed check,117.8,4048.75,No
CUS-02199,Male,0,Yes,No,21,Yes,No,Fiber optic,No,Yes,No,Month-to-month,Yes,Mailed check,83.0,1720.49,No
CUS-02200,Male,0,Yes,No,22,Yes,Yes,No,No,No internet service,No internet service,One year,No,Credit card (automatic),78.85,1712.57,No
CUS-02201,Female,0,No,Yes,65,Yes,No,Fiber optic,No,Yes,No,Month-to-month,Yes,Credit card (automatic),109.66,7250.41,No
CUS-02202,Male,0,Yes,No,32,Yes,No,DSL,No,No internet service,No,Two year,Yes,Electronic check,72.19,2246.41,No
CUS-02203,Male,0,Yes,Yes,62,Yes,Yes,Fiber optic,Yes,No,No,Two year,No,Credit card (automatic),54.04,3511.38,No
CUS-02204,Male,0,Yes,No,28,Yes,Yes,Fiber optic,No internet service,No,Yes,Month-to-month,Yes,Electronic check,35.47,1014.31,No
CUS-02205,Male,1,No,No,7,Yes,Yes,DSL,Yes,No,Yes,Month-to-month,Yes,Mailed check,99.06,669.92,Yes
CUS-02206,Male,0,No,Yes,54,Yes,No,Fiber optic,No internet service,No,Yes,Month-to-month,No,Electronic check,51.1,2721.92,No
CUS-02207,Female,0,No,No,70,Yes,Yes,DSL,No internet service,No internet service,No internet service,One year,Yes,Mailed check,69.64,4740.11,No
CUS-02208,Female,0,No,Yes,14,Yes,No,Fiber optic,No,No internet service,Yes,Month-to-month,No,Bank transfer (automatic),68.89,924.54,Yes
CUS-02209,Male,0,Yes,No,55,Yes,No,No,No,No,Yes,Month-to-month,Yes,Bank transfer (automatic),92.04,5135.52,No
CUS-02210,Male,0,Yes,Yes,58,Yes,No,Fiber optic,No,No,No,Month-to-month,Yes,Electronic check,86.42,4814.08,Yes
CUS-02211,Male,0,Yes,No,44,No,No,Fiber optic,No internet service,No,No,Month-to-month,Yes,Credit card (automatic),60.36,2628.26,No
CUS-02212,Female,0,No,No,46,Yes,Yes,Fiber optic,Yes,Yes,No,One year,Yes,Electronic check,60.6,2834.85,Yes
CUS-02213,Male,0,No,Yes,14,Yes,No phone service,Fiber optic,No,Yes,No,One year,No,Mailed check,45.03,609.06,No
CUS-02214,Female,0,Yes,No,44,Yes,Yes,Fiber optic,Yes,No,Yes,Month-to-month,No,Credit card (automatic),52.09,2380.01,No
CUS-02215,Female,0,Yes,No,41,Yes,Yes,Fiber optic,No internet service,No,Yes,Two year,No,Credit card (automatic),89.15,3539.99,Yes
CUS-02216,Female,0,Yes,No,2,Yes,Yes,No,No internet service,Yes,Yes,Month-to-month,No,Credit card (automatic),74.23,150.1,No
CUS-02217,Male,0,No,No,5,Yes,No,Fiber optic,No,Yes,No internet service,Two year,Yes,Mailed check,23.1,120.39,Yes
CUS-02218,Female,0,Yes,No,12,Yes,Yes,No,No,No,No,Two year,No,Bank transfer (automatic),68.82,792.42,No
CUS-02219,Male,0,Yes,No,47,Yes,No,No,Yes,Yes,No,Month-to-month,Yes,Bank transfer (automatic),113.5,5123.76,Yes
CUS-02220,Female,0,Yes,Yes,35,Yes,Yes,DSL,No,Yes,No,Month-to-month,No,Bank transfer (automatic),28.93,974.65,No
CUS-02221,Male,0,No,No,19,Yes,No,Fiber optic,No internet service,No,No,Month-to-month,No,Bank transfer (automatic),28.49,533.6,Yes
CUS-02222,Female,0,No,Yes,63,Yes,No,No,No,Yes,Yes,Month-to-month,Yes,Mailed check,84.78,5432.79,No
CUS-02223,Male,0,Yes,No,8,Yes,No,No,No,Yes,No internet service,One year,Yes,Electronic check,113.77,913.68,No
CUS-02224,Female,0,No,No,23,No,No phone service,Fiber optic,No internet service,No,Yes,One year,Yes,Electronic check,20.67,465.82,No
CUS-02225,Male,0,No,No,13,Yes,No,Fiber optic,No,No,Yes,Month-to-month,Yes,Bank transfer (automatic),52.45,689.9,Yes
CUS-02226,Male,0,No,No,23,Yes,No,Fiber optic,No internet service,No internet service,No internet service,One year,Yes,Electronic check,24.7,565.06,No
CUS-02227,Male,0,Yes,Yes,31,Yes,No,DSL,No,Yes,Yes,Month-to-month,No,Mailed check,44.58,1361.62,Yes
CUS-02228,Male,0,No,Yes,30,Yes,No,No,Yes,No,No,Month-to-month,Yes,Mailed check,73.45,2177.6,No
CUS-02229,Female,1,No,Yes,42,Yes,Yes,No,No,No,Yes,One year,Yes,Bank transfer (automatic),62.21,2576.07,No
CUS-02230,Female,0,Yes,No,2,Yes,Yes,Fiber optic,No internet service,Yes,No,Month-to-month,Yes,Electronic check,54.33,108.79,No
CUS-02231,Male,0,No,No,11,Yes,Yes,DSL,No,No,Yes,Month-to-month,No,Bank transfer (automatic),39.07,424.62,Yes
CUS-02232,Female,1,Yes,No,25,Yes,No,No,No,No,Yes,One year,No,Bank transfer (automatic),79.95,1962.67,Yes
CUS-02233,Male,0,Yes,No,29,Yes,Yes,Fiber optic,No internet service,No,Yes,Month-to-month,Yes,Credit card (automatic),75.58,2152.59,No
CUS-02234,Male,0,Yes,No,22,No,Yes,DSL,No internet service,No,No internet service,Month-to-month,Yes,Mailed check,84.31,1802.7,Yes
CUS-02235,Female,0,Yes,No,19,Yes,Yes,DSL,No internet service,No internet service,No internet service,One year,Yes,Electronic check,97.32,1795.42,No
CUS-02236,Male,0,Yes,Yes,41,Yes,No,DSL,No,Yes,Yes,Month-to-month,No,Mailed check,90.95,3649.17,No
CUS-02237,Male,0,Yes,Yes,38,Yes,No,Fiber optic,No,Yes,Yes,One year,Yes,Electronic check,113.73,4525.84,No
CUS-02238,Female,0,No,No,29,Yes,No,DSL,No internet service,No,No,Two year,No,Bank transfer (automatic),34.94,983.29,Yes
CUS-02239,Male,0,No,No,22,No,Yes,DSL,No,No,No,Month-to-month,No,Credit card (automatic),113.14,2475.29,No
CUS-02240,Male,0,Yes,No,8,Yes,No phone service,No,No,No internet service,No,Month-to-month,Yes,Mailed check,35.21,293.19,No
CUS-02241,Male,1,No,No,47,Yes,No,No,No,No internet service,No,One year,No,Electronic check,102.28,4572.33,No
CUS-02242,Male,1,No,No,6,Yes,No,DSL,No,Yes,No internet service,Two year,Yes,Mailed check,96.84,587.13,No
CUS-02243,Female,0,Yes,No,7,Yes,No phone service,DSL,Yes,No,Yes,Month-to-month,No,Credit card (automatic),84.61,614.2,Yes
CUS-02244,Female,0,Yes,Yes,36,Yes,No phone service,Fiber optic,Yes,No,Yes,Month-to-month,No,Credit card (automatic),88.62,3084.26,No
CUS-02245,Female,0,No,Yes,8,Yes,No,DSL,No,No,No internet service,One year,Yes,Credit card (automatic),87.15,719.0,No
CUS-02246,Male,1,No,Yes,46,Yes,No phone service,DSL,No,Yes,No,One year,No,Mailed check,70.99,3313.25,No
CUS-02247,Male,0,Yes,Yes,64,Yes,No,DSL,No internet service,Yes,No internet service,Month-to-month,Yes,Mailed check,21.27,1405.02,Yes
CUS-02248,Female,0,Yes,No,31,Yes,Yes,No,Yes,No,No,Two year,Yes,Electronic check,75.96,2253.72,No
CUS-02249,Male,0,No,No,23,Yes,Yes,No,No,No,No,Month-to-month,No,Credit card (automatic),56.91,1252.77,Yes
CUS-02250,Male,0,No,No,61,Yes,No,No,No internet service,No internet service,No,One year,Yes,Electronic check,45.24,2661.12,No
CUS-02251,Male,0,Yes,No,50,Yes,No,Fiber optic,No,No,Yes,One year,Yes,Electronic check,67.01,3510.98,No
CUS-02252,Male,0,No,Yes,46,Yes,No,Fiber optic,No,No,Yes,Two year,No,Bank transfer (automatic),102.81,4908.69,No
CUS-02253,Female,0,Yes,No,43,Yes,No,Fiber optic,No internet service,No internet service,No internet service,Two year,No,Mailed check,75.84,3284.72,No
CUS-02254,Female,0,Yes,No,10,No,No,Fiber optic,No,No,Yes,Month-to-month,No,Bank transfer (automatic),114.48,1148.06,Yes
CUS-02255,Female,0,Yes,No,20,Yes,Yes,Fiber optic,No,Yes,Yes,Month-to-month,No,Bank transfer (automatic),60.06,1171.78,No
CUS-02256,Male,0,No,No,16,No,Yes,Fiber optic,No internet service,No,No,Month-to-month,Yes,Mailed check,34.83,541.23,No
CUS-02257,Female,1,Yes,No,3,Yes,No phone service,DSL,Yes,Yes,No,One year,No,Mailed check,49.47,144.47,No
CUS-02258,Female,1,Yes,No,30,Yes,No,DSL,No,No internet service,Yes,Month-to-month,Yes,Electronic check,32.47,996.51,No
CUS-02259,Male,1,No,Yes,18,No,No,No,No internet service,No,No,Month-to-month,Yes,Mailed check,86.49,1577.68,No
CUS-02260,Male,1,No,Yes,59,Yes,No,DSL,No,Yes,No,Two year,Yes,Mailed check,33.95,2003.41,Yes
CUS-02261,Female,0,Yes,No,70,Yes,No,DSL,No internet service,Yes,No internet service,Month-to-month,No,Credit card (automatic),69.83,5051.15,No
CUS-02262,Female,0,Yes,No,35,Yes,No phone service,Fiber optic,Yes,No,No internet service,Month-to-month,No,Mailed check,110.34,3691.7,Yes
CUS-02263,Female,0,No,No,19,Yes,Yes,DSL,No,No,No internet service,Two year,No,Bank transfer (automatic),61.39,1112.31,No
CUS-02264,Female,1,No,No,26,Yes,No,DSL,No,No,No internet service,Month-to-month,Yes,Bank transfer (automatic),58.27,1563.61,No
CUS-02265,Male,0,Yes,No,35,Yes,Yes,DSL,No,No,No internet service,Month-to-month,Yes,Mailed check,38.31,1329.63,Yes
CUS-02266,Female,0,No,Yes,57,Yes,No phone service,Fiber optic,Yes,Yes,No internet service,Two year,No,Electronic check,93.38,5410.77,No
CUS-02267,Female,0,Yes,Yes,49,Yes,No phone service,DSL,Yes,Yes,Yes,Month-to-month,No,Credit card (automatic),48.43,2350.34,No
CUS-02268,Male,0,No,Yes,10,No,No,Fiber optic,No internet service,No,Yes,Month-to-month,No,Credit card (automatic),117.04,1163.21,No
CUS-02269,Female,0,Yes,No,29,Yes,No,DSL,No internet service,Yes,No,One year,Yes,Credit card (automatic),34.68,957.7,No
CUS-02270,Male,0,No,No,71,No,No,DSL,No,No internet service,No internet service,Two year,Yes,Electronic check,18.22,1297.56,No
CUS-02271,Male,0,Yes,No,68,Yes,No,No,No,Yes,No,Month-to-month,Yes,Electronic check,71.94,4664.66,Yes
CUS-02272,Male,0,No,No,24,No,Yes,Fiber optic,No,No,Yes,Month-to-month,Yes,Credit card (automatic),24.86,587.77,Yes
CUS-02273,Female,0,No,Yes,43,Yes,No,Fiber optic,No internet service,Yes,No internet service,One year,Yes,Electronic check,54.97,2277.84,No
CUS-02274,Female,0,Yes,Yes,39,Yes,Yes,DSL,No,Yes,No,Month-to-month,Yes,Bank transfer (automatic),63.16,2393.74,No
CUS-02275,Male,1,No,No,25,Yes,No phone service,DSL,No internet service,No internet service,No,Month-to-month,Yes,Electronic check,42.83,1114.38,No
CUS-02276,Female,0,Yes,No,68,No,No,No,No internet service,No,No,Month-to-month,No,Bank transfer (automatic),115.81,8244.69,No
CUS-02277,Female,0,No,Yes,34,Yes,No phone service,DSL,No,No,No,Two year,No,Credit card (automatic),52.48,1701.01,No
CUS-02278,Male,0,No,No,53,Yes,No,No,No,Yes,Yes,Month-to-month,Yes,Mailed check,32.47,1792.16,No
CUS-02279,Male,0,No,No,55,Yes,Yes,Fiber optic,No,Yes,Yes,Month-to-month,No,Electronic check,21.73,1237.12,Yes
CUS-02280,Female,0,No,Yes,53,Yes,Yes,Fiber optic,No internet service,No,No internet service,Month-to-month,Yes,Bank transfer (automatic),48.94,2598.03,Yes
CUS-02281,Male,0,No,No,18,Yes,No phone service,Fiber optic,No,No,Yes,One year,Yes,Electronic check,100.11,1799.04,Yes
CUS-02282,Female,0,Yes,Yes,7,Yes,No,Fiber optic,No internet service,Yes,No,Month-to-month,No,Electronic check,42.59,294.76,Yes
CUS-02283,Female,0,Yes,No,63,Yes,Yes,DSL,No internet service,No,No,Month-to-month,Yes,Credit card (automatic),77.87,4981.07,No
CUS-02284,Female,0,No,Yes,42,No,Yes,Fiber optic,No,No,No internet service,Two year,No,Credit card (automatic),116.91,4754.31,No
CUS-02285,Female,0,No,No,11,Yes,No,No,No,No,No,Month-to-month,Yes,Bank transfer (automatic),52.36,551.44,No
CUS-02286,Male,0,No,No,9,Yes,Yes,DSL,No,Yes,No,Month-to-month,No,Bank transfer (automatic),79.6,750.77,No
CUS-02287,Male,0,No,No,35,Yes,Yes,Fiber optic,Yes,No,Yes,Month-to-month,No,Credit card (automatic),77.95,2815.88,No
CUS-02288,Male,0,Yes,Yes,65,No,No,Fiber optic,No,No internet service,Yes,Month-to-month,No,Electronic check,77.43,4972.58,Yes
CUS-02289,Male,1,Yes,Yes,5,Yes,No,Fiber optic,Yes,No,No,One year,Yes,Electronic check,113.34,542.08,Yes
CUS-02290,Female,0,Yes,No,26,Yes,No,DSL,No internet service,Yes,Yes,Month-to-month,Yes,Bank transfer (automatic),96.59,2626.17,No
CUS-02291,Female,0,No,Yes,51,Yes,No phone service,No,No internet service,No,No,Two year,Yes,Electronic check,18.88,919.68,No
CUS-02292,Male,0,Yes,No,38,Yes,No,Fiber optic,Yes,No internet service,No,Two year,No,Electronic check,20.79,750.73,Yes
CUS-02293,Female,0,Yes,No,3,Yes,No,No,No,No,No internet service,Month-to-month,Yes,Mailed check,22.0,64.61,No
CUS-02294,Female,0,No,Yes,59,Yes,Yes,No,No,No,Yes,Two year,Yes,Bank transfer (automatic),54.46,3291.94,No
CUS-02295,Female,0,No,No,13,Yes,Yes,DSL,No,Yes,No,Month-to-month,Yes,Electronic check,61.96,833.28,Yes
CUS-02296,Male,0,No,No,35,Yes,Yes,DSL,No,No internet service,No,One year,Yes,Mailed check,98.72,3484.54,No
CUS-02297,Male,0,No,No,3,No,Yes,No,Yes,No,Yes,Month-to-month,No,Mailed check,81.63,243.91,Yes
CUS-02298,Male,0,No,No,53,Yes,No phone service,Fiber optic,No,Yes,No,Month-to-month,Yes,Electronic check,118.0,5950.63,Yes
CUS-02299,Female,0,Yes,No,55,Yes,No phone service,DSL,Yes,No,No,Month-to-month,No,Mailed check,97.4,5275.58,No
CUS-02300,Male,0,No,Yes,45,Yes,No,No,No internet service,Yes,Yes,Month-to-month,Yes,Credit card (automatic),105.35,4543.46,No
CUS-02301,Male,0,Yes,Yes,66,Yes,No,Fiber optic,No,No,No,Two year,Yes,Bank transfer (automatic),36.2,2322.15,No
CUS-02302,Male,1,No,No,67,Yes,No,DSL,No internet service,No,Yes,Month-to-month,Yes,Mailed check,82.14,5265.93,Yes
CUS-02303,Male,0,No,No,44,No,No,Fiber optic,No,No,No internet service,Two year,Yes,Electronic check,32.9,1505.03,Yes
CUS-02304,Male,0,No,Yes,68,Yes,Yes,No,No,No,No,Two year,Yes,Electronic check,85.5,5934.9,No
CUS-02305,Male,0,Yes,Yes,62,Yes,No,DSL,No internet service,No,Yes,Month-to-month,Yes,Electronic check,98.97,6108.1,Yes
CUS-02306,Female,0,Yes,Yes,25,Yes,No,Fiber optic,No internet service,Yes,Yes,Month-to-month,Yes,Bank transfer (automatic),48.03,1252.51,No
CUS-02307,Female,0,No,Yes,52,Yes,Yes,DSL,Yes,No,No,Month-to-month,No,Bank transfer (automatic),34.72,1752.82,No
CUS-02308,Male,0,Yes,Yes,50,Yes,Yes,No,No,Yes,No internet service,Two year,Yes,Bank transfer (automatic),41.74,2181.67,No
CUS-02309,Male,0,No,No,1,Yes,Yes,Fiber optic,Yes,Yes,Yes,Month-to-month,No,Electronic check,99.09,94.87,Yes
CUS-02310,Female,0,No,No,39,Yes,No,Fiber optic,No internet service,No internet service,Yes,Month-to-month,Yes,Electronic check,72.71,2920.68,Yes
CUS-02311,Female,1,No,Yes,52,Yes,Yes,Fiber optic,No internet service,Yes,No internet service,Month-to-month,No,Bank transfer (automatic),71.65,3661.97,Yes
CUS-02312,Male,0,No,Yes,40,No,No,Fiber optic,Yes,No,Yes,Two year,No,Credit card (automatic),75.68,2915.79,Yes
CUS-02313,Male,0,No,No,60,Yes,No,Fiber optic,Yes,No internet service,Yes,Month-to-month,Yes,Mailed check,67.23,4098.99,No
CUS-02314,Male,1,Yes,No,69,Yes,Yes,No,No,No,Yes,One year,Yes,Bank transfer (automatic),104.34,7296.93,No
CUS-02315,Male,0,Yes,Yes,20,No,No,Fiber optic,No,No,No,Month-to-month,Yes,Bank transfer (automatic),68.74,1434.49,No
CUS-02316,Female,0,No,No,2,Yes,No,No,No,Yes,No,One year,No,Credit card (automatic),77.6,151.73,No
CUS-02317,Male,0,No,No,9,Yes,Yes,Fiber optic,No internet service,Yes,No,Two year,Yes,Electronic check,115.98,1071.6,Yes
CUS-02318,Male,1,No,No,39,Yes,No,DSL,No,No,Yes,Month-to-month,Yes,Credit card (automatic),63.53,2582.12,No
CUS-02319,Male,0,No,No,30,Yes,Yes,No,Yes,No,No,Month-to-month,Yes,Credit card (automatic),36.71,1096.49,No
CUS-02320,Male,0,Yes,No,54,Yes,No,DSL,No,Yes,Yes,One year,Yes,Credit card (automatic),74.3,3978.9,No
CUS-02321,Female,0,Yes,No,58,Yes,No,Fiber optic,No,No,No,Two year,No,Credit card (automatic),88.46,5063.24,Yes
CUS-02322,Female,0,Yes,No,44,Yes,Yes,Fiber optic,No,No internet service,No,One year,Yes,Bank transfer (automatic),30.52,1407.85,No
CUS-02323,Female,0,No,Yes,43,Yes,No,No,No internet service,Yes,No internet service,Two year,No,Electronic check,34.2,1486.52,No
CUS-02324,Male,0,Yes,No,10,Yes,Yes,DSL,No,Yes,No,One year,No,Credit card (automatic),20.44,213.03,Yes
CUS-02325,Male,0,Yes,Yes,48,Yes,Yes,No,No,Yes,No,Month-to-month,Yes,Electronic check,92.44,4414.69,No
CUS-02326,Female,0,No,Yes,17,Yes,Yes,No,No,No,No,One year,Yes,Bank transfer (automatic),38.21,674.39,No
CUS-02327,Male,0,Yes,No,5,Yes,Yes,DSL,Yes,No internet service,Yes,Month-to-month,Yes,Mailed check,108.11,538.52,No
CUS-02328,Male,1,No,No,70,Yes,No,No,No,Yes,No,Month-to-month,Yes,Electronic check,69.54,4701.15,No
CUS-02329,Female,1,No,No,64,Yes,No,DSL,No,No internet service,Yes,One year,Yes,Mailed check,113.52,7337.26,Yes
CUS-02330,Female,0,Yes,Yes,66,Yes,No,DSL,No internet service,No,No,Two year,Yes,Credit card (automatic),56.31,3853.75,No
CUS-02331,Female,0,Yes,No,71,Yes,Yes,No,Yes,No,Yes,Two year,Yes,Electronic check,113.58,7688.6,No
CUS-02332,Female,0,No,No,4,Yes,No,Fiber optic,No,Yes,Yes,Month-to-month,No,Electronic check,115.76,453.02,Yes
CUS-02333,Male,0,Yes,Yes,28,Yes,Yes,Fiber optic,No,No,No,One year,Yes,Mailed check,31.0,906.74,No
CUS-02334,Male,0,Yes,No,38,Yes,No,Fiber optic,No,No internet service,No,Two year,Yes,Electronic check,30.49,1132.0,No
CUS-02335,Female,0,Yes,No,66,Yes,No,DSL,No,No internet service,No,Month-to-month,No,Credit card (automatic),60.35,3942.62,Yes
CUS-02336,Male,1,Yes,Yes,67,Yes,Yes,Fiber optic,No internet service,No,No,Month-to-month,No,Credit card (automatic),59.39,3910.64,No
CUS-02337,Female,0,No,Yes,60,Yes,No phone service,DSL,Yes,No,Yes,Month-to-month,Yes,Bank transfer (automatic),82.99,4860.13,No
CUS-02338,Female,0,Yes,No,47,Yes,No,DSL,No,Yes,No internet service,Month-to-month,No,Electronic check,29.27,1360.84,No
CUS-02339,Male,0,No,No,25,No,No,No,No internet service,No internet service,Yes,One year,No,Mailed check,93.63,2423.09,No
CUS-02340,Female,0,Yes,Yes,66,Yes,No,No,No internet service,No,Yes,Month-to-month,No,Bank transfer (automatic),40.49,2626.89,No
CUS-02341,Male,0,No,No,67,No,No,Fiber optic,Yes,No,Yes,Month-to-month,No,Bank transfer (automatic),33.06,2260.06,Yes
CUS-02342,Male,0,No,Yes,69,Yes,No phone service,DSL,No,No internet service,No,Month-to-month,No,Credit card (automatic),97.45,6553.18,No
CUS-02343,Male,0,No,No,40,Yes,No,Fiber optic,Yes,Yes,Yes,Month-to-month,Yes,Credit card (automatic),26.03,1007.98,Yes
CUS-02344,Male,1,No,No,50,Yes,Yes,No,No internet service,Yes,Yes,Month-to-month,Yes,Mailed check,89.16,4594.88,Yes
CUS-02345,Female,0,Yes,Yes,40,Yes,No,DSL,No,No internet service,No,Month-to-month,Yes,Bank transfer (automatic),29.11,1121.06,No
CUS-02346,Male,1,No,No,37,Yes,Yes,DSL,Yes,No,No,One year,Yes,Mailed check,92.01,3497.45,No
CUS-02347,Female,0,Yes,No,69,Yes,No phone service,No,No,No,No,Month-to-month,Yes,Credit card (automatic),97.05,6787.84,Yes
CUS-02348,Female,0,Yes,No,17,Yes,No phone service,Fiber optic,No,No,No,Month-to-month,No,Bank transfer (automatic),76.47,1304.71,Yes
CUS-02349,Female,0,No,No,62,Yes,No,DSL,Yes,Yes,No internet service,One year,No,Bank transfer (automatic),53.18,3284.16,No
CUS-02350,Female,0,Yes,No,41,Yes,No,DSL,No internet service,No,No internet service,Two year,Yes,Mailed check,41.62,1712.46,No
CUS-02351,Male,0,No,No,42,Yes,No phone service,No,Yes,No,Yes,One year,No,Mailed check,98.89,3997.73,Yes
CUS-02352,Male,0,Yes,Yes,31,Yes,Yes,Fiber optic,No,Yes,No,Two year,Yes,Electronic check,28.68,866.55,No
CUS-02353,Female,0,No,No,33,No,No,DSL,No,No,No,Two year,Yes,Electronic check,115.45,3626.61,No
CUS-02354,Female,0,No,Yes,43,Yes,No,No,No internet service,No,Yes,Two year,No,Electronic check,95.91,4206.2,No
CUS-02355,Male,0,No,Yes,67,Yes,No,No,Yes,No internet service,Yes,Two year,Yes,Electronic check,87.04,6005.28,No
CUS-02356,Female,0,No,Yes,38,Yes,Yes,DSL,No,Yes,No internet service,Two year,Yes,Credit card (automatic),116.86,4524.87,No
CUS-02357,Male,0,No,No,41,Yes,No,Fiber optic,Yes,No,No,Two year,No,Electronic check,86.87,3636.0,No
CUS-02358,Female,0,No,No,63,Yes,Yes,DSL,No internet service,No internet service,No,Month-to-month,No,Credit card (automatic),28.4,1854.24,No
CUS-02359,Male,0,Yes,Yes,40,Yes,Yes,Fiber optic,Yes,Yes,Yes,Month-to-month,No,Electronic check,50.26,2051.03,No
CUS-02360,Female,1,No,Yes,30,Yes,Yes,DSL,No,No internet service,No internet service,Two year,No,Electronic check,76.54,2261.87,No
CUS-02361,Female,0,Yes,No,47,Yes,Yes,DSL,No,Yes,No,Month-to-month,No,Credit card (automatic),75.54,3457.83,Yes
CUS-02362,Male,0,Yes,No,22,Yes,Yes,Fiber optic,Yes,No internet service,No internet service,Two year,Yes,Credit card (automatic),19.01,414.47,No
CUS-02363,Female,0,Yes,No,55,Yes,No,Fiber optic,Yes,No,Yes,Month-to-month,Yes,Electronic check,44.0,2411.1,Yes
CUS-02364,Female,0,Yes,No,43,Yes,No,Fiber optic,Yes,No internet service,No,Month-to-month,Yes,Electronic check,91.63,3850.55,No
CUS-02365,Male,0,No,No,61,Yes,Yes,DSL,No internet service,Yes,No,Two year,Yes,Electronic check,83.96,5015.92,No
CUS-02366,Female,1,No,Yes,32,Yes,No,No,No,No,Yes,Month-to-month,No,Mailed check,107.75,3520.35,Yes
CUS-02367,Male,1,No,No,4,Yes,No,DSL,No internet service,No,Yes,Two year,No,Electronic check,114.02,442.73,Yes
CUS-02368,Male,0,No,No,45,Yes,Yes,Fiber optic,Yes,No,Yes,Month-to-month,Yes,Electronic check,104.95,4849.06,Yes
CUS-02369,Female,0,Yes,No,20,Yes,Yes,DSL,Yes,Yes,No internet service,Two year,No,Credit card (automatic),73.31,1430.62,No
CUS-02370,Female,0,Yes,Yes,71,Yes,No,Fiber optic,No internet service,Yes,No,One year,Yes,Credit card (automatic),72.3,5085.27,No
CUS-02371,Female,0,Yes,Yes,65,Yes,Yes,DSL,No,No,Yes,Month-to-month,No,Credit card (automatic),54.95,3491.59,Yes
CUS-02372,Female,0,No,Yes,60,Yes,Yes,DSL,No internet service,No,No,Month-to-month,Yes,Mailed check,107.88,6680.97,Yes
CUS-02373,Female,0,Yes,No,26,Yes,No phone service,Fiber optic,No internet service,No,No,One year,Yes,Electronic check,101.06,2599.74,No
CUS-02374,Female,0,No,No,23,Yes,No,DSL,No internet service,Yes,Yes,Two year,Yes,Mailed check,95.9,2311.25,Yes
CUS-02375,Female,0,No,Yes,40,Yes,No,Fiber optic,Yes,No,No internet service,Month-to-month,No,Credit card (automatic),95.84,3872.22,Yes
CUS-02376,Male,0,No,No,2,Yes,No,DSL,Yes,No,No internet service,Month-to-month,Yes,Electronic check,102.89,195.83,No
CUS-02377,Female,0,No,No,26,Yes,No,DSL,Yes,Yes,No,Two year,No,Credit card (automatic),109.89,2947.18,Yes
CUS-02378,Male,1,No,No,62,Yes,No,Fiber optic,No internet service,Yes,No,Two year,No,Electronic check,100.1,6323.65,No
CUS-02379,Female,0,Yes,No,44,Yes,Yes,DSL,No,Yes,No,Two year,Yes,Electronic check,99.5,4271.23,No
CUS-02380,Female,1,Yes,No,31,Yes,No,DSL,No,No,Yes,One year,No,Mailed check,84.03,2544.63,Yes
CUS-02381,Male,0,No,No,26,Yes,No,DSL,No internet service,No,No internet service,Month-to-month,Yes,Credit card (automatic),63.81,1657.77,Yes
CUS-02382,Female,0,No,No,5,Yes,Yes,DSL,No,No,No internet service,Month-to-month,Yes,Electronic check,73.09,371.53,No
CUS-02383,Female,1,No,No,70,Yes,No phone service,DSL,Yes,No internet service,No,Two year,No,Electronic check,71.53,5207.23,No
CUS-02384,Male,0,Yes,Yes,35,Yes,No,DSL,No,No,Yes,Month-to-month,Yes,Bank transfer (automatic),100.42,3397.42,Yes
CUS-02385,Female,0,No,No,16,No,Yes,DSL,Yes,No,Yes,Month-to-month,No,Credit card (automatic),44.6,689.86,Yes
CUS-02386,Female,0,Yes,Yes,31,No,No phone service,No,No,No,Yes,Month-to-month,Yes,Electronic check,54.32,1717.12,No
CUS-02387,Female,0,Yes,Yes,14,No,Yes,DSL,Yes,Yes,Yes,Month-to-month,Yes,Mailed check,73.72,1013.28,Yes
CUS-02388,Male,0,Yes,Yes,25,Yes,Yes,No,Yes,No internet service,No internet service,Two year,No,Credit card (automatic),116.5,2833.01,No
CUS-02389,Female,1,Yes,No,71,Yes,No,No,No internet service,No internet service,No internet service,Month-to-month,Yes,Credit card (automatic),66.94,4841.84,Yes
CUS-02390,Female,1,Yes,No,18,Yes,Yes,DSL,No internet service,No,Yes,One year,No,Credit card (automatic),30.64,527.28,No
CUS-02391,Female,1,Yes,Yes,50,Yes,No,DSL,No internet service,No,No,One year,No,Credit card (automatic),85.41,4283.89,No
CUS-02392,Female,0,No,No,20,Yes,Yes,DSL,No,No internet service,Yes,Two year,Yes,Electronic check,79.63,1614.99,Yes
CUS-02393,Male,0,No,No,56,Yes,Yes,Fiber optic,No internet service,No,Yes,Month-to-month,Yes,Electronic check,102.66,5682.68,Yes
CUS-02394,Male,0,No,No,2,Yes,Yes,Fiber optic,No,No internet service,Yes,Month-to-month,Yes,Credit card (automatic),103.49,199.23,No
CUS-02395,Female,1,Yes,Yes,26,No,No,Fiber optic,No internet service,Yes,No,One year,No,Bank transfer (automatic),43.91,1123.69,No
CUS-02396,Female,0,No,Yes,23,Yes,Yes,Fiber optic,No internet service,Yes,Yes,One year,Yes,Mailed check,22.53,514.63,Yes
CUS-02397,Male,0,Yes,No,32,Yes,No,DSL,No internet service,Yes,Yes,Month-to-month,Yes,Bank transfer (automatic),96.5,2983.35,No
CUS-02398,Male,0,Yes,No,13,Yes,No,No,Yes,No,No,Month-to-month,No,Electronic check,83.24,1080.87,No
CUS-02399,Female,0,No,No,13,Yes,No phone service,DSL,No,No internet service,Yes,Month-to-month,No,Bank transfer (automatic),32.14,411.09,Yes
CUS-02400,Male,0,Yes,No,17,No,No,No,No,No,No,Month-to-month,No,Electronic check,116.55,2060.61,No
CUS-02401,Female,1,No,No,58,Yes,No,Fiber optic,No,No,No internet service,One year,Yes,Mailed check,110.59,6134.75,No
CUS-02402,Male,1,No,Yes,27,Yes,No,DSL,No,No,Yes,Month-to-month,No,Credit card (automatic),90.31,2479.81,Yes
CUS-02403,Male,0,No,No,17,No,No,No,Yes,Yes,No internet service,Month-to-month,Yes,Bank transfer (automatic),23.37,406.11,No
CUS-02404,Male,0,No,No,38,Yes,No,Fiber optic,No internet service,No,No,Month-to-month,Yes,Bank transfer (automatic),39.33,1510.82,No
CUS-02405,Male,1,No,Yes,14,Yes,No,Fiber optic,No internet service,No,No,Two year,No,Electronic check,50.46,707.98,No
CUS-02406,Female,0,Yes,Yes,14,Yes,No phone service,Fiber optic,No,No internet service,Yes,Two year,No,Electronic check,23.59,317.55,No
CUS-02407,Male,0,No,No,12,Yes,No,No,No,No,No,Month-to-month,No,Bank transfer (automatic),100.74,1221.96,Yes
CUS-02408,Male,0,Yes,No,69,Yes,Yes,No,Yes,No,No,Month-to-month,No,Bank transfer (automatic),25.66,1782.34,Yes
CUS-02409,Female,0,No,Yes,68,Yes,No,Fiber optic,No internet service,No internet service,Yes,One year,No,Electronic check,38.54,2728.91,No
CUS-02410,Male,0,No,Yes,55,No,No,DSL,Yes,Yes,Yes,Month-to-month,Yes,Credit card (automatic),49.89,2846.07,No
CUS-02411,Male,0,Yes,Yes,63,Yes,No,Fiber optic,No,Yes,No,One year,Yes,Mailed check,51.19,3070.34,No
CUS-02412,Female,0,No,No,29,Yes,No phone service,No,No internet service,No,No,One year,Yes,Bank transfer (automatic),44.51,1353.34,No
CUS-02413,Male,0,Yes,No,45,Yes,No,Fiber optic,No,No,Yes,Month-to-month,Yes,Electronic check,115.86,5247.82,Yes
CUS-02414,Female,1,Yes,No,4,Yes,No,No,No,No,No,Month-to-month,Yes,Credit card (automatic),114.08,475.3,Yes
CUS-02415,Female,0,No,No,16,No,Yes,Fiber optic,Yes,Yes,Yes,Month-to-month,No,Credit card (automatic),80.03,1235.57,Yes
CUS-02416,Female,1,Yes,No,66,Yes,No,No,No,No internet service,Yes,Two year,No,Bank transfer (automatic),30.51,2053.2,No
CUS-02417,Female,0,Yes,Yes,23,Yes,No,DSL,No,No,No,Two year,Yes,Electronic check,88.67,2030.92,No
CUS-02418,Male,0,Yes,No,68,Yes,No phone service,Fiber optic,Yes,Yes,No,Two year,Yes,Electronic check,115.54,7569.26,Yes
CUS-02419,Female,0,No,Yes,20,Yes,No phone service,Fiber optic,No,No,No,Month-to-month,Yes,Mailed check,117.83,2244.12,Yes
CUS-02420,Male,1,Yes,Yes,17,Yes,No,Fiber optic,No,No internet service,No internet service,Month-to-month,Yes,Electronic check,79.66,1315.8,Yes
CUS-02421,Male,0,Yes,Yes,52,Yes,Yes,DSL,No,No,No internet service,One year,No,Electronic check,36.86,1824.09,No
CUS-02422,Male,0,No,No,6,Yes,Yes,No,No,No,Yes,Month-to-month,No,Electronic check,101.17,612.96,Yes
CUS-02423,Male,0,Yes,No,39,Yes,No,No,No,Yes,No,Two year,No,Electronic check,80.28,3069.84,No
CUS-02424,Male,0,Yes,No,34,Yes,Yes,No,No,Yes,No,One year,Yes,Credit card (automatic),63.21,2246.64,No
CUS-02425,Male,0,No,No,54,Yes,Yes,DSL,Yes,No,No internet service,Two year,Yes,Bank transfer (automatic),33.0,1805.63,No
CUS-02426,Male,1,No,Yes,65,Yes,No,DSL,Yes,No,No internet service,Month-to-month,No,Electronic check,41.98,2800.66,No
CUS-02427,Male,1,No,No,29,No,Yes,Fiber optic,No internet service,Yes,No,One year,No,Bank transfer (automatic),75.87,2185.66,No
CUS-02428,Male,0,Yes,No,41,Yes,Yes,Fiber optic,No,No internet service,No,Two year,Yes,Electronic check,44.07,1764.81,No
CUS-02429,Male,1,No,Yes,63,Yes,No,DSL,No,Yes,Yes,One year,Yes,Credit card (automatic),65.79,4255.59,No
CUS-02430,Female,0,No,No,32,Yes,No phone service,Fiber optic,No,No,Yes,Month-to-month,Yes,Mailed check,89.56,2856.66,Yes
CUS-02431,Female,0,Yes,No,66,Yes,No,Fiber optic,Yes,No,No,Month-to-month,Yes,Mailed check,116.74,8089.74,Yes
CUS-02432,Female,0,Yes,Yes,45,Yes,No phone service,Fiber optic,Yes,No internet service,Yes,Two year,No,Electronic check,22.39,1016.87,No
CUS-02433,Male,0,No,Yes,17,Yes,No,Fiber optic,No,No internet service,Yes,Month-to-month,No,Mailed check,97.68,1717.88,Yes
CUS-02434,Female,0,No,No,43,Yes,No,Fiber optic,No,Yes,No internet service,Two year,Yes,Mailed check,30.79,1295.89,No
CUS-02435,Female,1,No,Yes,66,Yes,No phone service,DSL,No,No,No internet service,Month-to-month,No,Bank transfer (automatic),112.35,7360.87,Yes
CUS-02436,Female,0,No,No,68,Yes,No,DSL,Yes,Yes,Yes,Two year,Yes,Electronic check,95.0,6292.43,Yes
CUS-02437,Male,0,No,No,34,Yes,Yes,No,Yes,No,No internet service,One year,Yes,Mailed check,57.79,2018.98,No
CUS-02438,Male,0,No,No,1,Yes,No,DSL,No,No internet service,No internet service,Two year,Yes,Mailed check,69.26,71.04,No
CUS-02439,Male,1,Yes,Yes,23,Yes,No,No,No,No,No,Month-to-month,No,Electronic check,85.67,1988.67,Yes
CUS-02440,Male,0,Yes,No,6,Yes,No phone service,DSL,No internet service,No,No,Two year,No,Electronic check,74.1,454.87,Yes
CUS-02441,Female,0,No,No,16,Yes,Yes,Fiber optic,Yes,Yes,No internet service,Month-to-month,No,Electronic check,116.0,1830.12,Yes
CUS-02442,Female,0,No,No,2,Yes,No,DSL,No internet service,No,Yes,Month-to-month,Yes,Credit card (automatic),117.86,244.63,Yes
CUS-02443,Female,0,No,No,27,Yes,No,No,No internet service,No,No internet service,Two year,No,Bank transfer (automatic),23.7,666.92,No
CUS-02444,Female,0,No,No,19,Yes,Yes,No,No,Yes,Yes,Month-to-month,Yes,Credit card (automatic),90.79,1753.3,No
CUS-02445,Male,0,No,No,28,Yes,No,DSL,No,No,No,One year,No,Electronic check,92.68,2562.08,No
CUS-02446,Male,0,Yes,No,35,Yes,No,DSL,No internet service,No internet service,Yes,Month-to-month,Yes,Credit card (automatic),97.01,3511.4,No
CUS-02447,Male,0,No,No,68,Yes,Yes,Fiber optic,Yes,No,No,Month-to-month,Yes,Credit card (automatic),109.71,7818.82,No
CUS-02448,Female,0,Yes,No,49,Yes,No,No,No,Yes,No internet service,One year,No,Mailed check,77.34,3819.6,No
CUS-02449,Male,0,Yes,No,7,Yes,Yes,Fiber optic,Yes,No,Yes,Month-to-month,Yes,Bank transfer (automatic),43.45,309.01,No
CUS-02450,Male,0,Yes,No,37,No,No,No,No,No internet service,No,Month-to-month,Yes,Bank transfer (automatic),85.17,3261.79,No
CUS-02451,Female,1,No,No,25,Yes,No phone service,DSL,Yes,No,No internet service,Month-to-month,Yes,Electronic check,50.3,1279.21,No
CUS-02452,Female,0,No,Yes,41,Yes,No,Fiber optic,No internet service,Yes,No internet service,Month-to-month,No,Electronic check,52.25,2077.3,No
CUS-02453,Male,1,Yes,No,62,Yes,No,Fiber optic,No,No,No internet service,Month-to-month,No,Electronic check,79.3,4878.8,Yes
CUS-02454,Male,0,Yes,Yes,41,Yes,No,DSL,No internet service,No,No,One year,No,Credit card (automatic),46.91,1944.86,No
CUS-02455,Male,0,No,No,14,Yes,Yes,Fiber optic,Yes,No internet service,No,One year,Yes,Mailed check,87.45,1219.87,Yes
CUS-02456,Male,0,No,Yes,54,Yes,No,No,No,No internet service,No,Month-to-month,No,Electronic check,103.31,5679.13,Yes
CUS-02457,Male,1,No,No,2,No,No,No,No,Yes,No,One year,Yes,Mailed check,116.55,228.01,Yes
CUS-02458,Male,0,No,No,48,Yes,Yes,DSL,No,No,Yes,One year,Yes,Electronic check,34.84,1615.25,No
CUS-02459,Female,0,No,No,51,Yes,Yes,DSL,No internet service,No,Yes,Month-to-month,Yes,Electronic check,63.53,3087.24,Yes
CUS-02460,Female,1,Yes,No,55,Yes,No phone service,Fiber optic,No,No internet service,Yes,Two year,No,Bank transfer (automatic),92.07,4830.37,No
CUS-02461,Female,0,Yes,Yes,12,Yes,No,DSL,Yes,Yes,No,Month-to-month,Yes,Credit card (automatic),75.74,895.86,No
CUS-02462,Male,0,Yes,No,69,Yes,Yes,No,No internet service,No,Yes,Month-to-month,No,Electronic check,24.46,1607.03,No
CUS-02463,Female,0,No,No,1,Yes,Yes,DSL,No,No,Yes,Month-to-month,No,Mailed check,52.8,51.59,No
CUS-02464,Male,0,Yes,No,59,Yes,Yes,Fiber optic,Yes,No,Yes,One year,Yes,Mailed check,97.37,5752.53,No
CUS-02465,Male,0,No,Yes,34,Yes,Yes,Fiber optic,No,No,Yes,Month-to-month,No,Mailed check,67.28,2343.37,No
CUS-02466,Female,0,Yes,Yes,46,Yes,Yes,Fiber optic,No,No,No internet service,Month-to-month,Yes,Mailed check,87.44,4058.01,No
CUS-02467,Male,0,Yes,No,59,Yes,Yes,DSL,No,No internet service,No,Month-to-month,Yes,Mailed check,82.05,4857.69,Yes
CUS-02468,Male,0,Yes,Yes,66,Yes,Yes,DSL,No,No internet service,No,Month-to-month,No,Bank transfer (automatic),112.33,7222.6,No
CUS-02469,Female,1,Yes,Yes,19,No,No,Fiber optic,No,No,Yes,One year,No,Electronic check,103.82,1877.06,Yes
CUS-02470,Female,1,Yes,Yes,28,Yes,Yes,Fiber optic,Yes,No,No,One year,Yes,Credit card (automatic),52.38,1412.34,Yes
CUS-02471,Female,0,No,No,40,Yes,Yes,Fiber optic,No,No internet service,No,Month-to-month,Yes,Electronic check,67.77,2841.41,No
CUS-02472,Male,0,Yes,Yes,57,Yes,Yes,DSL,No,Yes,Yes,Month-to-month,Yes,Electronic check,65.64,3901.53,No
CUS-02473,Female,0,No,No,51,Yes,Yes,DSL,No,Yes,No internet service,One year,Yes,Credit card (automatic),45.89,2296.19,No
CUS-02474,Female,0,Yes,No,22,No,Yes,Fiber optic,Yes,No internet service,No internet service,Two year,Yes,Electronic check,80.11,1730.87,No
CUS-02475,Male,0,No,No,68,Yes,No,No,No,No,No internet service,One year,Yes,Mailed check,44.05,3112.62,No
CUS-02476,Female,0,No,No,8,Yes,No,DSL,No internet service,Yes,Yes,One year,Yes,Electronic check,33.97,260.31,No
CUS-02477,Female,0,No,No,60,Yes,Yes,DSL,No internet service,No internet service,No internet service,One year,No,Electronic check,29.03,1684.57,No
CUS-02478,Female,0,Yes,Yes,65,Yes,No,DSL,No,No internet service,Yes,Month-to-month,Yes,Credit card (automatic),46.65,2916.39,Yes
CUS-02479,Male,0,Yes,Yes,36,Yes,No,DSL,Yes,No internet service,No,Two year,Yes,Mailed check,65.32,2438.74,No
CUS-02480,Male,1,No,Yes,71,Yes,Yes,DSL,No,Yes,No internet service,Month-to-month,Yes,Bank transfer (automatic),29.57,1995.88,No
CUS-02481,Male,0,Yes,No,29,Yes,Yes,Fiber optic,Yes,Yes,Yes,One year,Yes,Credit card (automatic),85.58,2361.32,Yes
CUS-02482,Male,0,No,No,65,No,No phone service,No,No,No,Yes,Two year,No,Mailed check,105.02,7040.54,Yes
CUS-02483,Female,0,Yes,No,56,Yes,No phone service,DSL,No,No,Yes,Month-to-month,No,Bank transfer (automatic),60.71,3446.3,Yes
CUS-02484,Male,0,No,No,4,Yes,Yes,Fiber optic,No,No internet service,No internet service,Month-to-month,Yes,Bank transfer (automatic),105.32,423.94,Yes
CUS-02485,Male,0,Yes,Yes,50,Yes,Yes,Fiber optic,Yes,No internet service,No,One year,No,Mailed check,33.1,1724.98,No
CUS-02486,Female,0,No,No,39,Yes,No,No,No,No internet service,No,Two year,Yes,Bank transfer (automatic),25.75,1002.58,No
CUS-02487,Female,0,No,Yes,35,Yes,No,No,No internet service,Yes,No,Two year,Yes,Electronic check,99.39,3467.12,No
CUS-02488,Female,0,Yes,No,25,Yes,Yes,No,No,No,No internet service,One year,Yes,Electronic check,115.48,2864.13,No
CUS-02489,Male,0,Yes,Yes,44,Yes,No,Fiber optic,No,No internet service,No internet service,Month-to-month,Yes,Credit card (automatic),52.06,2325.51,No
CUS-02490,Male,0,Yes,No,47,Yes,Yes,No,Yes,No,Yes,Month-to-month,No,Electronic check,83.73,3865.73,Yes
CUS-02491,Male,1,No,No,40,Yes,Yes,Fiber optic,No,Yes,No,Two year,Yes,Mailed check,83.45,3394.21,Yes
CUS-02492,Female,0,Yes,Yes,31,Yes,No,DSL,No,No,No internet service,Two year,Yes,Electronic check,86.55,2737.7,No
CUS-02493,Female,0,Yes,No,69,Yes,No phone service,No,No,Yes,No,Month-to-month,Yes,Credit card (automatic),75.23,5041.1,No
CUS-02494,Male,1,No,No,43,Yes,Yes,Fiber optic,No,No internet service,No,One year,No,Electronic check,43.64,1894.34,No
CUS-02495,Female,0,Yes,No,55,Yes,No,DSL,No,Yes,No internet service,Two year,No,Bank transfer (automatic),26.08,1466.93,No
CUS-02496,Female,0,Yes,No,16,Yes,No,No,No,No,No,Two year,No,Bank transfer (automatic),19.36,324.05,No
CUS-02497,Female,0,Yes,No,68,Yes,Yes,Fiber optic,Yes,No internet service,No,Month-to-month,Yes,Electronic check,36.03,2557.57,Yes
CUS-02498,Male,0,No,No,69,Yes,No,DSL,No,No internet service,Yes,Month-to-month,No,Bank transfer (automatic),30.0,2008.95,Yes
CUS-02499,Female,0,No,No,42,Yes,No,Fiber optic,No internet service,No,No internet service,Month-to-month,Yes,Credit card (automatic),21.82,923.52,No
CUS-02500,Female,0,Yes,No,41,Yes,No,Fiber optic,No,No internet service,Yes,One year,Yes,Mailed check,27.04,1105.24,Yes
CUS-02501,Male,1,No,No,50,Yes,No,Fiber optic,Yes,No internet service,Yes,One year,Yes,Electronic check,22.88,1126.75,No
CUS-02502,Male,1,Yes,No,6,Yes,Yes,DSL,No internet service,No internet service,No internet service,Month-to-month,No,Mailed check,72.81,429.96,Yes
CUS-02503,Female,0,Yes,No,53,Yes,No,No,Yes,No,No,One year,Yes,Electronic check,23.72,1316.36,No
CUS-02504,Female,0,No,Yes,17,Yes,Yes,No,No,No,No,Two year,No,Credit card (automatic),117.62,1906.88,Yes
CUS-02505,Male,0,Yes,No,57,Yes,Yes,DSL,Yes,No,No,Month-to-month,No,Mailed check,68.17,4022.67,No
CUS-02506,Male,0,No,No,67,Yes,No,DSL,No internet service,No,No,Month-to-month,Yes,Mailed check,108.11,7209.68,No
CUS-02507,Female,0,No,Yes,16,Yes,Yes,DSL,No,No internet service,No,Two year,Yes,Mailed check,66.78,1075.6,No
CUS-02508,Female,0,No,No,52,No,Yes,No,No,No,No,One year,Yes,Electronic check,31.59,1681.98,Yes
CUS-02509,Female,1,Yes,Yes,34,Yes,No,No,No,No internet service,Yes,Two year,No,Electronic check,102.06,3454.9,No
CUS-02510,Female,1,Yes,No,20,Yes,Yes,Fiber optic,Yes,Yes,No,One year,No,Mailed check,41.77,876.11,No
CUS-02511,Male,0,No,No,56,Yes,No,No,No,No,Yes,Month-to-month,No,Mailed check,22.05,1280.19,No
CUS-02512,Female,0,Yes,No,51,Yes,No phone service,Fiber optic,No,No,No,Two year,No,Credit card (automatic),37.1,1837.88,Yes
CUS-02513,Female,0,No,No,53,No,Yes,Fiber optic,No internet service,No,No,Two year,No,Electronic check,77.95,4201.76,No
CUS-02514,Male,0,Yes,No,49,Yes,Yes,Fiber optic,No internet service,No,No,Month-to-month,Yes,Mailed check,61.47,3004.61,Yes
CUS-02515,Female,0,Yes,Yes,4,Yes,No,DSL,No internet service,No internet service,No internet service,Two year,Yes,Credit card (automatic),34.16,134.74,No
CUS-02516,Male,0,Yes,No,18,Yes,No,DSL,No,Yes,Yes,Two year,Yes,Electronic check,71.3,1264.36,No
CUS-02517,Female,0,No,No,36,Yes,No,Fiber optic,No,Yes,No,Month-to-month,No,Bank transfer (automatic),113.31,3941.59,Yes
CUS-02518,Female,0,No,No,35,Yes,Yes,DSL,No,No internet service,Yes,Two year,Yes,Electronic check,90.66,3159.66,No
CUS-02519,Male,0,Yes,No,30,Yes,Yes,DSL,No,No internet service,No,Month-to-month,No,Credit card (automatic),24.92,754.75,No
CUS-02520,Male,0,No,No,63,Yes,Yes,DSL,No,Yes,No,Month-to-month,Yes,Electronic check,49.98,3242.68,Yes
CUS-02521,Female,0,Yes,No,21,Yes,No,Fiber optic,No internet service,No,No,Month-to-month,Yes,Credit card (automatic),87.24,1793.34,Yes
CUS-02522,Female,0,Yes,No,52,Yes,Yes,No,No internet service,Yes,Yes,Month-to-month,Yes,Credit card (automatic),32.01,1710.1,No
CUS-02523,Female,0,No,No,69,Yes,No,No,Yes,No,No internet service,One year,Yes,Credit card (automatic),71.87,4985.7,No
CUS-02524,Male,1,No,Yes,41,Yes,No,Fiber optic,No internet service,No,No,One year,No,Mailed check,72.61,2904.98,No
CUS-02525,Female,0,Yes,No,54,Yes,Yes,No,No,No,No,Two year,No,Credit card (automatic),26.84,1490.96,No
CUS-02526,Male,0,Yes,No,30,Yes,Yes,Fiber optic,No,No,No,Month-to-month,Yes,Bank transfer (automatic),78.61,2382.56,No
CUS-02527,Male,0,No,No,56,Yes,Yes,DSL,No,No,No,One year,No,Bank transfer (automatic),108.01,6323.7,No
CUS-02528,Female,0,No,No,41,Yes,No,Fiber optic,No internet service,Yes,No internet service,One year,No,Electronic check,83.17,3337.82,Yes
CUS-02529,Male,0,No,No,14,Yes,No,DSL,No,No,No,Month-to-month,No,Mailed check,109.55,1606.26,Yes
CUS-02530,Female,0,Yes,No,21,Yes,Yes,Fiber optic,Yes,No internet service,Yes,One year,Yes,Bank transfer (automatic),79.35,1675.61,No
CUS-02531,Female,0,No,No,25,Yes,Yes,DSL,No,No internet service,No internet service,Month-to-month,Yes,Electronic check,93.18,2318.97,No
CUS-02532,Female,0,Yes,No,50,Yes,Yes,Fiber optic,No internet service,No internet service,Yes,One year,Yes,Credit card (automatic),107.26,5564.08,No
CUS-02533,Female,0,No,No,53,Yes,Yes,DSL,No internet service,No,No,Two year,Yes,Electronic check,64.33,3292.85,No
CUS-02534,Female,0,Yes,No,48,Yes,No,DSL,Yes,Yes,No,Two year,Yes,Bank transfer (automatic),33.8,1616.23,No
CUS-02535,Male,0,Yes,No,70,Yes,No,No,No,Yes,Yes,One year,No,Electronic check,29.93,2016.64,No
CUS-02536,Male,0,Yes,No,48,No,Yes,DSL,Yes,No,No internet service,Month-to-month,Yes,Electronic check,113.35,5502.4,No
CUS-02537,Female,0,No,Yes,4,Yes,No,Fiber optic,No,Yes,Yes,Two year,Yes,Bank transfer (automatic),72.69,277.46,No
CUS-02538,Female,0,No,No,24,Yes,Yes,DSL,No,No,No,One year,No,Mailed check,86.31,2170.91,Yes
CUS-02539,Male,0,Yes,Yes,31,Yes,Yes,DSL,No,Yes,Yes,Two year,Yes,Electronic check,79.18,2333.85,No
CUS-02540,Male,1,No,Yes,29,Yes,Yes,Fiber optic,Yes,No internet service,No internet service,Month-to-month,No,Mailed check,74.49,2253.57,Yes
CUS-02541,Male,0,No,No,5,Yes,No,Fiber optic,No,No,Yes,Two year,Yes,Electronic check,73.94,375.03,Yes
CUS-02542,Male,1,Yes,No,67,Yes,No,DSL,No internet service,Yes,Yes,One year,No,Credit card (automatic),65.3,4516.31,No
CUS-02543,Female,1,No,Yes,53,Yes,Yes,No,No,No internet service,Yes,One year,No,Bank transfer (automatic),106.44,5561.28,No
CUS-02544,Female,0,No,No,64,Yes,Yes,Fiber optic,Yes,No,No,Month-to-month,No,Bank transfer (automatic),30.09,1876.46,Yes
CUS-02545,Male,0,Yes,No,35,Yes,Yes,DSL,Yes,Yes,No,One year,Yes,Credit card (automatic),89.59,3033.16,No
CUS-02546,Female,0,Yes,No,12,Yes,Yes,DSL,Yes,No internet service,Yes,Month-to-month,Yes,Bank transfer (automatic),86.08,1036.18,No
CUS-02547,Male,1,Yes,Yes,47,Yes,No,Fiber optic,Yes,Yes,Yes,Month-to-month,Yes,Electronic check,24.24,1112.69,No
CUS-02548,Female,0,Yes,No,55,Yes,Yes,Fiber optic,No internet service,No internet service,Yes,Month-to-month,No,Credit card (automatic),39.71,2267.07,No
CUS-02549,Male,0,Yes,No,69,Yes,No,DSL,No,No,No,Month-to-month,Yes,Electronic check,96.77,6363.26,Yes
CUS-02550,Female,0,No,No,38,Yes,Yes,Fiber optic,Yes,Yes,Yes,Month-to-month,No,Electronic check,41.38,1507.11,No
CUS-02551,Male,0,No,No,29,Yes,No,DSL,Yes,No,No,One year,No,Electronic check,75.77,2134.88,No
CUS-02552,Male,0,Yes,No,12,Yes,No,DSL,No internet service,No,Yes,Two year,No,Electronic check,26.37,303.22,No
CUS-02553,Female,0,No,No,19,Yes,No,DSL,No,No,No internet service,Month-to-month,No,Electronic check,40.29,790.62,Yes
CUS-02554,Male,0,No,Yes,9,Yes,Yes,No,No,No internet service,Yes,Two year,Yes,Mailed check,107.09,916.01,No
CUS-02555,Female,1,No,No,29,Yes,Yes,Fiber optic,No,Yes,No,Month-to-month,No,Bank transfer (automatic),54.18,1595.05,Yes
CUS-02556,Female,0,Yes,No,3,Yes,Yes,No,Yes,No,No internet service,Two year,No,Mailed check,98.59,294.45,Yes
CUS-02557,Male,0,No,No,30,Yes,No,DSL,No internet service,No internet service,No internet service,Month-to-month,Yes,Electronic check,65.85,2029.38,Yes
CUS-02558,Female,0,No,No,58,Yes,Yes,DSL,Yes,No,No,Month-to-month,No,Credit card (automatic),50.23,2887.24,No
CUS-02559,Female,0,No,No,53,Yes,Yes,DSL,No,No,No,Two year,Yes,Mailed check,74.66,4014.38,Yes
CUS-02560,Female,0,Yes,No,4,Yes,No,Fiber optic,Yes,Yes,Yes,Month-to-month,No,Credit card (automatic),71.4,289.58,Yes
CUS-02561,Female,0,Yes,Yes,57,Yes,Yes,DSL,No,No,Yes,Month-to-month,No,Electronic check,116.48,6548.96,No
CUS-02562,Female,0,No,No,54,Yes,No phone service,DSL,No internet service,No,No internet service,Month-to-month,No,Electronic check,52.44,2722.51,Yes
CUS-02563,Male,0,Yes,No,28,Yes,No,DSL,No,Yes,No,Two year,Yes,Credit card (automatic),83.37,2318.73,Yes
CUS-02564,Female,0,No,No,16,Yes,No,No,No,Yes,No,Month-to-month,Yes,Electronic check,86.95,1443.38,Yes
CUS-02565,Female,0,No,No,13,No,No,Fiber optic,No,No,No,One year,Yes,Credit card (automatic),80.63,1079.26,No
CUS-02566,Female,0,Yes,Yes,56,Yes,Yes,DSL,Yes,Yes,No internet service,Month-to-month,Yes,Mailed check,65.92,3644.06,Yes
CUS-02567,Female,0,No,No,53,Yes,Yes,Fiber optic,No internet service,No,No,Month-to-month,No,Credit card (automatic),96.35,5294.09,No
CUS-02568,Female,0,Yes,No,48,Yes,Yes,Fiber optic,No,No,Yes,Month-to-month,No,Bank transfer (automatic),94.82,4523.47,Yes
CUS-02569,Male,0,Yes,Yes,25,Yes,Yes,DSL,No,Yes,No,Two year,No,Credit card (automatic),113.9,2761.01,Yes
CUS-02570,Female,0,No,Yes,66,Yes,Yes,DSL,No,No,Yes,Month-to-month,Yes,Electronic check,115.7,7914.16,No
CUS-02571,Male,0,No,No,30,Yes,No,No,Yes,No,No,Month-to-month,Yes,Bank transfer (automatic),39.52,1184.85,Yes
CUS-02572,Male,1,Yes,No,3,Yes,Yes,DSL,No internet service,No internet service,No internet service,Month-to-month,Yes,Credit card (automatic),83.44,248.66,Yes
CUS-02573,Male,1,No,No,23,Yes,Yes,No,No,No internet service,No internet service,One year,Yes,Credit card (automatic),103.65,2320.76,No
CUS-02574,Male,0,Yes,No,29,Yes,No,DSL,No,No internet service,Yes,Month-to-month,Yes,Electronic check,114.23,3400.33,No
CUS-02575,Female,0,Yes,No,41,Yes,Yes,Fiber optic,No internet service,No,Yes,One year,Yes,Electronic check,32.27,1329.71,Yes
CUS-02576,Male,0,Yes,No,11,Yes,Yes,DSL,Yes,No internet service,No,Month-to-month,Yes,Bank transfer (automatic),112.91,1205.66,Yes
CUS-02577,Male,0,Yes,No,21,No,Yes,Fiber optic,Yes,No internet service,No,One year,Yes,Electronic check,40.55,831.05,No
CUS-02578,Female,0,No,No,24,No,No,No,No,No,Yes,Month-to-month,Yes,Electronic check,75.25,1784.77,Yes
CUS-02579,Female,0,No,No,65,Yes,No,Fiber optic,Yes,No,No,Month-to-month,No,Mailed check,83.43,5441.56,Yes
CUS-02580,Female,0,No,Yes,1,Yes,No,DSL,No,Yes,Yes,Two year,No,Mailed check,105.95,109.18,No
CUS-02581,Male,0,No,No,54,Yes,Yes,DSL,No,Yes,No,Two year,No,Bank transfer (automatic),98.37,5156.47,Yes
CUS-02582,Female,0,Yes,No,34,Yes,No phone service,No,Yes,No,No internet service,One year,Yes,Electronic check,111.45,3879.71,No
CUS-02583,Female,0,Yes,No,68,Yes,Yes,Fiber optic,Yes,No,No,Month-to-month,Yes,Mailed check,96.74,6852.13,Yes
CUS-02584,Male,0,No,Yes,29,Yes,No,DSL,Yes,No,Yes,Month-to-month,Yes,Electronic check,51.87,1488.54,Yes
CUS-02585,Female,0,No,No,3,Yes,No phone service,No,Yes,Yes,No internet service,Two year,Yes,Bank transfer (automatic),35.88,106.2,No
CUS-02586,Female,0,No,Yes,11,Yes,No,Fiber optic,Yes,No internet service,Yes,Month-to-month,No,Mailed check,33.57,368.45,No
CUS-02587,Female,0,Yes,No,8,Yes,No,DSL,Yes,No,No,Month-to-month,No,Mailed check,26.75,220.79,Yes
CUS-02588,Female,0,Yes,No,62,Yes,Yes,Fiber optic,No,No,Yes,Two year,Yes,Bank transfer (automatic),111.24,6615.86,Yes
CUS-02589,Male,0,Yes,No,33,Yes,Yes,Fiber optic,No internet service,No,Yes,One year,No,Bank transfer (automatic),66.62,2173.68,No
CUS-02590,Female,0,Yes,Yes,8,Yes,No,No,Yes,No,Yes,Month-to-month,No,Electronic check,114.54,873.19,No
CUS-02591,Female,0,Yes,No,25,Yes,Yes,Fiber optic,No,Yes,No internet service,Two year,No,Bank transfer (automatic),95.49,2391.51,Yes
CUS-02592,Male,0,No,No,26,No,No phone service,No,Yes,No,No,Two year,Yes,Bank transfer (automatic),113.38,3078.8,Yes
CUS-02593,Female,1,Yes,No,26,Yes,No,No,No,No,No,Month-to-month,Yes,Mailed check,104.86,2633.73,No
CUS-02594,Male,0,No,No,17,Yes,No,Fiber optic,No internet service,No internet service,No internet service,Month-to-month,Yes,Credit card (automatic),76.33,1265.87,No
CUS-02595,Female,0,No,No,29,Yes,No,DSL,No,Yes,No internet service,Month-to-month,Yes,Electronic check,40.58,1200.23,No
CUS-02596,Male,0,Yes,No,43,Yes,Yes,No,Yes,No,No,Month-to-month,No,Credit card (automatic),43.4,1901.75,No
CUS-02597,Male,0,No,No,5,Yes,Yes,Fiber optic,No,No,No,One year,No,Mailed check,55.14,278.37,No
CUS-02598,Male,0,Yes,No,50,Yes,Yes,No,No internet service,No,No,Month-to-month,No,Bank transfer (automatic),20.43,995.12,No
CUS-02599,Male,0,No,Yes,56,Yes,Yes,DSL,No,No,No,Month-to-month,Yes,Electronic check,84.68,4536.54,Yes
CUS-02600,Female,0,No,No,63,Yes,No phone service,No,Yes,No,Yes,Month-to-month,No,Bank transfer (automatic),73.52,4503.12,Yes
CUS-02601,Male,0,No,No,57,Yes,Yes,No,No internet service,No,No,Month-to-month,Yes,Mailed check,28.1,1623.97,Yes
CUS-02602,Female,0,No,No,45,Yes,No,No,No,Yes,No,Month-to-month,No,Credit card (automatic),100.49,4429.91,Yes
CUS-02603,Male,1,Yes,Yes,37,Yes,Yes,DSL,No internet service,No,No internet service,Month-to-month,Yes,Mailed check,100.27,3836.77,No
CUS-02604,Male,0,No,No,36,Yes,No,Fiber optic,Yes,Yes,No,One year,No,Bank transfer (automatic),29.86,1087.46,No
CUS-02605,Male,0,No,No,33,Yes,No,DSL,No,No internet service,No,Month-to-month,Yes,Electronic check,38.39,1209.86,No
CUS-02606,Female,0,No,No,6,Yes,No,DSL,No,No internet service,No internet service,Month-to-month,Yes,Electronic check,43.04,247.61,Yes
CUS-02607,Male,0,No,No,71,Yes,No phone service,DSL,No,No internet service,Yes,Month-to-month,No,Credit card (automatic),70.56,4899.84,Yes
CUS-02608,Female,0,No,Yes,45,Yes,No,No,Yes,No internet service,No,Two year,No,Electronic check,112.49,5099.29,No
CUS-02609,Female,0,No,Yes,7,Yes,No,Fiber optic,No,Yes,No,Month-to-month,Yes,Credit card (automatic),84.53,617.56,No
CUS-02610,Female,1,Yes,No,65,Yes,No phone service,DSL,No,No,Yes,Month-to-month,No,Electronic check,86.11,5375.08,Yes
CUS-02611,Female,0,Yes,No,24,Yes,No,No,No,Yes,No,Month-to-month,Yes,Bank transfer (automatic),47.14,1168.77,Yes
CUS-02612,Female,0,No,Yes,45,Yes,No,Fiber optic,No,Yes,Yes,Two year,No,Mailed check,80.41,3644.8,No
CUS-02613,Female,0,No,Yes,61,Yes,Yes,No,No,Yes,No,Month-to-month,No,Credit card (automatic),39.13,2354.45,No
CUS-02614,Female,0,No,No,19,Yes,Yes,No,No,No,Yes,One year,Yes,Mailed check,89.1,1717.1,No
CUS-02615,Female,0,Yes,Yes,32,No,No phone service,Fiber optic,Yes,No,Yes,Month-to-month,Yes,Electronic check,41.49,1365.52,Yes
CUS-02616,Female,0,Yes,No,30,Yes,Yes,DSL,No,No internet service,Yes,Month-to-month,Yes,Mailed check,19.4,573.78,Yes
CUS-02617,Male,1,No,No,65,Yes,Yes,No,Yes,No,No,Month-to-month,Yes,Credit card (automatic),70.37,4766.02,No
CUS-02618,Male,0,No,No,32,Yes,Yes,DSL,No internet service,No,No,One year,Yes,Electronic check,47.8,1537.39,No
CUS-02619,Male,0,No,Yes,57,Yes,Yes,Fiber optic,No,No,Yes,One year,Yes,Electronic check,80.9,4453.09,Yes
CUS-02620,Male,1,Yes,No,20,Yes,Yes,No,No,No internet service,Yes,One year,Yes,Credit card (automatic),92.61,1860.86,No
CUS-02621,Male,0,Yes,Yes,30,Yes,No,DSL,No internet service,No internet service,No internet service,Two year,Yes,Credit card (automatic),99.38,3060.55,No
CUS-02622,Female,0,Yes,No,59,Yes,No phone service,Fiber optic,Yes,No,No internet service,Month-to-month,No,Electronic check,116.15,6912.18,Yes
CUS-02623,Female,0,Yes,Yes,62,Yes,Yes,Fiber optic,No,Yes,No,Month-to-month,Yes,Bank transfer (automatic),73.56,4599.09,Yes
CUS-02624,Female,0,No,No,67,Yes,No,DSL,No,Yes,No,Two year,No,Electronic check,66.25,4229.13,Yes
CUS-02625,Female,0,Yes,No,31,Yes,Yes,DSL,No internet service,No,No,Month-to-month,No,Bank transfer (automatic),42.56,1314.52,No
CUS-02626,Female,0,Yes,No,66,Yes,Yes,No,No internet service,No,Yes,Two year,Yes,Electronic check,92.69,6035.31,Yes
CUS-02627,Female,1,Yes,No,54,Yes,No,DSL,No,No internet service,No internet service,Two year,Yes,Electronic check,66.27,3415.32,Yes
CUS-02628,Female,0,Yes,No,10,Yes,No,No,Yes,No,No,Month-to-month,No,Bank transfer (automatic),50.7,516.19,No
CUS-02629,Male,0,No,No,38,Yes,Yes,Fiber optic,Yes,No,Yes,One year,Yes,Credit card (automatic),61.21,2252.27,No
CUS-02630,Male,0,Yes,No,31,Yes,Yes,Fiber optic,Yes,No internet service,Yes,Month-to-month,No,Electronic check,55.05,1680.94,No
CUS-02631,Male,0,Yes,No,29,Yes,Yes,No,No,No,No,Month-to-month,Yes,Electronic check,115.85,3385.72,No
CUS-02632,Male,0,No,No,25,Yes,No phone service,Fiber optic,No,No,Yes,Two year,No,Electronic check,40.64,1009.93,Yes
CUS-02633,Female,0,Yes,Yes,32,Yes,Yes,Fiber optic,No,Yes,Yes,Month-to-month,Yes,Credit card (automatic),59.45,1940.78,Yes
CUS-02634,Female,0,No,Yes,17,Yes,No,DSL,No,No,No internet service,Month-to-month,No,Credit card (automatic),48.73,856.97,No
CUS-02635,Female,0,Yes,No,45,Yes,No,Fiber optic,No internet service,No,Yes,Month-to-month,No,Credit card (automatic),35.16,1529.87,Yes
CUS-02636,Male,1,No,No,49,Yes,No,Fiber optic,Yes,No internet service,No,Month-to-month,Yes,Mailed check,47.95,2297.53,Yes
CUS-02637,Female,0,Yes,Yes,18,No,No phone service,DSL,No internet service,No,No internet service,Month-to-month,No,Electronic check,66.93,1166.89,No
CUS-02638,Female,0,Yes,Yes,52,Yes,No phone service,Fiber optic,Yes,No,Yes,One year,Yes,Electronic check,81.16,4219.98,Yes
CUS-02639,Female,1,No,No,20,Yes,No,Fiber optic,Yes,No,Yes,One year,Yes,Credit card (automatic),79.69,1526.74,No
CUS-02640,Male,0,Yes,Yes,62,Yes,No,No,No internet service,Yes,No internet service,One year,Yes,Electronic check,95.27,6049.25,No
CUS-02641,Female,0,No,Yes,13,No,Yes,Fiber optic,No,No,Yes,Month-to-month,Yes,Mailed check,25.13,314.54,No
CUS-02642,Male,1,Yes,No,43,Yes,No phone service,No,No internet service,Yes,Yes,Month-to-month,No,Electronic check,49.44,2220.9,Yes
CUS-02643,Male,0,No,No,21,Yes,Yes,Fiber optic,No,Yes,No internet service,Month-to-month,No,Mailed check,53.26,1156.53,Yes
CUS-02644,Male,0,No,Yes,6,Yes,No,No,No internet service,No,Yes,Two year,No,Mailed check,87.22,547.88,No
CUS-02645,Male,0,Yes,No,71,Yes,Yes,Fiber optic,Yes,No,Yes,Month-to-month,No,Electronic check,38.75,2624.85,Yes
CUS-02646,Female,0,Yes,No,53,Yes,Yes,Fiber optic,No,No internet service,Yes,Month-to-month,No,Mailed check,39.43,2028.17,Yes
CUS-02647,Male,0,No,No,52,No,Yes,Fiber optic,No internet service,No internet service,No internet service,Month-to-month,No,Electronic check,27.52,1497.01,No
CUS-02648,Male,0,No,Yes,69,Yes,No,Fiber optic,No,No,No,Month-to-month,Yes,Credit card (automatic),71.33,5160.3,Yes
CUS-02649,Female,0,Yes,No,9,Yes,Yes,No,Yes,Yes,No,Two year,No,Bank transfer (automatic),90.68,798.22,No
CUS-02650,Female,0,No,No,46,Yes,Yes,DSL,Yes,No,No,Month-to-month,Yes,Electronic check,87.77,4077.29,Yes
CUS-02651,Male,0,Yes,No,71,Yes,Yes,DSL,No internet service,No,Yes,One year,Yes,Electronic check,92.28,6360.24,No
CUS-02652,Female,0,Yes,No,30,Yes,Yes,No,No,No,No internet service,Two year,Yes,Electronic check,34.96,1090.21,No
CUS-02653,Male,1,No,No,43,Yes,No,Fiber optic,No,No,No,Two year,Yes,Electronic check,76.66,3176.67,No
CUS-02654,Male,0,No,No,59,No,Yes,DSL,No internet service,Yes,Yes,Month-to-month,Yes,Bank transfer (automatic),27.33,1642.82,No
CUS-02655,Male,1,No,No,38,Yes,Yes,Fiber optic,No internet service,No,No internet service,Month-to-month,No,Electronic check,114.67,4266.02,No
CUS-02656,Male,0,Yes,No,34,Yes,No,Fiber optic,No,No,No internet service,One year,Yes,Electronic check,28.51,957.11,No
CUS-02657,Female,0,Yes,No,46,Yes,No,Fiber optic,No internet service,No,No,Two year,No,Electronic check,105.76,4888.29,No
CUS-02658,Male,0,No,No,32,Yes,No,No,No,No,No internet service,One year,No,Bank transfer (automatic),21.84,693.81,No
CUS-02659,Female,0,Yes,No,16,Yes,No phone service,Fiber optic,No,Yes,Yes,Month-to-month,Yes,Mailed check,71.11,1140.42,Yes
CUS-02660,Female,0,Yes,No,39,Yes,Yes,Fiber optic,Yes,Yes,No,Month-to-month,No,Electronic check,103.28,4100.28,Yes
CUS-02661,Female,0,Yes,Yes,1,Yes,No,No,Yes,No,Yes,Month-to-month,Yes,Credit card (automatic),81.46,79.8,No
CUS-02662,Female,0,No,Yes,57,Yes,No,No,No internet service,Yes,No,Month-to-month,Yes,Mailed check,67.38,3932.38,No
CUS-02663,Male,0,Yes,No,20,Yes,No,DSL,No,Yes,No internet service,Month-to-month,No,Mailed check,30.74,609.71,No
CUS-02664,Female,0,Yes,No,42,Yes,No,Fiber optic,No,Yes,No,One year,Yes,Electronic check,83.92,3356.09,No
CUS-02665,Male,0,No,Yes,34,Yes,Yes,Fiber optic,No,No,No,Month-to-month,Yes,Bank transfer (automatic),78.23,2752.02,No
CUS-02666,Female,0,No,No,50,Yes,Yes,No,No,No,Yes,Month-to-month,Yes,Mailed check,63.87,3123.75,No
CUS-02667,Female,0,Yes,Yes,11,Yes,No,No,Yes,Yes,No,Month-to-month,Yes,Electronic check,41.49,472.83,Yes
CUS-02668,Male,0,No,No,43,Yes,Yes,Fiber optic,No,Yes,Yes,Month-to-month,No,Electronic check,40.01,1762.51,No
CUS-02669,Male,0,Yes,Yes,10,No,No,No,No,No,Yes,Month-to-month,No,Electronic check,115.0,1139.27,No
CUS-02670,Male,0,Yes,No,8,Yes,No,Fiber optic,No internet service,No,No,Two year,Yes,Electronic check,114.51,929.85,No
CUS-02671,Female,1,No,No,19,Yes,Yes,No,No,No,No,Two year,Yes,Mailed check,111.7,2226.71,No
CUS-02672,Female,0,Yes,No,65,Yes,Yes,No,No,No,Yes,Month-to-month,Yes,Mailed check,69.6,4436.91,No
CUS-02673,Male,0,Yes,Yes,55,Yes,Yes,No,No,No,No,One year,No,Mailed check,116.83,6393.8,Yes
CUS-02674,Male,0,No,No,52,Yes,Yes,No,Yes,Yes,No,Month-to-month,Yes,Electronic check,47.74,2395.23,No
CUS-02675,Male,1,No,No,3,Yes,Yes,Fiber optic,Yes,No,No,Two year,Yes,Mailed check,60.69,188.83,No
CUS-02676,Male,0,No,No,53,Yes,Yes,DSL,Yes,No,Yes,Month-to-month,No,Mailed check,35.43,1887.72,No
CUS-02677,Female,1,Yes,No,44,Yes,Yes,Fiber optic,No internet service,No,No,Month-to-month,Yes,Bank transfer (automatic),64.41,2721.22,No
CUS-02678,Male,0,Yes,No,48,Yes,Yes,No,No internet service,No,No,Month-to-month,Yes,Electronic check,36.5,1769.09,No
CUS-02679,Male,0,Yes,Yes,54,Yes,Yes,No,No,No internet service,No,Month-to-month,Yes,Bank transfer (automatic),24.62,1325.22,Yes
CUS-02680,Male,1,Yes,Yes,16,Yes,No phone service,DSL,Yes,No internet service,No internet service,Month-to-month,No,Electronic check,19.0,298.14,Yes
CUS-02681,Male,0,Yes,No,30,Yes,No phone service,DSL,Yes,No,No,Two year,Yes,Bank transfer (automatic),55.85,1594.86,No
CUS-02682,Female,0,No,No,28,Yes,Yes,Fiber optic,Yes,Yes,No internet service,Month-to-month,Yes,Electronic check,107.76,2931.7,No
CUS-02683,Male,0,Yes,No,16,Yes,Yes,Fiber optic,No internet service,No,No internet service,Month-to-month,No,Mailed check,61.74,958.79,No
CUS-02684,Female,1,Yes,No,51,Yes,No,DSL,No,No,No,One year,Yes,Bank transfer (automatic),82.56,4301.25,No
CUS-02685,Male,0,No,No,33,Yes,Yes,No,No internet service,No,Yes,One year,No,Bank transfer (automatic),99.79,3213.78,No
CUS-02686,Male,0,Yes,Yes,25,Yes,No,DSL,No,No internet service,Yes,Month-to-month,Yes,Mailed check,73.3,1920.2,No
CUS-02687,Female,0,No,No,18,No,Yes,Fiber optic,No,Yes,No internet service,Month-to-month,Yes,Credit card (automatic),74.32,1295.49,Yes
CUS-02688,Male,0,Yes,No,26,Yes,Yes,DSL,No,No,Yes,Two year,Yes,Credit card (automatic),70.41,1902.62,No
CUS-02689,Female,1,No,No,6,Yes,No,No,Yes,Yes,Yes,One year,No,Electronic check,30.51,180.59,No
CUS-02690,Female,0,No,No,38,Yes,No,Fiber optic,No,Yes,No internet service,One year,No,Bank transfer (automatic),81.57,3254.46,No
CUS-02691,Male,0,No,Yes,44,Yes,No phone service,Fiber optic,No internet service,Yes,No,Month-to-month,No,Bank transfer (automatic),90.32,4094.8,No
CUS-02692,Female,1,Yes,Yes,67,Yes,Yes,Fiber optic,No,No,Yes,Month-to-month,No,Electronic check,18.03,1220.58,Yes
CUS-02693,Female,0,No,No,43,Yes,No,DSL,No,No,No internet service,Month-to-month,No,Electronic check,26.33,1169.62,No
CUS-02694,Female,0,Yes,No,6,Yes,No,No,No,Yes,No,Month-to-month,Yes,Credit card (automatic),72.17,450.2,Yes
CUS-02695,Female,0,Yes,No,64,Yes,No,No,No,No,No,Two year,No,Credit card (automatic),101.89,6845.43,No
CUS-02696,Female,0,Yes,No,13,Yes,No,No,No,No,Yes,One year,Yes,Electronic check,71.31,896.46,No
CUS-02697,Female,0,Yes,No,65,Yes,No phone service,DSL,Yes,Yes,No,Two year,Yes,Electronic check,61.45,4028.1,No
CUS-02698,Female,0,Yes,No,38,Yes,No,DSL,No internet service,Yes,No,One year,No,Electronic check,111.68,4195.81,No
CUS-02699,Female,0,Yes,No,64,Yes,Yes,Fiber optic,Yes,Yes,No,One year,Yes,Bank transfer (automatic),25.63,1621.53,No
CUS-02700,Male,0,Yes,No,14,Yes,No,DSL,No,No,Yes,One year,Yes,Bank transfer (automatic),31.82,451.37,No
CUS-02701,Male,0,No,No,17,Yes,No,No,Yes,No,No,Two year,No,Mailed check,86.51,1471.28,No
CUS-02702,Female,0,Yes,No,13,Yes,No,Fiber optic,Yes,No,No,Month-to-month,No,Electronic check,28.88,387.1,No
CUS-02703,Male,0,No,No,6,No,No,DSL,No,Yes,No internet service,One year,Yes,Mailed check,31.51,185.81,No
CUS-02704,Female,0,No,No,6,Yes,Yes,DSL,No internet service,No internet service,No,One year,Yes,Mailed check,105.19,633.03,No
CUS-02705,Female,1,Yes,No,37,Yes,Yes,No,No,No,Yes,Month-to-month,Yes,Mailed check,39.02,1510.96,No
CUS-02706,Male,0,No,Yes,57,Yes,Yes,No,Yes,No,Yes,Month-to-month,No,Mailed check,80.24,4386.4,Yes
CUS-02707,Female,0,No,No,53,Yes,No phone service,DSL,No,Yes,No,Month-to-month,No,Electronic check,57.68,2986.27,Yes
CUS-02708,Female,0,Yes,No,46,Yes,Yes,DSL,Yes,No,No,Month-to-month,Yes,Mailed check,31.67,1398.79,No
CUS-02709,Female,0,Yes,No,4,Yes,No,Fiber optic,No,No,Yes,One year,Yes,Mailed check,56.61,216.54,No
CUS-02710,Female,0,No,Yes,34,Yes,No,DSL,Yes,No,Yes,Two year,No,Mailed check,59.62,1929.1,Yes
CUS-02711,Male,0,No,No,66,Yes,No,No,No internet service,No,Yes,Month-to-month,No,Electronic check,80.86,5264.98,No
CUS-02712,Female,0,No,No,63,Yes,No,Fiber optic,Yes,No,Yes,Two year,Yes,Credit card (automatic),33.35,2174.28,Yes
CUS-02713,Female,1,Yes,No,61,Yes,No,No,Yes,Yes,Yes,One year,Yes,Credit card (automatic),21.74,1291.88,Yes
CUS-02714,Female,0,No,No,42,Yes,Yes,No,No internet service,No internet service,No internet service,Two year,No,Mailed check,78.6,3243.24,No
CUS-02715,Male,0,Yes,No,64,Yes,Yes,Fiber optic,No internet service,Yes,No,Month-to-month,Yes,Bank transfer (automatic),24.54,1626.52,No
CUS-02716,Female,0,Yes,No,17,Yes,No,Fiber optic,Yes,Yes,No internet service,Month-to-month,No,Mailed check,33.39,547.76,Yes
CUS-02717,Male,0,Yes,Yes,61,Yes,No,No,Yes,No,No internet service,Two year,Yes,Bank transfer (automatic),116.15,6898.7,No
CUS-02718,Male,0,Yes,No,30,Yes,No,Fiber optic,No,No,No,Two year,Yes,Bank transfer (automatic),20.28,621.29,No
CUS-02719,Female,0,No,No,43,No,No,DSL,No,Yes,No,Month-to-month,No,Mailed check,82.23,3621.12,Yes
CUS-02720,Female,0,No,Yes,7,Yes,Yes,Fiber optic,No internet service,No,No internet service,Two year,Yes,Credit card (automatic),31.88,220.01,Yes
CUS-02721,Male,0,No,No,46,Yes,Yes,Fiber optic,No,No,Yes,Month-to-month,No,Bank transfer (automatic),100.12,4380.08,No
CUS-02722,Female,0,Yes,No,23,No,Yes,No,Yes,No,Yes,Two year,Yes,Credit card (automatic),76.18,1731.38,No
CUS-02723,Male,0,No,No,36,Yes,Yes,Fiber optic,Yes,No internet service,No,One year,Yes,Mailed check,65.25,2399.62,No
CUS-02724,Male,0,No,No,14,Yes,No,DSL,No,No,Yes,Month-to-month,Yes,Electronic check,64.04,915.82,Yes
CUS-02725,Female,0,Yes,No,20,Yes,No,DSL,No,No,Yes,Two year,No,Electronic check,85.09,1688.15,Yes
CUS-02726,Female,0,No,No,56,Yes,Yes,No,No internet service,No,Yes,Month-to-month,No,Bank transfer (automatic),101.87,5618.45,No
CUS-02727,Male,0,No,Yes,32,Yes,No,No,No internet service,No,Yes,Month-to-month,Yes,Credit card (automatic),18.69,610.17,No
CUS-02728,Male,0,No,No,25,Yes,Yes,Fiber optic,Yes,Yes,No,Month-to-month,Yes,Bank transfer (automatic),20.03,523.23,No
CUS-02729,Male,1,Yes,No,49,Yes,No phone service,DSL,No,No,No,Two year,Yes,Mailed check,45.25,2282.17,Yes
CUS-02730,Male,0,No,No,57,Yes,Yes,DSL,No internet service,No internet service,No,Month-to-month,No,Electronic check,91.83,5092.6,No
CUS-02731,Female,0,No,No,27,No,Yes,Fiber optic,No internet service,Yes,Yes,One year,No,Electronic check,37.38,1055.95,Yes
CUS-02732,Female,0,Yes,Yes,27,Yes,No,No,No,No internet service,No,One year,No,Electronic check,58.67,1601.47,No
CUS-02733,Female,0,No,No,46,Yes,No,No,No,No,Yes,One year,No,Bank transfer (automatic),68.76,3040.37,No
CUS-02734,Female,0,Yes,No,45,No,Yes,No,No,Yes,No,One year,No,Credit card (automatic),55.29,2447.46,No
CUS-02735,Female,1,No,Yes,26,Yes,Yes,Fiber optic,No,No internet service,No internet service,Two year,Yes,Electronic check,64.46,1713.51,No
CUS-02736,Male,0,No,No,14,Yes,Yes,No,No,Yes,Yes,Month-to-month,No,Electronic check,97.87,1420.85,Yes
CUS-02737,Female,1,No,Yes,48,Yes,Yes,DSL,No,Yes,Yes,Two year,Yes,Mailed check,40.92,1969.95,No
CUS-02738,Female,1,No,No,15,Yes,Yes,DSL,No,No internet service,No,One year,Yes,Electronic check,50.67,732.52,Yes
CUS-02739,Female,0,Yes,Yes,51,Yes,No,No,Yes,No,Yes,One year,No,Mailed check,70.66,3468.0,No
CUS-02740,Female,0,Yes,Yes,54,Yes,No,DSL,No,No,Yes,Month-to-month,No,Credit card (automatic),104.51,5545.32,Yes
CUS-02741,Female,0,No,Yes,11,Yes,No,Fiber optic,No,No,Yes,Month-to-month,Yes,Bank transfer (automatic),38.52,404.12,Yes
CUS-02742,Male,0,Yes,No,28,Yes,Yes,Fiber optic,No,Yes,Yes,Month-to-month,Yes,Electronic check,70.48,1957.37,No
CUS-02743,Male,1,Yes,No,55,Yes,No,DSL,No,Yes,No internet service,One year,Yes,Electronic check,105.58,5967.83,No
CUS-02744,Male,0,Yes,Yes,69,Yes,No,DSL,No,No internet service,No internet service,Month-to-month,Yes,Mailed check,29.25,2010.38,No
CUS-02745,Female,1,Yes,No,26,Yes,Yes,DSL,No,Yes,No,One year,No,Credit card (automatic),90.14,2421.06,Yes
CUS-02746,Male,0,No,Yes,70,Yes,No,Fiber optic,Yes,No,No internet service,One year,No,Credit card (automatic),40.37,2870.35,No
CUS-02747,Male,1,No,Yes,32,Yes,Yes,DSL,Yes,No,Yes,Two year,No,Electronic check,35.36,1096.82,No
CUS-02748,Female,1,Yes,No,48,Yes,Yes,Fiber optic,Yes,No internet service,Yes,Month-to-month,No,Electronic check,41.63,1941.17,No
CUS-02749,Female,0,Yes,Yes,12,Yes,Yes,Fiber optic,Yes,No internet service,Yes,Month-to-month,Yes,Mailed check,68.29,807.16,No
CUS-02750,Female,0,Yes,No,70,Yes,No,DSL,No,Yes,No,Two year,Yes,Electronic check,78.34,5504.66,No
CUS-02751,Male,0,Yes,No,61,Yes,Yes,DSL,No internet service,No,No internet service,Month-to-month,No,Electronic check,37.43,2323.93,Yes
CUS-02752,Male,0,Yes,Yes,34,Yes,No,Fiber optic,No,No internet service,Yes,Two year,No,Electronic check,29.2,960.34,No
CUS-02753,Female,1,Yes,No,45,Yes,No,DSL,No internet service,No internet service,Yes,Two year,Yes,Bank transfer (automatic),63.27,2748.43,No
CUS-02754,Female,0,No,No,60,Yes,No,Fiber optic,No,No,No internet service,One year,Yes,Electronic check,23.74,1354.94,No
CUS-02755,Male,0,No,No,65,Yes,Yes,No,Yes,Yes,No,Month-to-month,Yes,Mailed check,71.89,4491.94,No
CUS-02756,Male,0,Yes,Yes,71,Yes,No,DSL,Yes,No,No,Month-to-month,Yes,Bank transfer (automatic),86.29,6280.88,No
CUS-02757,Female,1,No,No,13,Yes,No,No,No,No,No,Two year,Yes,Electronic check,112.58,1398.47,Yes
CUS-02758,Female,0,No,No,48,No,No,Fiber optic,No,No internet service,Yes,Month-to-month,Yes,Credit card (automatic),32.29,1566.31,No
CUS-02759,Male,0,Yes,Yes,49,Yes,No,Fiber optic,Yes,No,No,Two year,Yes,Electronic check,61.33,3035.49,No
CUS-02760,Female,0,Yes,No,58,Yes,Yes,No,No,Yes,No,Month-to-month,Yes,Bank transfer (automatic),43.67,2657.62,No
CUS-02761,Male,0,No,Yes,70,Yes,Yes,Fiber optic,No internet service,Yes,Yes,Two year,No,Electronic check,39.79,2834.78,No
CUS-02762,Male,0,Yes,No,61,Yes,No,DSL,Yes,No internet service,No internet service,One year,Yes,Credit card (automatic),69.95,4351.97,No
CUS-02763,Male,0,No,No,26,Yes,No,DSL,No internet service,No,Yes,Month-to-month,Yes,Bank transfer (automatic),32.34,806.33,No
CUS-02764,Male,0,No,Yes,39,No,Yes,No,Yes,No,No,One year,No,Bank transfer (automatic),19.54,790.74,No
CUS-02765,Female,0,Yes,Yes,58,Yes,Yes,DSL,No,No,Yes,Two year,Yes,Mailed check,34.21,1948.47,No
CUS-02766,Female,0,No,No,27,Yes,Yes,Fiber optic,No,No internet service,Yes,One year,Yes,Electronic check,51.55,1365.76,No
CUS-02767,Male,0,No,No,40,Yes,No phone service,Fiber optic,No,Yes,Yes,Month-to-month,Yes,Mailed check,19.1,761.38,No
CUS-02768,Male,0,Yes,No,31,Yes,Yes,DSL,No,No,Yes,Month-to-month,Yes,Bank transfer (automatic),103.71,3281.76,No
CUS-02769,Male,0,Yes,No,3,Yes,Yes,No,Yes,No internet service,No,Two year,Yes,Electronic check,76.36,224.37,No
CUS-02770,Male,1,No,Yes,15,Yes,No,Fiber optic,No,No,Yes,Month-to-month,Yes,Credit card (automatic),20.72,319.43,No
CUS-02771,Male,0,No,No,54,Yes,No,Fiber optic,Yes,Yes,No internet service,Two year,Yes,Mailed check,40.86,2150.31,No
CUS-02772,Female,1,No,Yes,70,Yes,No,Fiber optic,No,Yes,Yes,Two year,Yes,Mailed check,84.43,5687.12,No
CUS-02773,Female,0,No,No,11,Yes,No,DSL,No internet service,Yes,No,One year,No,Electronic check,20.99,235.43,Yes
CUS-02774,Female,0,Yes,No,30,Yes,No,Fiber optic,No internet service,No internet service,Yes,Month-to-month,No,Electronic check,55.7,1741.45,No
CUS-02775,Female,0,Yes,Yes,35,Yes,No,No,Yes,Yes,Yes,Two year,Yes,Mailed check,27.67,1008.12,No
CUS-02776,Male,0,Yes,Yes,43,Yes,Yes,Fiber optic,No,No internet service,Yes,Month-to-month,Yes,Credit card (automatic),57.16,2350.35,Yes
CUS-02777,Male,0,Yes,Yes,61,Yes,No,No,No,Yes,No internet service,Month-to-month,Yes,Electronic check,114.8,6926.92,No
CUS-02778,Male,0,No,Yes,40,Yes,Yes,DSL,No,Yes,Yes,Month-to-month,No,Electronic check,63.5,2485.99,No
CUS-02779,Male,0,No,No,42,Yes,Yes,No,No,No internet service,Yes,Month-to-month,Yes,Mailed check,79.37,3318.44,No
CUS-02780,Male,0,No,No,42,Yes,Yes,Fiber optic,No,No internet service,Yes,Two year,No,Electronic check,58.84,2360.18,No
CUS-02781,Female,0,No,No,3,Yes,No,No,No,Yes,No,Month-to-month,No,Electronic check,49.5,147.17,Yes
CUS-02782,Male,0,Yes,No,21,Yes,No,DSL,No internet service,Yes,No internet service,Month-to-month,Yes,Mailed check,79.06,1736.79,Yes
CUS-02783,Female,0,Yes,No,53,Yes,No,Fiber optic,No internet service,No,No,Month-to-month,Yes,Electronic check,80.07,4272.12,Yes
CUS-02784,Female,0,Yes,No,44,Yes,No,No,No,Yes,No,One year,Yes,Bank transfer (automatic),79.53,3400.39,No
CUS-02785,Female,0,No,Yes,46,Yes,Yes,Fiber optic,No,No internet service,No,Month-to-month,No,Credit card (automatic),20.68,980.7,No
CUS-02786,Female,0,Yes,Yes,37,Yes,Yes,DSL,No internet service,No,No internet service,Month-to-month,Yes,Credit card (automatic),87.65,3209.76,Yes
CUS-02787,Male,0,No,No,38,Yes,No,DSL,No,No,No,Month-to-month,Yes,Mailed check,85.58,3110.18,Yes
CUS-02788,Female,1,No,No,38,Yes,Yes,Fiber optic,No,Yes,Yes,Month-to-month,No,Electronic check,25.01,936.35,Yes
CUS-02789,Female,1,Yes,Yes,11,Yes,Yes,No,No internet service,Yes,Yes,Month-to-month,Yes,Bank transfer (automatic),37.02,420.01,No
CUS-02790,Female,0,Yes,Yes,45,Yes,No,Fiber optic,Yes,No,No,Two year,Yes,Bank transfer (automatic),70.04,3063.85,Yes
CUS-02791,Male,0,No,No,64,Yes,No,Fiber optic,Yes,Yes,No,Two year,No,Mailed check,54.08,3401.08,No
CUS-02792,Male,0,Yes,No,44,Yes,Yes,No,No internet service,No,Yes,Month-to-month,Yes,Mailed check,75.6,3250.41,No
CUS-02793,Male,0,No,No,62,Yes,No,Fiber optic,No internet service,No internet service,No,One year,Yes,Credit card (automatic),94.04,6062.58,No
CUS-02794,Female,0,No,Yes,61,Yes,No,Fiber optic,Yes,Yes,No,Month-to-month,No,Electronic check,72.81,4350.01,Yes
CUS-02795,Female,0,Yes,No,12,Yes,Yes,DSL,No,No,No,Two year,Yes,Electronic check,63.9,746.89,Yes
CUS-02796,Male,0,Yes,No,9,Yes,Yes,Fiber optic,No,No internet service,No,Month-to-month,Yes,Mailed check,44.36,416.29,No
CUS-02797,Female,0,Yes,Yes,67,Yes,Yes,Fiber optic,No,No,No internet service,Month-to-month,No,Bank transfer (automatic),79.55,5596.22,No
CUS-02798,Male,0,No,No,2,Yes,Yes,DSL,Yes,No internet service,Yes,Two year,Yes,Bank transfer (automatic),100.72,203.32,No
CUS-02799,Male,0,Yes,Yes,8,Yes,Yes,Fiber optic,No internet service,Yes,No internet service,Two year,Yes,Bank transfer (automatic),44.24,369.31,No
CUS-02800,Female,0,No,No,43,Yes,No phone service,DSL,No internet service,No,Yes,Month-to-month,Yes,Mailed check,96.81,4274.43,Yes
CUS-02801,Female,0,No,No,18,Yes,No,DSL,No,Yes,Yes,Month-to-month,Yes,Bank transfer (automatic),59.76,1042.08,Yes
CUS-02802,Female,0,No,No,52,Yes,No,Fiber optic,No internet service,No internet service,No internet service,Two year,Yes,Electronic check,29.19,1545.8,No
CUS-02803,Female,0,Yes,No,39,Yes,Yes,Fiber optic,No internet service,No,No,Month-to-month,No,Electronic check,109.06,4376.73,Yes
CUS-02804,Male,0,No,Yes,31,Yes,Yes,DSL,No,No,No,Month-to-month,No,Mailed check,86.16,2735.86,No
CUS-02805,Male,0,No,No,14,Yes,No,DSL,No internet service,No internet service,Yes,Two year,No,Credit card (automatic),102.1,1433.68,No
CUS-02806,Male,0,No,No,64,Yes,No,Fiber optic,No internet service,No internet service,Yes,Month-to-month,Yes,Bank transfer (automatic),83.49,5351.48,No
CUS-02807,Male,1,No,No,44,Yes,No,DSL,Yes,No internet service,Yes,Month-to-month,Yes,Mailed check,30.35,1378.38,No
CUS-02808,Male,0,No,Yes,60,Yes,Yes,Fiber optic,Yes,No,No,Two year,Yes,Mailed check,72.16,4411.43,Yes
CUS-02809,Female,1,No,No,2,Yes,No phone service,No,No,No,No,Month-to-month,No,Credit card (automatic),81.36,167.49,Yes
CUS-02810,Male,0,Yes,No,32,Yes,Yes,Fiber optic,No,No,Yes,One year,Yes,Mailed check,44.12,1370.54,No
CUS-02811,Male,0,No,No,36,Yes,Yes,DSL,Yes,No,No,Two year,No,Electronic check,81.09,3055.4,Yes
CUS-02812,Male,0,Yes,No,55,Yes,No,DSL,Yes,No,No,Month-to-month,Yes,Mailed check,74.68,4203.03,No
CUS-02813,Female,0,No,No,63,Yes,No,DSL,No internet service,No,No internet service,Month-to-month,Yes,Mailed check,20.16,1260.22,Yes
CUS-02814,Female,0,No,No,69,Yes,Yes,DSL,No,No,No,Two year,Yes,Credit card (automatic),106.26,7404.7,Yes
CUS-02815,Female,0,Yes,Yes,40,Yes,No phone service,DSL,No internet service,No internet service,No,Month-to-month,Yes,Electronic check,71.39,2895.52,No
CUS-02816,Female,0,No,No,24,Yes,No,DSL,No internet service,Yes,No,Two year,No,Electronic check,76.44,1889.82,No
CUS-02817,Male,1,No,No,58,Yes,Yes,No,No,No,No,Month-to-month,Yes,Mailed check,33.13,1960.12,Yes
CUS-02818,Male,0,Yes,No,28,Yes,Yes,No,No,No,No,Month-to-month,Yes,Electronic check,98.4,2850.1,No
CUS-02819,Female,0,No,No,62,Yes,Yes,Fiber optic,Yes,Yes,No,One year,Yes,Credit card (automatic),71.15,4364.87,No
CUS-02820,Female,0,Yes,No,25,Yes,Yes,DSL,No,Yes,No internet service,Two year,No,Bank transfer (automatic),26.85,665.97,Yes
CUS-02821,Male,0,No,No,7,Yes,No,No,Yes,Yes,No,Two year,Yes,Mailed check,88.09,597.43,No
CUS-02822,Male,0,No,No,38,Yes,No,DSL,Yes,No internet service,Yes,Month-to-month,No,Mailed check,66.89,2545.81,No
CUS-02823,Female,0,No,Yes,71,Yes,No,DSL,Yes,No internet service,No,Month-to-month,No,Mailed check,51.47,3618.4,No
CUS-02824,Female,1,No,No,45,Yes,No,DSL,No,Yes,No,Month-to-month,Yes,Bank transfer (automatic),110.16,5038.92,No
CUS-02825,Female,0,No,No,32,Yes,Yes,Fiber optic,No internet service,No,No,Month-to-month,No,Electronic check,100.13,3237.14,Yes
CUS-02826,Female,0,Yes,No,32,Yes,No phone service,Fiber optic,Yes,No,Yes,One year,Yes,Electronic check,22.28,738.45,Yes
CUS-02827,Male,0,Yes,No,1,No,Yes,DSL,No,No,No,Two year,No,Mailed check,87.86,84.95,No
CUS-02828,Male,1,No,No,45,Yes,Yes,DSL,No,No,No,One year,Yes,Credit card (automatic),35.21,1650.28,Yes
CUS-02829,Male,0,No,No,64,No,No,No,No,No internet service,No,Month-to-month,No,Mailed check,19.67,1223.7,No
CUS-02830,Female,0,No,No,68,Yes,No,Fiber optic,No internet service,No internet service,No,Month-to-month,Yes,Credit card (automatic),39.86,2770.3,Yes
CUS-02831,Female,0,No,No,7,Yes,No phone service,DSL,Yes,Yes,No internet service,One year,No,Credit card (automatic),22.78,159.43,No
CUS-02832,Male,0,No,No,38,Yes,No phone service,Fiber optic,Yes,No,No,One year,No,Electronic check,81.82,3172.17,Yes
CUS-02833,Male,0,Yes,No,70,Yes,No phone service,DSL,No,Yes,No,Two year,No,Bank transfer (automatic),93.75,6586.3,Yes
CUS-02834,Male,0,No,Yes,53,Yes,No,Fiber optic,No,No,No internet service,One year,Yes,Credit card (automatic),35.81,1926.86,No
CUS-02835,Male,1,Yes,No,30,Yes,Yes,DSL,Yes,No internet service,Yes,One year,Yes,Bank transfer (automatic),38.94,1197.64,No
CUS-02836,Female,1,Yes,No,22,Yes,No,Fiber optic,Yes,No,Yes,Two year,No,Bank transfer (automatic),31.41,669.81,No
CUS-02837,Male,0,No,Yes,58,Yes,Yes,Fiber optic,No internet service,No,Yes,Two year,No,Bank transfer (automatic),74.24,4238.04,Yes
CUS-02838,Male,0,No,Yes,55,Yes,Yes,No,Yes,No internet service,No internet service,Two year,Yes,Bank transfer (automatic),66.93,3816.33,Yes
CUS-02839,Male,1,Yes,Yes,46,Yes,Yes,DSL,No,No,No,Month-to-month,No,Mailed check,18.62,885.31,No
CUS-02840,Male,1,No,No,26,Yes,Yes,Fiber optic,No internet service,Yes,No,One year,Yes,Electronic check,54.96,1454.84,Yes
CUS-02841,Male,0,No,No,64,Yes,No,No,No,No,Yes,Month-to-month,No,Bank transfer (automatic),26.8,1681.81,Yes
CUS-02842,Male,0,No,Yes,9,Yes,Yes,Fiber optic,No,No,No,One year,Yes,Electronic check,75.9,663.03,Yes
CUS-02843,Male,0,No,No,15,Yes,Yes,No,No,Yes,Yes,One year,Yes,Electronic check,65.38,936.42,No
CUS-02844,Female,0,Yes,Yes,19,Yes,No,No,No,Yes,No internet service,One year,Yes,Bank transfer (automatic),63.89,1266.6,No
CUS-02845,Female,0,No,Yes,16,Yes,No,Fiber optic,No,No internet service,Yes,Two year,No,Mailed check,91.51,1484.05,No
CUS-02846,Female,0,No,No,25,Yes,No phone service,DSL,No internet service,Yes,Yes,Two year,Yes,Bank transfer (automatic),63.94,1584.61,No
CUS-02847,Female,0,No,No,51,Yes,No,Fiber optic,No,No,No internet service,One year,No,Mailed check,66.62,3462.22,No
CUS-02848,Male,1,No,No,46,Yes,Yes,Fiber optic,No internet service,No,No,Two year,No,Credit card (automatic),81.26,3722.25,No
CUS-02849,Female,0,Yes,No,7,Yes,Yes,Fiber optic,Yes,No internet service,No,Two year,Yes,Mailed check,48.14,331.95,Yes
CUS-02850,Female,0,Yes,No,34,Yes,No,Fiber optic,Yes,No internet service,Yes,Month-to-month,No,Mailed check,111.74,3799.6,No
CUS-02851,Male,0,No,No,58,Yes,No,Fiber optic,No,No internet service,No internet service,Month-to-month,No,Electronic check,46.15,2740.03,No
CUS-02852,Male,0,No,No,23,Yes,Yes,Fiber optic,Yes,Yes,Yes,Month-to-month,Yes,Mailed check,109.38,2600.7,Yes
CUS-02853,Female,0,No,Yes,23,Yes,No,Fiber optic,No internet service,No,Yes,One year,No,Electronic check,99.37,2194.0,No
CUS-02854,Female,0,Yes,No,17,Yes,No,DSL,No,No,Yes,Month-to-month,No,Bank transfer (automatic),108.62,1766.19,No
CUS-02855,Male,0,Yes,No,13,Yes,Yes,No,No,No internet service,No,One year,No,Bank transfer (automatic),36.33,464.75,No
CUS-02856,Female,1,Yes,No,27,Yes,No,No,No,Yes,No internet service,Two year,No,Electronic check,41.13,1059.33,No
CUS-02857,Male,0,No,No,66,Yes,No,Fiber optic,No,Yes,No internet service,Month-to-month,No,Mailed check,102.78,6779.97,Yes
CUS-02858,Male,0,Yes,No,30,Yes,Yes,DSL,No,Yes,No internet service,Two year,No,Electronic check,113.72,3522.12,No
CUS-02859,Male,0,No,Yes,4,Yes,Yes,DSL,No,No,No,Month-to-month,Yes,Mailed check,93.32,367.59,Yes
CUS-02860,Male,0,Yes,No,67,Yes,No,DSL,No,No,No,Two year,Yes,Credit card (automatic),81.8,5467.35,No
CUS-02861,Female,0,No,No,14,Yes,No,DSL,No internet service,No,No,Two year,Yes,Credit card (automatic),98.94,1395.46,No
CUS-02862,Male,1,Yes,Yes,11,Yes,Yes,Fiber optic,No internet service,Yes,No,One year,Yes,Electronic check,22.16,253.84,Yes
CUS-02863,Male,0,Yes,No,40,Yes,No phone service,DSL,No,No,No internet service,Month-to-month,No,Electronic check,103.43,4313.71,No
CUS-02864,Female,0,No,No,3,Yes,Yes,DSL,No internet service,No,No internet service,Month-to-month,Yes,Credit card (automatic),46.11,140.15,Yes
CUS-02865,Male,1,No,Yes,1,Yes,Yes,Fiber optic,No internet service,No,Yes,Two year,Yes,Mailed check,23.67,22.51,No
CUS-02866,Female,0,Yes,No,9,Yes,Yes,No,No,No,No internet service,Month-to-month,Yes,Mailed check,86.16,751.37,No
CUS-02867,Female,0,No,No,1,Yes,No,DSL,No,No,No internet service,Month-to-month,No,Credit card (automatic),93.28,90.5,Yes
CUS-02868,Female,0,Yes,No,16,Yes,No,Fiber optic,No,Yes,No,Month-to-month,No,Electronic check,80.72,1304.3,Yes
CUS-02869,Male,0,Yes,No,46,Yes,No,No,Yes,No internet service,No internet service,One year,Yes,Electronic check,53.01,2489.08,No
CUS-02870,Female,0,Yes,Yes,10,Yes,No phone service,No,Yes,Yes,No,Month-to-month,Yes,Bank transfer (automatic),29.72,284.98,No
CUS-02871,Female,0,Yes,No,33,Yes,No,Fiber optic,No internet service,No internet service,No,One year,No,Electronic check,94.9,3065.83,Yes
CUS-02872,Male,0,No,No,41,Yes,Yes,DSL,No,No,No,Two year,No,Mailed check,22.74,933.01,No
CUS-02873,Female,0,Yes,No,51,Yes,No,DSL,Yes,No,No,One year,No,Mailed check,93.97,4922.52,No
CUS-02874,Female,0,No,No,22,Yes,No,DSL,No,Yes,Yes,Month-to-month,Yes,Electronic check,113.74,2463.36,No
CUS-02875,Female,1,Yes,Yes,16,Yes,Yes,Fiber optic,No,No internet service,No internet service,Two year,Yes,Electronic check,117.68,1882.35,No
CUS-02876,Female,0,No,No,62,Yes,Yes,Fiber optic,No internet service,No,No internet service,One year,Yes,Bank transfer (automatic),57.63,3571.68,Yes
CUS-02877,Female,1,Yes,Yes,53,Yes,No,Fiber optic,No,No,No internet service,Month-to-month,No,Bank transfer (automatic),28.87,1595.41,No
CUS-02878,Male,0,Yes,Yes,14,Yes,Yes,DSL,No,No internet service,Yes,One year,No,Bank transfer (automatic),27.45,397.57,No
CUS-02879,Female,0,Yes,Yes,59,Yes,Yes,Fiber optic,Yes,Yes,Yes,Month-to-month,No,Electronic check,67.15,4103.64,No
CUS-02880,Female,0,No,No,26,No,No,DSL,No internet service,No internet service,No,One year,Yes,Mailed check,97.18,2442.44,No
CUS-02881,Male,0,No,No,44,Yes,No,Fiber optic,No internet service,No,No internet service,Month-to-month,Yes,Electronic check,22.79,1042.95,Yes
CUS-02882,Male,1,No,No,20,Yes,Yes,Fiber optic,No internet service,No,No,Two year,No,Credit card (automatic),34.83,689.2,No
CUS-02883,Male,0,Yes,No,5,Yes,No,Fiber optic,No,No internet service,No,Two year,Yes,Bank transfer (automatic),76.86,386.02,No
CUS-02884,Female,0,No,No,65,Yes,No,DSL,No internet service,No,No,Month-to-month,Yes,Electronic check,26.55,1745.48,Yes
CUS-02885,Male,0,No,Yes,11,Yes,No,DSL,Yes,No,Yes,Month-to-month,Yes,Electronic check,105.84,1156.11,No
CUS-02886,Female,0,Yes,No,47,Yes,No phone service,DSL,Yes,No,No,Two year,No,Credit card (automatic),68.31,3160.24,No
CUS-02887,Female,0,Yes,No,10,Yes,No,Fiber optic,No,No,Yes,Month-to-month,No,Electronic check,56.68,552.52,Yes
CUS-02888,Male,0,No,Yes,61,No,No,DSL,Yes,Yes,Yes,Month-to-month,Yes,Credit card (automatic),19.32,1180.12,Yes
CUS-02889,Male,0,No,No,45,Yes,No phone service,Fiber optic,Yes,Yes,No,Month-to-month,Yes,Credit card (automatic),29.3,1363.02,Yes
CUS-02890,Female,0,Yes,No,47,Yes,Yes,DSL,No,Yes,No,Month-to-month,No,Electronic check,100.76,4861.32,No
CUS-02891,Male,0,No,No,34,No,Yes,DSL,No,Yes,Yes,Month-to-month,No,Mailed check,87.9,2991.56,Yes
CUS-02892,Female,0,No,No,13,Yes,No,Fiber optic,No internet service,No,No,Month-to-month,No,Bank transfer (automatic),20.04,256.42,Yes
CUS-02893,Male,0,No,No,23,Yes,Yes,Fiber optic,Yes,Yes,Yes,One year,Yes,Mailed check,115.4,2524.87,No
CUS-02894,Male,1,Yes,Yes,36,Yes,Yes,DSL,No internet service,No,Yes,Two year,Yes,Electronic check,53.33,1863.76,No
CUS-02895,Male,0,No,Yes,63,Yes,Yes,Fiber optic,No,No,Yes,Month-to-month,Yes,Bank transfer (automatic),78.64,4799.16,Yes
CUS-02896,Female,0,Yes,No,47,Yes,No,Fiber optic,No,No internet service,Yes,Month-to-month,Yes,Electronic check,90.26,4279.7,Yes
CUS-02897,Male,0,Yes,Yes,66,Yes,No,DSL,Yes,No,Yes,Month-to-month,Yes,Electronic check,113.65,7816.51,No
CUS-02898,Female,0,No,No,14,Yes,Yes,DSL,No,No internet service,Yes,Month-to-month,No,Mailed check,107.04,1471.02,Yes
CUS-02899,Female,1,Yes,No,53,Yes,No,Fiber optic,No internet service,No,Yes,Month-to-month,Yes,Mailed check,77.74,4241.0,Yes
CUS-02900,Female,0,Yes,No,66,Yes,Yes,No,No,Yes,No,Month-to-month,Yes,Electronic check,31.94,2072.15,No
CUS-02901,Female,0,Yes,Yes,49,Yes,No,DSL,Yes,Yes,No,Two year,No,Credit card (automatic),102.5,5255.63,No
CUS-02902,Male,0,Yes,Yes,16,Yes,No,Fiber optic,No,No,No internet service,Two year,No,Electronic check,99.68,1546.21,Yes
CUS-02903,Female,0,Yes,No,68,Yes,No phone service,No,No,Yes,No internet service,One year,No,Credit card (automatic),81.91,5518.02,No
CUS-02904,Female,0,Yes,No,43,No,Yes,Fiber optic,Yes,No,No internet service,Month-to-month,No,Electronic check,116.92,4851.27,Yes
CUS-02905,Male,0,No,No,65,Yes,No,DSL,No internet service,No,No,One year,Yes,Electronic check,70.83,4477.9,No
CUS-02906,Female,0,Yes,No,9,No,Yes,Fiber optic,No,No,Yes,Two year,No,Electronic check,39.37,340.37,Yes
CUS-02907,Male,0,No,No,21,Yes,No,DSL,No,Yes,No,Month-to-month,Yes,Mailed check,43.38,875.41,No
CUS-02908,Female,0,Yes,No,43,Yes,No,Fiber optic,No,No,No,Month-to-month,Yes,Bank transfer (automatic),58.66,2554.79,Yes
CUS-02909,Male,0,Yes,Yes,66,Yes,No phone service,DSL,Yes,Yes,No,One year,Yes,Credit card (automatic),60.27,4090.73,No
CUS-02910,Female,0,No,No,4,No,Yes,DSL,No internet service,No,No,One year,Yes,Bank transfer (automatic),101.12,387.53,No
CUS-02911,Male,0,Yes,No,7,Yes,No,DSL,Yes,No,No,Month-to-month,Yes,Electronic check,106.69,726.02,Yes
CUS-02912,Female,0,No,No,58,Yes,Yes,Fiber optic,No,No,No internet service,Two year,Yes,Electronic check,56.27,3205.27,No
CUS-02913,Female,0,No,Yes,4,Yes,Yes,No,No,No internet service,No internet service,One year,No,Electronic check,112.53,469.78,Yes
CUS-02914,Male,0,Yes,No,20,Yes,No,Fiber optic,No,No,No internet service,Month-to-month,Yes,Bank transfer (automatic),110.81,2237.93,No
CUS-02915,Male,0,No,No,35,No,Yes,DSL,No,Yes,Yes,Month-to-month,Yes,Electronic check,59.06,1985.92,No
CUS-02916,Male,1,Yes,No,59,Yes,Yes,Fiber optic,No,No internet service,No internet service,Two year,No,Electronic check,104.81,6103.24,Yes
CUS-02917,Male,1,No,Yes,45,No,Yes,Fiber optic,No internet service,No,No,One year,Yes,Bank transfer (automatic),29.28,1345.95,No
CUS-02918,Female,0,No,No,14,Yes,Yes,Fiber optic,No,No,No,Month-to-month,Yes,Electronic check,69.12,1013.96,Yes
CUS-02919,Female,0,No,No,22,Yes,Yes,Fiber optic,No internet service,No,Yes,Month-to-month,Yes,Electronic check,89.27,2010.75,Yes
CUS-02920,Male,0,Yes,No,48,Yes,No,No,No,No,No,Month-to-month,Yes,Electronic check,52.56,2442.45,Yes
CUS-02921,Female,0,Yes,Yes,30,Yes,Yes,DSL,Yes,No,No,One year,Yes,Mailed check,20.31,628.75,No
CUS-02922,Male,0,Yes,Yes,29,Yes,No,DSL,No,Yes,Yes,Month-to-month,No,Electronic check,23.55,649.03,Yes
CUS-02923,Male,0,Yes,Yes,36,Yes,Yes,Fiber optic,No internet service,No internet service,Yes,Month-to-month,No,Bank transfer (automatic),107.46,3861.75,Yes
CUS-02924,Female,1,No,No,42,Yes,No,Fiber optic,No,No,No,Month-to-month,No,Bank transfer (automatic),69.85,2888.25,No
CUS-02925,Female,0,No,No,29,Yes,No,No,No,Yes,No,Two year,Yes,Mailed check,33.23,1006.68,No
CUS-02926,Female,0,Yes,Yes,7,Yes,No phone service,No,No internet service,No,Yes,Two year,Yes,Credit card (automatic),108.21,723.07,No
CUS-02927,Female,0,No,Yes,32,Yes,No phone service,No,Yes,No internet service,No,One year,Yes,Electronic check,112.22,3503.26,No
CUS-02928,Female,0,No,No,13,Yes,No,DSL,No,No internet service,Yes,Month-to-month,Yes,Credit card (automatic),50.61,642.13,No
CUS-02929,Female,0,No,No,13,Yes,No phone service,Fiber optic,No,No,No,Month-to-month,Yes,Mailed check,76.6,988.17,No
CUS-02930,Female,0,Yes,No,54,Yes,Yes,Fiber optic,No,No,Yes,One year,Yes,Bank transfer (automatic),50.58,2846.95,Yes
CUS-02931,Male,0,Yes,No,14,No,Yes,No,No,No,No internet service,One year,No,Electronic check,90.53,1286.76,No
CUS-02932,Male,0,No,No,6,Yes,No,DSL,No,No internet service,Yes,One year,Yes,Mailed check,112.79,651.12,Yes
CUS-02933,Male,0,No,Yes,16,Yes,Yes,DSL,Yes,No,No,Month-to-month,No,Bank transfer (automatic),20.79,343.45,No
CUS-02934,Male,0,No,No,41,Yes,Yes,No,No,No,Yes,One year,No,Mailed check,65.09,2703.34,No
CUS-02935,Male,0,No,No,52,Yes,No phone service,Fiber optic,No,No,Yes,Two year,No,Bank transfer (automatic),97.91,4844.98,No
CUS-02936,Female,0,Yes,Yes,16,Yes,No,No,No internet service,No internet service,Yes,Month-to-month,No,Electronic check,86.92,1448.93,No
CUS-02937,Male,0,No,No,5,Yes,Yes,DSL,Yes,No,No internet service,One year,No,Mailed check,36.22,172.9,No
CUS-02938,Male,1,Yes,No,24,Yes,No,No,No internet service,Yes,Yes,Two year,Yes,Electronic check,57.22,1388.38,Yes
CUS-02939,Male,0,No,Yes,43,Yes,No,Fiber optic,No,Yes,No,Month-to-month,Yes,Credit card (automatic),64.83,2815.8,Yes
CUS-02940,Male,1,No,Yes,65,Yes,No phone service,Fiber optic,No,Yes,No,One year,Yes,Credit card (automatic),92.5,6077.91,No
CUS-02941,Male,1,No,No,10,Yes,No,Fiber optic,No,No internet service,No,Month-to-month,Yes,Mailed check,63.91,661.36,No
CUS-02942,Male,0,No,No,59,No,No,Fiber optic,No,No internet service,No,One year,Yes,Mailed check,49.4,2804.91,No
CUS-02943,Male,0,No,No,35,No,No,Fiber optic,No,No,Yes,Month-to-month,No,Credit card (automatic),59.5,2089.72,Yes
CUS-02944,Female,1,Yes,No,31,Yes,No,DSL,No internet service,No,No,Two year,Yes,Bank transfer (automatic),114.69,3581.56,Yes
CUS-02945,Female,0,Yes,No,11,Yes,No,Fiber optic,No,No,No internet service,Month-to-month,No,Bank transfer (automatic),22.68,246.93,Yes
CUS-02946,Male,0,No,Yes,9,Yes,No,Fiber optic,No internet service,Yes,No internet service,Month-to-month,Yes,Mailed check,51.38,463.72,No
CUS-02947,Female,1,Yes,Yes,66,Yes,No,DSL,No,No,No,Two year,No,Credit card (automatic),37.8,2495.04,No
CUS-02948,Female,0,Yes,Yes,44,Yes,No phone service,DSL,No internet service,No internet service,No,Two year,Yes,Electronic check,58.05,2620.35,No
CUS-02949,Female,0,Yes,No,16,Yes,Yes,Fiber optic,Yes,Yes,Yes,Month-to-month,Yes,Credit card (automatic),76.58,1181.89,No
CUS-02950,Female,0,No,No,48,Yes,Yes,DSL,No,No,No,Month-to-month,Yes,Mailed check,37.43,1712.12,No
CUS-02951,Male,0,Yes,No,53,Yes,No,DSL,No internet service,Yes,Yes,Month-to-month,Yes,Bank transfer (automatic),60.65,3353.15,Yes
CUS-02952,Female,0,No,No,65,Yes,Yes,No,No internet service,Yes,Yes,Month-to-month,Yes,Credit card (automatic),100.79,6429.26,Yes
CUS-02953,Female,0,No,No,48,No,No,DSL,No internet service,No,No,One year,No,Mailed check,82.21,4061.2,No
CUS-02954,Female,0,No,Yes,70,Yes,Yes,Fiber optic,No,No,Yes,Month-to-month,Yes,Bank transfer (automatic),85.92,5905.98,No
CUS-02955,Male,0,Yes,No,46,Yes,No,Fiber optic,No,No,Yes,Month-to-month,Yes,Mailed check,112.04,4898.18,No
CUS-02956,Male,0,No,Yes,33,Yes,No phone service,Fiber optic,No,No,Yes,One year,Yes,Credit card (automatic),58.9,1888.42,No
CUS-02957,Male,0,No,No,52,Yes,No,Fiber optic,No,No internet service,No internet service,One year,No,Mailed check,117.8,5883.91,Yes
CUS-02958,Male,0,No,No,55,No,Yes,No,No,No internet service,No internet service,Two year,Yes,Electronic check,56.2,3190.76,No
CUS-02959,Male,0,No,Yes,51,Yes,No phone service,Fiber optic,No,No,No,Month-to-month,Yes,Mailed check,36.27,1788.87,No
CUS-02960,Male,0,No,No,40,Yes,Yes,Fiber optic,No,Yes,Yes,Two year,Yes,Credit card (automatic),98.75,4145.01,No
CUS-02961,Male,0,Yes,Yes,25,Yes,No,Fiber optic,No,Yes,No,One year,No,Mailed check,69.0,1744.44,Yes
CUS-02962,Female,1,No,No,63,Yes,No,Fiber optic,Yes,No,No,Month-to-month,Yes,Electronic check,52.49,3248.31,Yes
CUS-02963,Female,0,Yes,Yes,22,Yes,No phone service,DSL,No,Yes,Yes,One year,Yes,Mailed check,42.63,938.31,No
CUS-02964,Female,0,Yes,No,38,Yes,Yes,No,No,No internet service,No internet service,One year,No,Mailed check,100.15,3981.41,Yes
CUS-02965,Male,0,No,No,9,No,No,DSL,Yes,No,No,Month-to-month,No,Bank transfer (automatic),74.4,678.72,Yes
CUS-02966,Male,0,Yes,No,37,Yes,Yes,Fiber optic,No,No internet service,No internet service,Month-to-month,No,Electronic check,80.44,3051.76,No
CUS-02967,Male,0,Yes,No,5,Yes,Yes,Fiber optic,No,No,No,One year,Yes,Electronic check,64.23,320.95,No
CUS-02968,Male,0,No,Yes,22,Yes,No phone service,No,No,No internet service,No,Month-to-month,Yes,Mailed check,39.45,870.74,Yes
CUS-02969,Male,0,No,No,12,Yes,No,DSL,Yes,No internet service,No,Month-to-month,Yes,Electronic check,51.76,651.18,Yes
CUS-02970,Female,0,Yes,No,60,Yes,No,Fiber optic,No,Yes,Yes,Two year,Yes,Electronic check,30.87,1871.55,No
CUS-02971,Female,0,No,No,44,No,Yes,DSL,Yes,No,No internet service,Month-to-month,No,Credit card (automatic),52.12,2302.89,Yes
CUS-02972,Male,0,Yes,No,22,Yes,No,No,Yes,Yes,No,One year,Yes,Credit card (automatic),109.27,2493.71,No
CUS-02973,Male,0,Yes,Yes,6,Yes,No,Fiber optic,No,No internet service,No,Two year,Yes,Credit card (automatic),75.49,450.64,No
CUS-02974,Male,1,Yes,No,27,Yes,No,DSL,No internet service,No,Yes,Month-to-month,Yes,Credit card (automatic),22.62,609.13,No
CUS-02975,Male,0,Yes,No,55,Yes,No,Fiber optic,Yes,Yes,No,Month-to-month,No,Credit card (automatic),94.42,5302.26,No
CUS-02976,Female,0,Yes,No,15,Yes,No phone service,DSL,Yes,No internet service,No,Month-to-month,Yes,Credit card (automatic),94.77,1373.19,No
CUS-02977,Male,0,Yes,No,64,Yes,No,DSL,Yes,No,No,Month-to-month,Yes,Bank transfer (automatic),93.95,5790.45,No
CUS-02978,Male,1,No,Yes,17,Yes,No,Fiber optic,No,No,No internet service,One year,Yes,Electronic check,79.65,1370.07,No
CUS-02979,Male,0,No,No,3,Yes,No,DSL,No,No,No internet service,One year,Yes,Mailed check,21.15,61.44,No
CUS-02980,Male,1,No,Yes,10,Yes,No,No,No,No internet service,No,Two year,No,Mailed check,56.26,558.97,No
CUS-02981,Female,1,No,No,63,Yes,Yes,Fiber optic,No internet service,No internet service,Yes,Month-to-month,No,Bank transfer (automatic),50.53,3280.31,Yes
CUS-02982,Male,0,Yes,No,63,Yes,No,Fiber optic,Yes,No,No,Month-to-month,Yes,Mailed check,20.11,1242.85,No
CUS-02983,Male,0,No,Yes,62,Yes,No phone service,No,No,No,Yes,Two year,No,Mailed check,26.57,1687.25,No
CUS-02984,Female,0,No,No,9,Yes,No phone service,Fiber optic,No internet service,Yes,No,Two year,No,Credit card (automatic),60.04,531.06,Yes
CUS-02985,Female,0,Yes,Yes,24,Yes,No,Fiber optic,Yes,No,No,Month-to-month,No,Bank transfer (automatic),106.08,2428.75,No
CUS-02986,Female,0,Yes,No,32,Yes,Yes,DSL,No,Yes,Yes,Month-to-month,No,Mailed check,114.17,3504.25,Yes
CUS-02987,Male,0,No,No,3,Yes,No phone service,No,No,No,No internet service,Two year,No,Mailed check,92.34,275.19,No
CUS-02988,Male,1,No,No,33,Yes,No,No,No internet service,No,No,Month-to-month,Yes,Credit card (automatic),40.56,1314.1,Yes
CUS-02989,Female,0,No,No,43,Yes,Yes,DSL,No internet service,No,Yes,One year,Yes,Bank transfer (automatic),110.17,4722.6,No
CUS-02990,Female,1,Yes,No,12,No,No,DSL,No,Yes,Yes,Month-to-month,Yes,Bank transfer (automatic),115.8,1392.81,Yes
CUS-02991,Female,0,Yes,Yes,32,Yes,No,No,Yes,No,No internet service,Month-to-month,Yes,Bank transfer (automatic),61.02,2039.08,No
CUS-02992,Female,0,No,No,20,Yes,Yes,Fiber optic,No,Yes,No,Month-to-month,Yes,Electronic check,70.19,1399.89,No
CUS-02993,Female,1,No,Yes,67,Yes,No phone service,Fiber optic,No internet service,No,No internet service,One year,No,Mailed check,52.6,3650.18,No
CUS-02994,Female,0,Yes,No,68,Yes,No phone service,Fiber optic,No,No,No,One year,Yes,Electronic check,103.2,7263.71,No
CUS-02995,Male,0,Yes,No,17,Yes,Yes,Fiber optic,No internet service,No,Yes,Month-to-month,No,Electronic check,47.77,843.55,Yes
CUS-02996,Male,0,No,No,19,Yes,No phone service,No,No internet service,No,No,Month-to-month,Yes,Bank transfer (automatic),28.87,550.61,No
CUS-02997,Male,0,No,Yes,4,Yes,No phone service,No,Yes,No,Yes,Month-to-month,No,Electronic check,63.6,248.96,No
CUS-02998,Female,0,Yes,Yes,17,Yes,Yes,No,No internet service,No,No internet service,Month-to-month,No,Electronic check,34.95,611.16,No
CUS-02999,Female,0,No,Yes,64,Yes,Yes,No,Yes,Yes,No,Month-to-month,Yes,Bank transfer (automatic),61.1,3841.06,No
CUS-03000,Female,0,No,No,22,Yes,Yes,DSL,No,No,No internet service,Month-to-month,Yes,Bank transfer (automatic),76.54,1750.52,Yes
CUS-03001,Female,1,No,Yes,66,Yes,Yes,DSL,No,No,No,Month-to-month,Yes,Mailed check,98.26,6228.9,Yes
CUS-03002,Female,0,Yes,No,42,Yes,No,No,No,Yes,Yes,One year,No,Mailed check,87.2,3727.65,No
CUS-03003,Female,1,Yes,No,45,Yes,Yes,DSL,No,Yes,No,Two year,No,Credit card (automatic),91.86,4125.96,Yes
CUS-03004,Male,0,No,No,11,Yes,No phone service,No,No,Yes,No,Month-to-month,No,Electronic check,77.05,856.63,Yes
CUS-03005,Male,0,Yes,No,53,Yes,No phone service,No,No,Yes,No internet service,Month-to-month,No,Electronic check,26.14,1331.56,No
CUS-03006,Female,0,No,No,60,Yes,Yes,Fiber optic,No,Yes,No,Month-to-month,Yes,Bank transfer (automatic),106.0,6659.74,Yes
CUS-03007,Male,0,No,Yes,29,Yes,No,Fiber optic,No internet service,Yes,No,Month-to-month,No,Bank transfer (automatic),87.81,2601.1,Yes
CUS-03008,Female,1,Yes,No,20,Yes,No,DSL,No,Yes,Yes,Two year,No,Electronic check,96.99,1898.11,No
CUS-03009,Male,0,No,No,5,Yes,No,DSL,No,No internet service,Yes,Month-to-month,No,Mailed check,112.09,582.28,Yes
CUS-03010,Female,0,No,Yes,25,Yes,Yes,Fiber optic,No,No,No,Month-to-month,No,Bank transfer (automatic),114.81,2856.71,Yes
CUS-03011,Female,0,No,No,34,Yes,Yes,DSL,Yes,No,No,One year,Yes,Bank transfer (automatic),114.35,3765.84,No
CUS-03012,Male,0,Yes,No,12,Yes,Yes,No,Yes,Yes,No,Month-to-month,Yes,Bank transfer (automatic),44.96,535.78,No
CUS-03013,Male,1,No,Yes,28,Yes,Yes,DSL,No,No internet service,No,One year,Yes,Electronic check,103.16,2836.29,No
CUS-03014,Female,1,Yes,Yes,6,Yes,No phone service,No,No,No,Yes,Two year,Yes,Electronic check,113.87,697.46,No
CUS-03015,Female,0,No,Yes,19,Yes,Yes,DSL,No,No,No,Month-to-month,Yes,Mailed check,88.63,1603.35,No
CUS-03016,Male,0,No,No,12,Yes,Yes,Fiber optic,No internet service,No,Yes,Month-to-month,Yes,Bank transfer (automatic),89.59,1115.95,Yes
CUS-03017,Male,0,Yes,No,25,Yes,No,Fiber optic,No,No,No,Month-to-month,Yes,Mailed check,106.42,2642.5,Yes
CUS-03018,Female,0,No,Yes,13,Yes,Yes,DSL,No,No internet service,Yes,One year,No,Bank transfer (automatic),46.75,584.23,No
CUS-03019,Male,1,No,No,3,Yes,Yes,Fiber optic,No internet service,Yes,No,One year,Yes,Credit card (automatic),37.19,114.56,Yes
CUS-03020,Female,0,Yes,No,24,Yes,No,No,No,No,Yes,Month-to-month,Yes,Bank transfer (automatic),61.7,1553.11,No
CUS-03021,Female,0,Yes,No,8,Yes,No,DSL,No,Yes,No internet service,Month-to-month,No,Electronic check,112.99,940.32,No
CUS-03022,Female,0,No,No,45,No,Yes,DSL,No internet service,No internet service,No,Month-to-month,No,Electronic check,24.05,1045.96,No
CUS-03023,Female,1,Yes,Yes,1,No,No,Fiber optic,No,Yes,No,Two year,Yes,Electronic check,62.25,60.49,No
CUS-03024,Male,0,Yes,No,3,Yes,No,No,No internet service,No,No internet service,One year,Yes,Electronic check,87.08,273.98,No
CUS-03025,Male,0,No,No,65,Yes,No,DSL,No internet service,Yes,Yes,One year,Yes,Electronic check,83.13,5242.83,No
CUS-03026,Male,0,No,No,15,Yes,No,DSL,No,No,No,Month-to-month,No,Electronic check,98.99,1455.4,Yes
CUS-03027,Male,0,No,Yes,50,Yes,Yes,DSL,Yes,Yes,No internet service,Two year,Yes,Bank transfer (automatic),44.96,2275.61,No
CUS-03028,Male,0,Yes,Yes,20,Yes,No,DSL,No internet service,No internet service,No,Month-to-month,Yes,Electronic check,41.4,810.72,No
CUS-03029,Male,0,Yes,No,3,No,No,DSL,No internet service,Yes,No,One year,No,Mailed check,100.74,298.63,No
CUS-03030,Male,0,Yes,No,61,Yes,No phone service,Fiber optic,Yes,No,Yes,Two year,Yes,Electronic check,100.57,6282.79,No
CUS-03031,Female,0,No,No,15,No,No,Fiber optic,No,No,No,Two year,No,Electronic check,42.88,649.2,No
CUS-03032,Male,0,No,No,59,Yes,No,Fiber optic,No,No internet service,No,Month-to-month,No,Electronic check,62.03,3773.28,Yes
CUS-03033,Male,0,Yes,Yes,54,No,No,DSL,No internet service,No internet service,Yes,Month-to-month,Yes,Bank transfer (automatic),63.17,3505.15,Yes
CUS-03034,Female,0,Yes,No,60,Yes,No,Fiber optic,Yes,No internet service,No,Month-to-month,Yes,Mailed check,69.33,4284.29,No
CUS-03035,Male,0,No,Yes,37,Yes,No,DSL,No,Yes,No,Two year,Yes,Mailed check,101.64,3639.52,Yes
CUS-03036,Male,0,No,No,21,Yes,No,DSL,No,Yes,No internet service,Month-to-month,Yes,Bank transfer (automatic),78.34,1605.15,No
CUS-03037,Female,0,Yes,No,23,Yes,Yes,Fiber optic,No,No,No,Month-to-month,Yes,Credit card (automatic),69.82,1554.89,Yes
CUS-03038,Male,1,No,Yes,18,Yes,Yes,DSL,No internet service,No,No internet service,Two year,No,Mailed check,46.95,813.21,No
CUS-03039,Male,0,Yes,Yes,17,Yes,Yes,No,No internet service,No,No,Two year,Yes,Bank transfer (automatic),22.04,387.8,No
CUS-03040,Male,0,No,No,31,Yes,Yes,DSL,Yes,No,No,Month-to-month,Yes,Bank transfer (automatic),109.81,3235.2,No
CUS-03041,Female,0,No,No,64,Yes,No phone service,Fiber optic,No,Yes,Yes,Month-to-month,Yes,Electronic check,89.62,5808.82,Yes
CUS-03042,Male,0,No,No,48,Yes,Yes,Fiber optic,Yes,Yes,Yes,Month-to-month,Yes,Bank transfer (automatic),25.44,1266.65,Yes
CUS-03043,Male,0,Yes,No,26,No,Yes,Fiber optic,No,No,No internet service,One year,Yes,Bank transfer (automatic),47.75,1200.22,Yes
CUS-03044,Female,0,Yes,No,22,Yes,No,Fiber optic,No,No internet service,No,One year,Yes,Mailed check,82.7,1897.93,Yes
CUS-03045,Male,0,No,No,45,Yes,Yes,DSL,No,No,No internet service,Month-to-month,Yes,Mailed check,38.91,1831.05,Yes
CUS-03046,Female,0,Yes,No,36,Yes,Yes,DSL,Yes,Yes,No,Month-to-month,No,Credit card (automatic),28.51,1034.65,No
CUS-03047,Female,0,No,No,64,Yes,No,DSL,Yes,No internet service,No,Month-to-month,Yes,Credit card (automatic),73.03,4752.04,No
CUS-03048,Male,0,No,Yes,35,No,No,Fiber optic,Yes,No,No,Month-to-month,Yes,Bank transfer (automatic),50.9,1725.67,No
CUS-03049,Female,0,No,Yes,27,Yes,Yes,Fiber optic,No,No,No,Two year,Yes,Mailed check,100.77,2852.52,No
CUS-03050,Female,0,No,No,68,Yes,No,Fiber optic,No,Yes,Yes,Month-to-month,No,Bank transfer (automatic),113.07,7872.88,No
CUS-03051,Male,0,No,No,17,Yes,Yes,DSL,No,No,Yes,One year,Yes,Bank transfer (automatic),76.77,1307.21,Yes
CUS-03052,Female,0,No,No,70,No,No,No,Yes,No,No internet service,Two year,No,Mailed check,89.29,6250.91,Yes
CUS-03053,Female,1,Yes,Yes,11,Yes,Yes,DSL,No internet service,No internet service,No,One year,Yes,Electronic check,116.34,1294.84,Yes
CUS-03054,Male,0,Yes,Yes,5,Yes,No,DSL,No internet service,No,No,Month-to-month,Yes,Credit card (automatic),40.6,196.63,Yes
CUS-03055,Male,0,Yes,Yes,58,Yes,Yes,No,Yes,No,Yes,Month-to-month,Yes,Electronic check,108.49,6353.47,Yes
CUS-03056,Male,0,Yes,Yes,57,Yes,No,DSL,No,No,No internet service,Two year,Yes,Mailed check,73.93,4032.77,No
CUS-03057,Female,1,No,No,14,Yes,No,No,Yes,Yes,No internet service,Month-to-month,Yes,Mailed check,36.76,520.03,No
CUS-03058,Male,0,No,No,1,No,Yes,DSL,Yes,No,No,Two year,No,Electronic check,46.92,47.27,No
CUS-03059,Female,0,No,No,16,Yes,Yes,DSL,No,No,No,Month-to-month,No,Electronic check,86.81,1369.18,Yes
CUS-03060,Female,1,No,No,26,Yes,No,DSL,No,No,No,Month-to-month,Yes,Credit card (automatic),110.2,2747.8,Yes
CUS-03061,Female,1,No,No,49,Yes,Yes,Fiber optic,No,No,No,Two year,No,Bank transfer (automatic),29.9,1472.45,No
CUS-03062,Female,0,No,Yes,42,Yes,No,Fiber optic,No internet service,No internet service,No internet service,Two year,No,Electronic check,81.93,3419.55,No
CUS-03063,Female,0,Yes,No,70,Yes,Yes,DSL,No,No,No internet service,Month-to-month,No,Bank transfer (automatic),55.69,3825.16,Yes
CUS-03064,Female,0,No,No,66,Yes,No,DSL,No,Yes,Yes,Month-to-month,Yes,Electronic check,50.17,3287.38,Yes
CUS-03065,Female,0,Yes,Yes,53,Yes,No phone service,DSL,No,No,Yes,Two year,No,Bank transfer (automatic),36.0,1824.22,No
CUS-03066,Male,0,No,No,9,Yes,Yes,DSL,Yes,No internet service,Yes,Month-to-month,Yes,Mailed check,106.82,921.51,Yes
CUS-03067,Male,0,Yes,No,69,Yes,No,No,No,No,No,Month-to-month,Yes,Credit card (automatic),54.43,3622.09,No
CUS-03068,Female,0,No,Yes,40,Yes,No,Fiber optic,Yes,No,No,Month-to-month,No,Mailed check,62.33,2506.52,Yes
CUS-03069,Female,0,No,Yes,56,Yes,No,Fiber optic,Yes,No,Yes,One year,No,Bank transfer (automatic),38.74,2122.39,No
CUS-03070,Male,0,No,No,5,No,Yes,DSL,Yes,Yes,Yes,Two year,Yes,Electronic check,78.78,383.47,No
CUS-03071,Female,0,No,Yes,56,Yes,No,DSL,Yes,No,No,Month-to-month,Yes,Credit card (automatic),62.02,3518.44,No
CUS-03072,Male,0,No,Yes,5,Yes,No,Fiber optic,No,No,Yes,Month-to-month,Yes,Mailed check,37.3,188.31,Yes
CUS-03073,Male,0,Yes,No,69,Yes,Yes,No,No internet service,Yes,Yes,Month-to-month,Yes,Electronic check,49.05,3329.7,Yes
CUS-03074,Male,1,Yes,No,52,No,Yes,No,No internet service,No,No,One year,Yes,Electronic check,57.12,3100.1,No
CUS-03075,Female,0,No,No,33,Yes,Yes,Fiber optic,No,Yes,No internet service,One year,Yes,Bank transfer (automatic),25.7,839.46,No
CUS-03076,Female,0,Yes,No,22,Yes,No,DSL,Yes,No,Yes,Month-to-month,No,Bank transfer (automatic),23.19,494.34,No
CUS-03077,Male,1,Yes,No,15,Yes,Yes,DSL,Yes,Yes,No,Month-to-month,Yes,Electronic check,117.25,1827.12,Yes
CUS-03078,Male,0,No,No,65,Yes,No,Fiber optic,Yes,No internet service,No internet service,Month-to-month,Yes,Electronic check,110.77,7345.59,Yes
CUS-03079,Male,0,Yes,No,71,Yes,Yes,DSL,Yes,No,Yes,Month-to-month,Yes,Mailed check,77.32,5626.36,Yes
CUS-03080,Male,1,Yes,No,23,Yes,Yes,No,No,No,No,Month-to-month,No,Credit card (automatic),42.48,1011.14,No
CUS-03081,Male,0,Yes,Yes,6,Yes,No,Fiber optic,No internet service,No,No internet service,Two year,No,Credit card (automatic),41.24,254.77,No
CUS-03082,Female,0,Yes,No,58,Yes,No,No,No,Yes,Yes,Month-to-month,No,Bank transfer (automatic),62.05,3724.06,Yes
CUS-03083,Male,0,No,No,26,No,No,Fiber optic,No internet service,Yes,No internet service,Two year,No,Electronic check,56.62,1432.03,No
CUS-03084,Female,0,No,No,12,No,No,Fiber optic,No,No,Yes,Month-to-month,Yes,Credit card (automatic),91.3,1108.29,Yes
CUS-03085,Male,0,No,No,2,Yes,No,DSL,No,No,Yes,Two year,Yes,Electronic check,58.71,119.48,No
CUS-03086,Female,1,Yes,No,32,Yes,No,Fiber optic,No internet service,No,No internet service,Month-to-month,Yes,Credit card (automatic),113.54,3557.96,No
CUS-03087,Female,0,No,No,50,Yes,No,DSL,No,Yes,No,Month-to-month,No,Mailed check,43.29,2271.49,No
CUS-03088,Female,0,Yes,Yes,61,Yes,No phone service,Fiber optic,No,Yes,No,Month-to-month,Yes,Bank transfer (automatic),20.66,1298.98,No
CUS-03089,Female,0,No,No,11,Yes,No,Fiber optic,No,No internet service,No,One year,No,Electronic check,78.33,897.36,No
CUS-03090,Female,0,No,No,68,Yes,No,Fiber optic,Yes,Yes,No,Month-to-month,Yes,Electronic check,116.79,7665.43,Yes
CUS-03091,Female,0,No,Yes,34,Yes,No,Fiber optic,No internet service,Yes,Yes,Two year,Yes,Mailed check,103.14,3344.65,No
CUS-03092,Male,0,No,Yes,8,Yes,Yes,Fiber optic,Yes,No,Yes,One year,No,Electronic check,18.52,141.18,No
CUS-03093,Female,0,Yes,No,8,Yes,Yes,DSL,No,No,No,One year,Yes,Mailed check,75.52,626.32,Yes
CUS-03094,Male,0,Yes,No,15,No,Yes,No,No,No internet service,Yes,Month-to-month,No,Bank transfer (automatic),63.38,955.11,No
CUS-03095,Female,0,No,Yes,5,Yes,No,DSL,No,Yes,No,Month-to-month,Yes,Bank transfer (automatic),94.84,465.08,Yes
CUS-03096,Female,0,Yes,No,19,Yes,Yes,No,Yes,No,No internet service,Month-to-month,No,Mailed check,43.27,847.25,No
CUS-03097,Male,0,Yes,Yes,9,Yes,Yes,Fiber optic,Yes,No,Yes,Month-to-month,Yes,Electronic check,42.37,386.82,Yes
CUS-03098,Female,0,Yes,No,57,Yes,No phone service,No,No,No internet service,No internet service,Month-to-month,No,Electronic check,49.67,2864.92,No
CUS-03099,Male,0,Yes,No,54,Yes,No,Fiber optic,No,No,Yes,Two year,Yes,Bank transfer (automatic),42.62,2369.97,No
CUS-03100,Male,0,No,Yes,29,Yes,Yes,Fiber optic,Yes,No internet service,No internet service,Two year,Yes,Mailed check,20.19,583.71,Yes
CUS-03101,Male,0,No,Yes,19,Yes,No,Fiber optic,No internet service,No,No internet service,One year,Yes,Mailed check,80.82,1483.64,No
CUS-03102,Male,0,Yes,No,46,Yes,Yes,Fiber optic,No internet service,No,No,Month-to-month,Yes,Electronic check,79.28,3799.18,Yes
CUS-03103,Female,1,Yes,No,62,Yes,No,DSL,No,No,No,Month-to-month,Yes,Bank transfer (automatic),103.18,6630.83,No
CUS-03104,Female,0,No,Yes,60,No,No,Fiber optic,No,No internet service,No,Month-to-month,Yes,Bank transfer (automatic),87.77,5133.82,Yes
CUS-03105,Male,0,No,No,5,Yes,Yes,DSL,Yes,No,No internet service,One year,Yes,Mailed check,82.09,403.43,No
CUS-03106,Female,0,No,No,33,Yes,Yes,Fiber optic,No internet service,No,Yes,Month-to-month,Yes,Bank transfer (automatic),41.21,1403.47,Yes
CUS-03107,Female,0,No,No,55,Yes,Yes,DSL,No internet service,No,No,Month-to-month,No,Credit card (automatic),92.01,5299.53,No
CUS-03108,Male,0,No,No,19,Yes,Yes,DSL,No,No,No,Two year,Yes,Bank transfer (automatic),103.54,2021.45,No
CUS-03109,Female,0,No,No,17,Yes,Yes,No,No,No,No internet service,Month-to-month,Yes,Mailed check,62.39,1013.15,Yes
CUS-03110,Male,0,No,No,42,Yes,No phone service,No,No,No,Yes,Month-to-month,Yes,Credit card (automatic),72.05,2998.35,Yes
CUS-03111,Male,1,Yes,Yes,22,No,Yes,Fiber optic,No,No,No,Month-to-month,Yes,Mailed check,96.43,2180.03,Yes
CUS-03112,Female,1,No,No,39,Yes,No,No,No,Yes,Yes,One year,Yes,Bank transfer (automatic),64.56,2509.28,No
CUS-03113,Female,0,Yes,No,27,Yes,No,DSL,No,No,No internet service,Two year,No,Bank transfer (automatic),84.65,2325.75,No
CUS-03114,Female,0,No,Yes,46,Yes,No,DSL,No,No,Yes,Two year,No,Credit card (automatic),39.48,1731.88,No
CUS-03115,Male,0,No,No,28,Yes,Yes,DSL,No,Yes,No internet service,Two year,No,Mailed check,76.43,2078.33,No
CUS-03116,Male,0,No,Yes,52,Yes,Yes,DSL,No,No internet service,Yes,Two year,Yes,Mailed check,21.72,1158.7,No
CUS-03117,Female,0,Yes,No,65,Yes,No,DSL,No,Yes,Yes,Month-to-month,Yes,Mailed check,38.9,2450.76,No
CUS-03118,Female,0,No,No,39,Yes,No,Fiber optic,No internet service,No,No,Month-to-month,Yes,Electronic check,110.09,4495.82,No
CUS-03119,Female,0,Yes,No,18,Yes,Yes,DSL,No,No internet service,Yes,Month-to-month,No,Credit card (automatic),77.52,1376.76,No
CUS-03120,Female,0,Yes,No,22,Yes,No,DSL,No,Yes,No,One year,No,Credit card (automatic),63.55,1355.35,No
CUS-03121,Male,0,Yes,Yes,68,Yes,Yes,Fiber optic,Yes,Yes,No internet service,Month-to-month,No,Bank transfer (automatic),70.2,4627.69,Yes
CUS-03122,Female,0,Yes,No,11,Yes,No,DSL,No,No,No,Month-to-month,Yes,Mailed check,18.0,191.57,No
CUS-03123,Male,0,Yes,No,64,Yes,No,Fiber optic,No,Yes,No internet service,Month-to-month,No,Mailed check,63.96,4030.99,Yes
CUS-03124,Male,0,No,Yes,71,No,No,DSL,No,No internet service,No,Month-to-month,No,Electronic check,32.4,2319.17,Yes
CUS-03125,Female,0,No,No,57,Yes,Yes,No,No,Yes,No internet service,One year,Yes,Electronic check,103.81,6143.88,No
CUS-03126,Female,0,Yes,Yes,35,No,Yes,DSL,No,No internet service,Yes,Month-to-month,No,Mailed check,59.35,2167.3,No
CUS-03127,Female,1,Yes,No,37,Yes,No,No,No,Yes,No internet service,Two year,Yes,Electronic check,41.2,1539.62,No
CUS-03128,Male,0,No,No,50,Yes,No phone service,Fiber optic,No,No internet service,Yes,Two year,No,Electronic check,69.18,3504.94,No
CUS-03129,Female,0,No,No,30,Yes,Yes,DSL,Yes,No internet service,No,Two year,No,Electronic check,54.57,1640.53,No
CUS-03130,Female,0,Yes,Yes,17,Yes,No,DSL,No,No,No,Two year,Yes,Mailed check,64.0,1070.23,No
CUS-03131,Male,0,No,No,33,Yes,No,Fiber optic,No,No,No internet service,One year,No,Mailed check,90.58,2999.29,Yes
CUS-03132,Female,0,No,Yes,16,Yes,Yes,No,No,Yes,No,Month-to-month,No,Electronic check,68.92,1065.83,No
CUS-03133,Male,0,Yes,No,15,Yes,No,DSL,No,Yes,No,One year,Yes,Credit card (automatic),109.5,1613.39,No
CUS-03134,Female,0,Yes,No,13,Yes,Yes,DSL,Yes,No,No internet service,One year,No,Credit card (automatic),43.68,550.78,No
CUS-03135,Male,0,No,No,3,Yes,No,Fiber optic,Yes,No,No internet service,Month-to-month,Yes,Electronic check,50.61,156.99,Yes
CUS-03136,Female,0,Yes,No,24,Yes,No,Fiber optic,Yes,No internet service,Yes,One year,Yes,Credit card (automatic),95.75,2220.56,No
CUS-03137,Female,0,No,No,23,Yes,No,No,No,No,No internet service,Month-to-month,Yes,Electronic check,96.34,2270.54,No
CUS-03138,Male,0,Yes,No,59,No,Yes,Fiber optic,Yes,No,No,Month-to-month,Yes,Electronic check,115.66,6528.04,Yes
CUS-03139,Male,0,No,No,55,Yes,No,DSL,No,No,No internet service,Month-to-month,No,Credit card (automatic),80.84,4517.21,No
CUS-03140,Female,0,No,Yes,65,Yes,Yes,No,No internet service,No internet service,Yes,One year,Yes,Bank transfer (automatic),75.38,5029.84,No
CUS-03141,Male,0,Yes,No,32,Yes,No,Fiber optic,Yes,No,Yes,Two year,No,Electronic check,76.88,2361.9,Yes
CUS-03142,Male,0,No,No,60,Yes,No,Fiber optic,No internet service,No internet service,No,Two year,Yes,Bank transfer (automatic),54.13,3336.15,Yes
CUS-03143,Male,0,No,Yes,30,Yes,No,Fiber optic,No,Yes,Yes,Month-to-month,Yes,Bank transfer (automatic),56.5,1709.56,Yes
CUS-03144,Male,0,No,No,66,Yes,Yes,DSL,No internet service,Yes,No,Two year,Yes,Credit card (automatic),45.99,3091.85,Yes
CUS-03145,Female,1,No,No,18,Yes,No phone service,DSL,Yes,No internet service,No,Month-to-month,No,Credit card (automatic),77.69,1429.64,Yes
CUS-03146,Female,0,Yes,Yes,59,Yes,Yes,DSL,No internet service,No internet service,No,Month-to-month,No,Credit card (automatic),102.02,5816.46,No
CUS-03147,Male,0,No,No,53,Yes,No phone service,No,No internet service,Yes,No,Two year,Yes,Mailed check,81.35,4440.0,No
CUS-03148,Male,0,Yes,No,64,Yes,Yes,No,No internet service,No internet service,No,Two year,No,Bank transfer (automatic),65.26,4294.36,No
CUS-03149,Male,0,Yes,No,30,Yes,Yes,DSL,No internet service,No internet service,Yes,Two year,Yes,Credit card (automatic),24.36,741.53,No
CUS-03150,Male,1,Yes,Yes,18,Yes,Yes,Fiber optic,Yes,Yes,Yes,Month-to-month,No,Electronic check,42.77,770.22,No
CUS-03151,Female,0,Yes,Yes,5,Yes,Yes,Fiber optic,Yes,No internet service,No internet service,Month-to-month,No,Bank transfer (automatic),102.5,530.43,Yes
CUS-03152,Female,0,Yes,Yes,69,Yes,Yes,DSL,No internet service,No internet service,No internet service,Month-to-month,Yes,Electronic check,57.62,4127.14,No
CUS-03153,Male,0,No,No,8,Yes,Yes,Fiber optic,Yes,Yes,Yes,Two year,No,Credit card (automatic),106.56,838.4,No
CUS-03154,Male,0,No,No,9,Yes,No phone service,Fiber optic,No,No,No internet service,Month-to-month,Yes,Electronic check,42.27,381.68,Yes
CUS-03155,Male,0,Yes,No,32,Yes,No,DSL,Yes,No internet service,Yes,Month-to-month,No,Mailed check,75.57,2406.11,Yes
CUS-03156,Female,1,Yes,No,14,Yes,Yes,No,No,No,Yes,Month-to-month,No,Mailed check,114.37,1589.2,No
CUS-03157,Male,0,No,Yes,13,Yes,Yes,Fiber optic,No,No internet service,No,One year,Yes,Electronic check,73.68,989.24,Yes
CUS-03158,Female,0,Yes,No,18,Yes,No,DSL,No internet service,Yes,No,Month-to-month,Yes,Bank transfer (automatic),38.89,711.47,Yes
CUS-03159,Male,1,Yes,No,68,Yes,Yes,No,No internet service,No,Yes,Two year,No,Electronic check,40.95,2777.33,No
CUS-03160,Female,0,No,No,22,Yes,No,DSL,No,Yes,No internet service,Month-to-month,Yes,Electronic check,33.77,764.37,No
CUS-03161,Male,0,Yes,No,20,Yes,No,No,No,Yes,No internet service,Two year,No,Electronic check,20.12,420.23,No
CUS-03162,Female,0,Yes,No,15,Yes,No,DSL,No,No,No internet service,Month-to-month,Yes,Bank transfer (automatic),87.24,1296.52,No
CUS-03163,Male,0,No,No,7,No,No,Fiber optic,Yes,No,Yes,One year,No,Electronic check,96.31,649.59,Yes
CUS-03164,Male,0,No,Yes,30,Yes,No,No,No internet service,No,No internet service,Month-to-month,Yes,Credit card (automatic),100.03,3126.88,No
CUS-03165,Male,0,Yes,No,5,No,Yes,DSL,No,No internet service,No,One year,Yes,Electronic check,25.37,132.65,Yes
CUS-03166,Female,0,No,No,1,Yes,Yes,Fiber optic,No,No,No,Month-to-month,Yes,Mailed check,112.23,111.21,No
CUS-03167,Male,0,No,Yes,60,Yes,Yes,Fiber optic,Yes,Yes,No internet service,One year,No,Mailed check,79.85,4862.1,Yes
CUS-03168,Female,0,Yes,No,31,Yes,No,Fiber optic,No,No internet service,No,Month-to-month,Yes,Bank transfer (automatic),26.83,797.67,No
CUS-03169,Female,0,Yes,Yes,20,Yes,No,DSL,No,Yes,No,Month-to-month,Yes,Electronic check,26.49,505.77,Yes
CUS-03170,Male,0,Yes,Yes,64,Yes,No,No,Yes,No,No,Month-to-month,Yes,Credit card (automatic),68.98,4235.68,No
CUS-03171,Male,0,Yes,No,64,Yes,Yes,Fiber optic,No internet service,Yes,No,Two year,No,Bank transfer (automatic),42.43,2790.05,No
CUS-03172,Male,0,Yes,Yes,29,Yes,No,DSL,Yes,No internet service,No internet service,Month-to-month,Yes,Mailed check,41.91,1210.41,Yes
CUS-03173,Female,0,Yes,No,10,No,Yes,Fiber optic,No,No,No internet service,Month-to-month,Yes,Electronic check,19.18,194.78,Yes
CUS-03174,Male,0,Yes,No,29,Yes,No,Fiber optic,No internet service,No,No,Month-to-month,Yes,Mailed check,66.23,1931.16,No
CUS-03175,Female,0,No,Yes,31,No,No,No,No internet service,No,Yes,One year,Yes,Credit card (automatic),26.66,801.16,Yes
CUS-03176,Female,0,No,No,30,Yes,No,DSL,No internet service,Yes,Yes,Month-to-month,Yes,Electronic check,25.68,794.62,No
CUS-03177,Male,0,No,No,25,Yes,No phone service,DSL,No internet service,No,Yes,Month-to-month,Yes,Credit card (automatic),33.86,822.31,Yes
CUS-03178,Male,0,No,Yes,58,Yes,No phone service,DSL,Yes,Yes,Yes,Month-to-month,Yes,Bank transfer (automatic),19.07,1070.92,Yes
CUS-03179,Male,0,No,No,57,Yes,No,No,No internet service,No internet service,No,Month-to-month,Yes,Electronic check,28.35,1634.99,No
CUS-03180,Male,0,No,No,63,Yes,Yes,Fiber optic,Yes,No internet service,No internet service,Month-to-month,Yes,Mailed check,77.43,5058.22,No
CUS-03181,Male,0,Yes,Yes,37,Yes,Yes,DSL,Yes,No internet service,Yes,Two year,Yes,Bank transfer (automatic),43.67,1674.95,No
CUS-03182,Male,0,Yes,No,58,No,No,Fiber optic,Yes,No,No internet service,Month-to-month,No,Bank transfer (automatic),24.88,1434.16,Yes
CUS-03183,Female,1,No,Yes,28,Yes,No phone service,DSL,No internet service,Yes,No,Month-to-month,No,Credit card (automatic),31.55,899.78,No
CUS-03184,Female,0,Yes,Yes,27,Yes,Yes,DSL,No,Yes,No,Two year,Yes,Credit card (automatic),22.31,621.97,No
CUS-03185,Female,0,Yes,No,70,Yes,Yes,Fiber optic,No,No,No,Two year,No,Electronic check,95.7,6508.92,No
CUS-03186,Male,0,No,Yes,37,Yes,No phone service,DSL,Yes,No,No,Month-to-month,Yes,Electronic check,74.15,2714.73,No
CUS-03187,Female,0,No,No,6,Yes,Yes,Fiber optic,Yes,No internet service,No,One year,Yes,Electronic check,65.41,397.7,Yes
CUS-03188,Female,0,No,No,62,Yes,No,Fiber optic,No,No,No,One year,No,Credit card (automatic),105.33,6752.14,No
CUS-03189,Female,0,Yes,Yes,33,Yes,No,Fiber optic,Yes,No internet service,Yes,Month-to-month,Yes,Credit card (automatic),25.97,842.96,Yes
CUS-03190,Female,0,Yes,No,40,No,No,DSL,No,No,Yes,One year,Yes,Credit card (automatic),21.72,879.34,No
CUS-03191,Female,0,No,No,41,No,No,Fiber optic,No,No,No internet service,Two year,No,Credit card (automatic),60.41,2367.47,No
CUS-03192,Male,0,Yes,No,42,Yes,No,DSL,No,Yes,Yes,Month-to-month,Yes,Electronic check,44.4,1945.45,No
CUS-03193,Male,0,Yes,No,9,Yes,No,Fiber optic,No internet service,No,No,Month-to-month,Yes,Credit card (automatic),65.58,613.59,Yes
CUS-03194,Female,0,No,Yes,18,Yes,Yes,DSL,Yes,No,No internet service,One year,No,Mailed check,108.34,2032.44,Yes
CUS-03195,Female,0,No,No,15,Yes,No,Fiber optic,Yes,No,No internet service,One year,No,Credit card (automatic),62.63,983.44,No
CUS-03196,Female,0,No,No,4,Yes,No,Fiber optic,No,No,Yes,Two year,Yes,Bank transfer (automatic),35.12,145.34,Yes
CUS-03197,Male,0,No,Yes,34,Yes,Yes,Fiber optic,No internet service,Yes,No internet service,Month-to-month,Yes,Credit card (automatic),97.78,3228.42,Yes
CUS-03198,Male,0,Yes,No,62,Yes,Yes,Fiber optic,No,No,No,Two year,Yes,Mailed check,56.88,3555.21,No
CUS-03199,Female,1,Yes,No,38,Yes,Yes,Fiber optic,No internet service,Yes,Yes,Two year,No,Credit card (automatic),93.5,3439.22,No
CUS-03200,Male,1,Yes,No,71,Yes,No,DSL,No,No,No,Month-to-month,Yes,Electronic check,32.14,2172.52,Yes
CUS-03201,Male,0,No,No,23,Yes,Yes,Fiber optic,Yes,No,No internet service,Month-to-month,Yes,Bank transfer (automatic),51.72,1147.13,Yes
CUS-03202,Female,0,No,Yes,20,Yes,No,No,No,No,Yes,One year,Yes,Credit card (automatic),20.26,419.05,No
CUS-03203,Male,0,Yes,Yes,56,Yes,Yes,DSL,Yes,No,No internet service,Month-to-month,No,Bank transfer (automatic),41.54,2382.93,No
CUS-03204,Male,0,No,Yes,53,Yes,Yes,DSL,No,No,Yes,Two year,No,Electronic check,82.7,4497.0,No
CUS-03205,Female,0,Yes,No,2,Yes,Yes,DSL,Yes,No,No,Month-to-month,Yes,Mailed check,47.31,93.73,Yes
CUS-03206,Male,0,No,Yes,21,Yes,No,Fiber optic,Yes,No,Yes,One year,No,Mailed check,31.92,638.6,No
CUS-03207,Male,1,No,No,42,Yes,Yes,DSL,No internet service,No,No,Month-to-month,Yes,Electronic check,23.62,973.96,No
CUS-03208,Female,0,Yes,No,57,Yes,Yes,No,Yes,No internet service,Yes,Month-to-month,No,Bank transfer (automatic),78.28,4441.96,No
CUS-03209,Male,0,Yes,Yes,49,Yes,No phone service,Fiber optic,Yes,No,Yes,One year,No,Electronic check,25.71,1241.91,Yes
CUS-03210,Male,0,Yes,No,10,Yes,No,DSL,No internet service,No,Yes,Month-to-month,No,Credit card (automatic),97.88,978.93,Yes
CUS-03211,Female,0,Yes,No,61,Yes,No,No,No,No internet service,No internet service,Month-to-month,No,Electronic check,53.72,3313.72,Yes
CUS-03212,Female,0,Yes,Yes,21,Yes,No,DSL,No,Yes,Yes,Two year,Yes,Mailed check,48.49,979.4,No
CUS-03213,Female,0,No,Yes,60,Yes,No,DSL,No internet service,No,No,Month-to-month,Yes,Bank transfer (automatic),80.48,5025.75,Yes
CUS-03214,Male,0,Yes,Yes,13,Yes,No,DSL,No,No,No,Month-to-month,No,Credit card (automatic),73.66,963.33,Yes
CUS-03215,Female,0,No,Yes,48,Yes,No phone service,DSL,Yes,No internet service,Yes,One year,Yes,Electronic check,116.76,5804.07,No
CUS-03216,Male,1,Yes,No,40,Yes,Yes,Fiber optic,No,No,No,Month-to-month,Yes,Bank transfer (automatic),23.12,922.43,No
CUS-03217,Female,0,Yes,No,63,Yes,Yes,DSL,No,No,No,One year,Yes,Electronic check,103.14,6648.14,No
CUS-03218,Male,0,Yes,No,9,Yes,Yes,Fiber optic,No internet service,Yes,No,Month-to-month,No,Credit card (automatic),77.95,729.27,Yes
CUS-03219,Female,0,No,No,57,Yes,No phone service,Fiber optic,Yes,No internet service,No internet service,Month-to-month,No,Credit card (automatic),106.26,6118.05,No
CUS-03220,Female,0,Yes,Yes,51,Yes,No,DSL,Yes,No,Yes,Month-to-month,Yes,Credit card (automatic),87.39,4416.22,Yes
CUS-03221,Female,0,No,No,40,Yes,No,Fiber optic,No,Yes,No internet service,Month-to-month,Yes,Credit card (automatic),94.23,3797.78,No
CUS-03222,Female,1,No,Yes,64,No,No,Fiber optic,No,No,No internet service,Two year,Yes,Mailed check,96.67,5980.79,Yes
CUS-03223,Male,0,No,Yes,70,Yes,No,No,Yes,Yes,Yes,One year,Yes,Bank transfer (automatic),19.52,1394.06,No
CUS-03224,Female,1,No,No,64,Yes,No phone service,DSL,No internet service,Yes,No,Month-to-month,No,Electronic check,101.83,6215.65,Yes
CUS-03225,Female,0,Yes,No,25,Yes,No,DSL,No internet service,No,No,One year,Yes,Credit card (automatic),85.94,2138.29,No
CUS-03226,Male,0,No,No,28,Yes,No,No,No,No,No,Two year,Yes,Mailed check,112.74,3171.23,Yes
CUS-03227,Female,1,No,No,10,No,Yes,DSL,No internet service,No internet service,No,Month-to-month,Yes,Mailed check,31.32,310.15,Yes
CUS-03228,Male,0,No,No,28,Yes,No,DSL,No,No,Yes,Month-to-month,Yes,Electronic check,110.16,3079.19,Yes
CUS-03229,Female,0,Yes,No,36,Yes,No,Fiber optic,No internet service,No internet service,No,Month-to-month,Yes,Credit card (automatic),103.45,3603.43,No
CUS-03230,Female,0,No,No,11,Yes,No,DSL,No,No internet service,Yes,Month-to-month,No,Mailed check,40.63,428.08,No
CUS-03231,Female,0,Yes,No,21,Yes,No,Fiber optic,Yes,No,No,Two year,No,Bank transfer (automatic),30.41,634.98,No
CUS-03232,Male,0,Yes,No,26,Yes,Yes,No,No,No internet service,No internet service,One year,Yes,Bank transfer (automatic),80.86,2193.55,No
CUS-03233,Female,1,No,Yes,18,Yes,Yes,Fiber optic,No,No internet service,Yes,Month-to-month,Yes,Electronic check,85.6,1491.46,Yes
CUS-03234,Female,0,No,No,68,Yes,Yes,Fiber optic,No internet service,No internet service,No,Two year,Yes,Credit card (automatic),89.09,5926.76,No
CUS-03235,Female,0,No,No,41,Yes,No,DSL,No internet service,Yes,No,One year,No,Credit card (automatic),102.56,4364.35,Yes
CUS-03236,Male,1,No,No,15,Yes,No,No,No,No internet service,Yes,Two year,No,Mailed check,73.67,1079.36,No
CUS-03237,Male,0,Yes,No,23,Yes,No phone service,Fiber optic,No,Yes,No,Month-to-month,Yes,Credit card (automatic),46.4,1055.0,No
CUS-03238,Female,0,Yes,No,41,Yes,No,DSL,Yes,No,Yes,One year,Yes,Electronic check,103.71,4082.78,Yes
CUS-03239,Male,0,No,Yes,6,Yes,Yes,DSL,No,No,No,Month-to-month,Yes,Mailed check,61.34,351.35,No
CUS-03240,Female,0,Yes,Yes,71,Yes,Yes,No,No,No internet service,No,Month-to-month,Yes,Electronic check,61.46,4433.66,Yes
CUS-03241,Female,0,No,No,60,Yes,No,Fiber optic,Yes,No,No,Month-to-month,Yes,Mailed check,67.25,3893.31,Yes
CUS-03242,Female,1,Yes,No,52,Yes,No,Fiber optic,No internet service,No,Yes,Two year,No,Credit card (automatic),101.56,5312.05,No
CUS-03243,Female,0,Yes,No,9,Yes,No,Fiber optic,No,No,Yes,Month-to-month,No,Mailed check,115.08,1028.49,No
CUS-03244,Female,0,No,No,30,Yes,No,DSL,No internet service,Yes,No,Month-to-month,No,Mailed check,35.11,1010.57,Yes
CUS-03245,Female,0,Yes,No,44,Yes,Yes,Fiber optic,No,No,Yes,Month-to-month,No,Bank transfer (automatic),30.21,1319.79,Yes
CUS-03246,Female,0,No,Yes,62,Yes,Yes,No,No internet service,No,Yes,Two year,Yes,Electronic check,46.78,2827.33,No
CUS-03247,Male,0,Yes,No,43,Yes,Yes,Fiber optic,Yes,No,No internet service,One year,No,Mailed check,108.42,4829.18,No
CUS-03248,Male,0,Yes,No,28,Yes,Yes,Fiber optic,No,Yes,Yes,Two year,No,Mailed check,70.81,1935.67,Yes
CUS-03249,Male,0,No,No,8,Yes,No,DSL,Yes,Yes,No,One year,Yes,Mailed check,18.57,151.51,No
CUS-03250,Male,0,Yes,No,51,No,No,DSL,Yes,Yes,No,Two year,No,Bank transfer (automatic),76.19,3957.44,No
CUS-03251,Male,0,No,No,30,Yes,No phone service,DSL,No,No internet service,Yes,Month-to-month,Yes,Electronic check,72.9,2119.9,No
CUS-03252,Male,0,Yes,No,11,Yes,No,DSL,No,No,Yes,Month-to-month,No,Mailed check,25.98,287.37,Yes
CUS-03253,Male,0,Yes,No,20,Yes,No,Fiber optic,No internet service,No,No,Month-to-month,Yes,Bank transfer (automatic),32.9,680.46,No
CUS-03254,Female,0,No,No,31,Yes,No,Fiber optic,No,No,Yes,Month-to-month,Yes,Electronic check,27.3,812.48,No
CUS-03255,Female,0,No,No,34,Yes,No,DSL,No,No,Yes,Month-to-month,Yes,Bank transfer (automatic),70.12,2410.43,Yes
CUS-03256,Female,0,Yes,No,12,Yes,Yes,No,No internet service,Yes,Yes,Two year,Yes,Credit card (automatic),71.1,825.01,No
CUS-03257,Female,0,No,Yes,48,Yes,No phone service,Fiber optic,No,Yes,Yes,One year,No,Credit card (automatic),64.01,2992.84,No
CUS-03258,Male,0,No,No,28,Yes,No,No,Yes,No,No internet service,Two year,Yes,Bank transfer (automatic),63.1,1793.0,Yes
CUS-03259,Male,0,Yes,No,67,Yes,No phone service,DSL,Yes,No,Yes,Month-to-month,No,Electronic check,76.04,5165.06,No
CUS-03260,Female,0,Yes,Yes,63,Yes,No phone service,DSL,Yes,No internet service,No,Month-to-month,No,Bank transfer (automatic),84.22,5393.2,No
CUS-03261,Female,0,No,No,48,Yes,No,Fiber optic,Yes,Yes,No,Month-to-month,No,Mailed check,114.38,5513.63,No
CUS-03262,Male,0,Yes,No,42,Yes,Yes,DSL,No,No internet service,No,One year,No,Credit card (automatic),72.51,3131.88,No
CUS-03263,Female,0,Yes,Yes,52,Yes,No,DSL,No,Yes,No,Two year,No,Bank transfer (automatic),44.57,2352.04,No
CUS-03264,Female,0,No,Yes,5,Yes,No,DSL,Yes,No,No,One year,Yes,Electronic check,115.46,560.75,Yes
CUS-03265,Female,1,Yes,No,12,Yes,No,DSL,No,Yes,No internet service,Month-to-month,No,Electronic check,28.58,329.29,No
CUS-03266,Female,1,No,Yes,59,Yes,Yes,Fiber optic,No,No internet service,Yes,Month-to-month,Yes,Electronic check,49.27,2764.55,No
CUS-03267,Male,0,No,No,65,Yes,No,Fiber optic,No,No,Yes,One year,Yes,Electronic check,108.24,6688.75,Yes
CUS-03268,Female,0,No,No,52,Yes,No phone service,DSL,No internet service,No,No internet service,One year,Yes,Bank transfer (automatic),112.39,5614.21,No
CUS-03269,Female,0,No,No,43,Yes,No phone service,DSL,No internet service,No,No internet service,Month-to-month,No,Electronic check,82.5,3524.17,No
CUS-03270,Male,0,Yes,Yes,63,Yes,Yes,No,No,No,Yes,Month-to-month,Yes,Electronic check,19.46,1165.4,Yes
CUS-03271,Male,0,Yes,No,50,Yes,No,DSL,No,Yes,No internet service,Month-to-month,Yes,Bank transfer (automatic),62.26,3076.47,No
CUS-03272,Female,0,Yes,No,39,Yes,Yes,Fiber optic,No,Yes,No,Month-to-month,No,Mailed check,111.28,4460.26,Yes
CUS-03273,Male,0,No,Yes,42,Yes,No,No,No,No internet service,No,One year,Yes,Electronic check,106.97,4325.84,No
CUS-03274,Female,0,Yes,No,17,Yes,Yes,DSL,No,Yes,No internet service,One year,Yes,Electronic check,107.38,1878.02,Yes
CUS-03275,Female,1,Yes,No,43,Yes,No phone service,DSL,No,No,No,Month-to-month,Yes,Electronic check,47.39,1974.6,No
CUS-03276,Male,0,No,Yes,49,Yes,No,No,No,Yes,No internet service,One year,Yes,Bank transfer (automatic),100.48,4789.65,No
CUS-03277,Female,0,No,No,5,Yes,Yes,DSL,No internet service,Yes,No,Month-to-month,Yes,Credit card (automatic),85.23,415.24,Yes
CUS-03278,Female,0,Yes,No,1,Yes,Yes,DSL,Yes,No internet service,No internet service,One year,Yes,Mailed check,107.37,105.48,No
CUS-03279,Female,0,Yes,Yes,67,Yes,Yes,Fiber optic,No,No internet service,Yes,Month-to-month,No,Mailed check,81.79,5480.53,Yes
CUS-03280,Female,0,No,No,24,Yes,No,DSL,No,No,No,Two year,No,Credit card (automatic),55.52,1356.55,No
CUS-03281,Male,0,No,No,29,Yes,No,No,No,No,No,Month-to-month,Yes,Electronic check,81.44,2426.96,Yes
CUS-03282,Male,0,Yes,Yes,15,Yes,No,DSL,Yes,No,No,Month-to-month,Yes,Electronic check,53.78,768.11,No
CUS-03283,Female,0,Yes,Yes,4,Yes,No,Fiber optic,No,No,No internet service,Two year,No,Bank transfer (automatic),18.25,70.41,No
CUS-03284,Male,0,No,Yes,44,Yes,No,Fiber optic,No,No,Yes,Two year,Yes,Bank transfer (automatic),99.68,4494.83,Yes
CUS-03285,Female,1,No,Yes,65,Yes,No phone service,Fiber optic,No,No,No internet service,Month-to-month,No,Bank transfer (automatic),102.94,6873.39,Yes
CUS-03286,Female,0,No,Yes,31,Yes,No,Fiber optic,No,No internet service,No,Month-to-month,Yes,Credit card (automatic),92.81,3004.96,No
CUS-03287,Female,0,Yes,No,20,Yes,Yes,No,No,No,No,Month-to-month,No,Mailed check,40.75,797.98,No
CUS-03288,Female,0,Yes,Yes,10,Yes,No,No,No,No internet service,No,Two year,Yes,Mailed check,31.59,307.23,Yes
CUS-03289,Female,0,No,No,11,Yes,Yes,DSL,No,Yes,No,Month-to-month,No,Credit card (automatic),34.99,387.73,No
CUS-03290,Male,0,Yes,No,28,Yes,No phone service,Fiber optic,No internet service,Yes,No,Month-to-month,No,Credit card (automatic),68.1,1826.48,Yes
CUS-03291,Female,0,Yes,No,38,Yes,Yes,DSL,No,No,No internet service,One year,Yes,Electronic check,44.43,1726.37,Yes
CUS-03292,Male,0,Yes,No,24,Yes,Yes,Fiber optic,Yes,Yes,No internet service,One year,Yes,Mailed check,105.83,2534.38,No
CUS-03293,Male,0,No,No,39,Yes,Yes,DSL,No,No,Yes,Two year,No,Bank transfer (automatic),72.44,2884.5,No
CUS-03294,Female,0,No,Yes,51,Yes,No,Fiber optic,Yes,No,No,Month-to-month,No,Electronic check,63.02,3104.3,Yes
CUS-03295,Female,0,No,Yes,50,Yes,Yes,DSL,No,No,No internet service,Month-to-month,No,Credit card (automatic),105.16,5239.51,Yes
CUS-03296,Female,1,No,Yes,7,Yes,No phone service,Fiber optic,No,Yes,No,Month-to-month,Yes,Mailed check,26.11,179.94,Yes
CUS-03297,Female,0,No,No,68,Yes,Yes,DSL,No internet service,No internet service,No internet service,One year,No,Electronic check,105.1,7126.34,No
CUS-03298,Female,0,No,No,53,Yes,Yes,No,Yes,Yes,No internet service,Month-to-month,No,Mailed check,98.21,5235.3,Yes
CUS-03299,Male,0,Yes,No,37,Yes,Yes,Fiber optic,No,No internet service,No,Month-to-month,Yes,Mailed check,86.71,3267.5,Yes
CUS-03300,Female,1,Yes,No,54,Yes,Yes,No,Yes,Yes,No,Month-to-month,No,Mailed check,29.1,1629.04,Yes
CUS-03301,Female,0,No,No,55,Yes,Yes,Fiber optic,No internet service,No,No internet service,One year,Yes,Mailed check,23.24,1244.07,No
CUS-03302,Male,0,Yes,Yes,31,Yes,Yes,No,No,No internet service,No internet service,One year,Yes,Credit card (automatic),34.61,1065.06,No
CUS-03303,Male,0,No,No,65,Yes,Yes,Fiber optic,No,No internet service,Yes,Month-to-month,No,Electronic check,45.03,2813.71,Yes
CUS-03304,Female,0,Yes,No,59,Yes,Yes,Fiber optic,No,No internet service,No internet service,Month-to-month,Yes,Credit card (automatic),79.62,4619.69,No
CUS-03305,Male,0,Yes,Yes,47,Yes,Yes,DSL,No,No internet service,No internet service,One year,Yes,Bank transfer (automatic),26.03,1208.72,No
CUS-03306,Female,0,No,Yes,49,No,No,Fiber optic,No internet service,No,Yes,One year,No,Credit card (automatic),36.3,1768.26,Yes
CUS-03307,Male,1,No,No,18,Yes,No,DSL,No,No,Yes,Month-to-month,Yes,Electronic check,38.04,713.95,Yes
CUS-03308,Male,0,No,No,3,No,Yes,DSL,No,No,Yes,Month-to-month,Yes,Mailed check,85.07,265.67,Yes
CUS-03309,Female,1,No,No,18,Yes,Yes,Fiber optic,No,No internet service,Yes,Month-to-month,Yes,Mailed check,52.62,906.35,Yes
CUS-03310,Male,0,Yes,No,58,Yes,No,DSL,No internet service,No internet service,No internet service,Month-to-month,Yes,Electronic check,45.53,2617.99,No
CUS-03311,Male,0,Yes,No,71,Yes,Yes,Fiber optic,Yes,No internet service,Yes,Two year,Yes,Mailed check,20.91,1457.9,No
CUS-03312,Male,1,No,No,25,Yes,No,DSL,No,No,No,One year,No,Credit card (automatic),27.44,676.47,No
CUS-03313,Male,0,Yes,Yes,18,Yes,No phone service,DSL,No internet service,No,No internet service,Two year,No,Electronic check,72.97,1346.37,No
CUS-03314,Male,0,Yes,No,52,Yes,Yes,DSL,Yes,No internet service,No internet service,Two year,No,Bank transfer (automatic),81.33,4101.11,No
CUS-03315,Male,0,Yes,No,43,Yes,Yes,DSL,No,Yes,No,Month-to-month,Yes,Credit card (automatic),92.23,4067.35,Yes
CUS-03316,Female,0,Yes,Yes,67,Yes,Yes,DSL,No,Yes,No,Month-to-month,Yes,Mailed check,67.75,4728.57,No
CUS-03317,Female,0,No,No,7,No,No,Fiber optic,Yes,No internet service,Yes,Month-to-month,Yes,Electronic check,44.9,320.39,No
CUS-03318,Male,0,No,No,44,Yes,Yes,DSL,No,No,Yes,One year,Yes,Bank transfer (automatic),47.24,2060.16,No
CUS-03319,Female,0,No,No,44,Yes,No,No,No internet service,No,Yes,Month-to-month,No,Mailed check,83.08,3495.64,No
CUS-03320,Female,0,No,No,51,Yes,No phone service,No,No,No internet service,Yes,Month-to-month,Yes,Electronic check,60.64,2970.2,Yes
CUS-03321,Female,0,Yes,No,21,Yes,Yes,DSL,Yes,No internet service,No,Month-to-month,Yes,Electronic check,33.84,725.91,No
CUS-03322,Male,0,Yes,No,37,Yes,Yes,DSL,No,Yes,Yes,One year,No,Bank transfer (automatic),18.39,654.13,No
CUS-03323,Female,0,Yes,No,28,Yes,No,DSL,No internet service,Yes,No,Month-to-month,No,Bank transfer (automatic),44.0,1221.44,Yes
CUS-03324,Male,0,Yes,No,32,Yes,Yes,No,Yes,No internet service,No internet service,Month-to-month,Yes,Mailed check,93.56,3105.16,Yes
CUS-03325,Female,0,Yes,No,57,Yes,Yes,Fiber optic,Yes,No internet service,No,Two year,Yes,Credit card (automatic),84.47,4832.18,No
CUS-03326,Male,0,Yes,No,41,Yes,No,Fiber optic,No internet service,Yes,No,One year,Yes,Bank transfer (automatic),27.76,1119.58,No
CUS-03327,Male,0,No,No,54,Yes,Yes,No,No internet service,No internet service,No internet service,Month-to-month,Yes,Electronic check,62.42,3279.98,No
CUS-03328,Female,1,No,No,27,Yes,No,No,No,No,Yes,Month-to-month,Yes,Mailed check,32.46,879.93,No
CUS-03329,Female,0,No,Yes,40,Yes,Yes,No,Yes,No,No internet service,One year,No,Bank transfer (automatic),65.29,2569.85,No
CUS-03330,Male,0,No,Yes,41,Yes,No,Fiber optic,Yes,No internet service,Yes,Month-to-month,No,Bank transfer (automatic),29.07,1246.57,Yes
CUS-03331,Female,0,Yes,No,70,Yes,No,No,Yes,No,Yes,One year,Yes,Electronic check,85.94,5723.14,No
CUS-03332,Female,0,Yes,No,24,Yes,Yes,No,No,Yes,Yes,Month-to-month,No,Bank transfer (automatic),76.4,1915.24,Yes
CUS-03333,Female,0,Yes,No,18,Yes,Yes,Fiber optic,No,Yes,Yes,Two year,Yes,Electronic check,43.9,767.39,No
CUS-03334,Male,0,Yes,No,56,Yes,Yes,No,Yes,No,Yes,Two year,No,Mailed check,117.24,6614.17,No
CUS-03335,Male,0,Yes,No,15,Yes,No,Fiber optic,No,No internet service,No internet service,Two year,No,Bank transfer (automatic),76.86,1125.66,No
CUS-03336,Female,1,Yes,No,35,Yes,No,Fiber optic,No internet service,Yes,No,Month-to-month,Yes,Bank transfer (automatic),44.87,1620.31,Yes
CUS-03337,Female,0,No,No,27,Yes,Yes,Fiber optic,No internet service,No,No,Month-to-month,Yes,Bank transfer (automatic),53.77,1480.69,No
CUS-03338,Female,0,No,No,3,Yes,No,Fiber optic,No,No,No,Month-to-month,No,Mailed check,109.62,320.12,Yes
CUS-03339,Male,0,No,No,21,Yes,No,Fiber optic,Yes,Yes,No internet service,Month-to-month,No,Bank transfer (automatic),38.32,809.94,Yes
CUS-03340,Male,1,Yes,No,39,Yes,No phone service,No,No internet service,No,Yes,Two year,Yes,Electronic check,38.38,1557.98,No
CUS-03341,Female,0,No,No,32,Yes,Yes,DSL,No,Yes,No,Month-to-month,Yes,Electronic check,75.06,2335.63,Yes
CUS-03342,Female,0,No,No,50,Yes,No,No,No,Yes,No internet service,Two year,Yes,Credit card (automatic),51.21,2640.86,No
CUS-03343,Female,0,No,No,9,Yes,No,DSL,No internet service,No internet service,No,Two year,Yes,Electronic check,48.42,448.55,No
CUS-03344,Female,0,Yes,Yes,50,Yes,No,DSL,Yes,No,No,Two year,Yes,Bank transfer (automatic),59.03,2916.92,No
CUS-03345,Female,0,No,Yes,1,Yes,Yes,No,No,No,No internet service,Two year,No,Credit card (automatic),101.11,96.44,No
CUS-03346,Female,0,No,No,4,Yes,Yes,DSL,No internet service,No internet service,No,Month-to-month,Yes,Credit card (automatic),102.1,394.8,Yes
CUS-03347,Male,0,Yes,Yes,4,Yes,No,No,Yes,No,No internet service,Month-to-month,Yes,Credit card (automatic),84.59,337.48,Yes
CUS-03348,Female,0,Yes,No,34,Yes,No,DSL,No,No,Yes,One year,Yes,Credit card (automatic),75.73,2567.25,No
CUS-03349,Male,0,Yes,Yes,27,Yes,Yes,No,No internet service,No,No internet service,One year,Yes,Mailed check,19.56,507.3,Yes
CUS-03350,Female,0,No,No,15,Yes,No,DSL,Yes,No,No,Month-to-month,No,Electronic check,74.51,1093.82,Yes
CUS-03351,Female,0,No,Yes,32,Yes,Yes,DSL,No,No,Yes,One year,No,Electronic check,113.41,3584.79,Yes
CUS-03352,Male,0,Yes,Yes,41,Yes,Yes,No,No,No,No internet service,Month-to-month,Yes,Electronic check,101.73,4303.01,No
CUS-03353,Male,0,Yes,Yes,71,Yes,Yes,DSL,No,No internet service,No internet service,One year,Yes,Bank transfer (automatic),32.44,2394.98,No
CUS-03354,Male,0,No,No,61,Yes,Yes,No,No,Yes,Yes,Two year,No,Electronic check,115.4,7112.29,No
CUS-03355,Male,0,Yes,No,63,Yes,No,No,Yes,Yes,No internet service,Month-to-month,No,Mailed check,39.66,2442.04,Yes
CUS-03356,Female,0,Yes,No,61,Yes,Yes,DSL,Yes,Yes,Yes,Two year,Yes,Bank transfer (automatic),30.38,1887.59,No
CUS-03357,Male,0,Yes,No,14,Yes,Yes,Fiber optic,No internet service,No,Yes,One year,Yes,Electronic check,46.89,685.65,No
CUS-03358,Female,0,No,No,23,Yes,No phone service,DSL,No internet service,No internet service,Yes,Month-to-month,No,Electronic check,32.11,709.73,No
CUS-03359,Male,0,No,No,65,Yes,Yes,DSL,No,No internet service,No internet service,Month-to-month,Yes,Credit card (automatic),40.47,2572.89,Yes
CUS-03360,Female,0,Yes,No,32,Yes,No,Fiber optic,No,Yes,No,Two year,Yes,Bank transfer (automatic),48.88,1571.48,No
CUS-03361,Female,0,No,Yes,41,Yes,No,Fiber optic,No,No internet service,Yes,Month-to-month,Yes,Mailed check,77.08,3110.05,Yes
CUS-03362,Female,1,No,Yes,26,Yes,Yes,No,No,No internet service,No,Two year,Yes,Bank transfer (automatic),79.38,2139.09,No
CUS-03363,Female,0,Yes,No,48,Yes,Yes,DSL,No,No,Yes,Two year,No,Electronic check,71.44,3347.31,No
CUS-03364,Female,1,No,Yes,16,Yes,No,DSL,Yes,No,No,Month-to-month,No,Mailed check,47.82,794.42,Yes
CUS-03365,Female,0,Yes,No,31,Yes,No,Fiber optic,No internet service,No internet service,No,Month-to-month,Yes,Electronic check,113.34,3630.39,Yes
CUS-03366,Male,1,No,No,66,Yes,No,DSL,No,No internet service,Yes,One year,No,Electronic check,47.68,3042.43,Yes
CUS-03367,Female,0,Yes,No,32,Yes,No,Fiber optic,No internet service,No internet service,No internet service,One year,Yes,Electronic check,58.1,1783.72,No
CUS-03368,Male,0,No,Yes,10,Yes,No phone service,Fiber optic,No,Yes,No,Month-to-month,Yes,Mailed check,60.23,612.96,No
CUS-03369,Male,0,Yes,No,25,Yes,Yes,No,No,No,No,Month-to-month,Yes,Mailed check,20.24,500.9,Yes
CUS-03370,Female,0,No,No,45,Yes,No,Fiber optic,No internet service,No internet service,No,One year,No,Mailed check,60.88,2666.26,No
CUS-03371,Male,0,Yes,No,24,Yes,Yes,Fiber optic,No,Yes,No,Two year,Yes,Mailed check,51.83,1295.54,No
CUS-03372,Female,0,No,No,3,Yes,Yes,Fiber optic,No,Yes,No,Month-to-month,No,Electronic check,25.07,72.12,No
CUS-03373,Male,0,Yes,Yes,62,Yes,Yes,No,No,No internet service,Yes,One year,Yes,Mailed check,99.11,6348.23,No
CUS-03374,Female,0,No,No,67,No,No,No,No,No,Yes,Two year,No,Credit card (automatic),89.17,6011.0,No
CUS-03375,Male,0,No,No,55,Yes,No,DSL,No,No,No,Month-to-month,No,Credit card (automatic),46.35,2452.88,Yes
CUS-03376,Female,0,Yes,Yes,10,Yes,Yes,Fiber optic,No,No,No,Month-to-month,No,Electronic check,44.06,435.1,No
CUS-03377,Female,0,No,Yes,55,Yes,Yes,Fiber optic,No,Yes,No internet service,Two year,Yes,Credit card (automatic),108.47,5986.35,No
CUS-03378,Female,0,Yes,No,22,Yes,Yes,Fiber optic,No,No internet service,No,Month-to-month,No,Mailed check,36.91,785.41,Yes
CUS-03379,Female,0,No,No,14,Yes,Yes,DSL,Yes,No internet service,No internet service,Month-to-month,Yes,Bank transfer (automatic),105.37,1420.26,No
CUS-03380,Male,1,No,No,8,Yes,No,Fiber optic,No internet service,Yes,No,One year,No,Credit card (automatic),25.78,201.56,No
CUS-03381,Female,0,Yes,Yes,15,Yes,No,DSL,No,Yes,No,Month-to-month,No,Mailed check,101.95,1538.59,Yes
CUS-03382,Male,0,No,No,15,Yes,No,DSL,No,No,Yes,One year,Yes,Electronic check,72.16,1111.84,No
CUS-03383,Male,0,Yes,No,52,Yes,No,DSL,Yes,No,No,Month-to-month,Yes,Electronic check,95.59,5200.17,No
CUS-03384,Male,0,Yes,No,70,Yes,No,DSL,No,Yes,No,One year,Yes,Credit card (automatic),27.29,1843.13,No
CUS-03385,Female,0,No,No,54,Yes,Yes,DSL,Yes,No internet service,No,Month-to-month,Yes,Credit card (automatic),60.0,3080.77,No
CUS-03386,Male,0,No,No,42,Yes,No,Fiber optic,No,No internet service,Yes,Two year,No,Electronic check,63.03,2774.83,Yes
CUS-03387,Male,0,Yes,Yes,19,Yes,No,No,Yes,No internet service,Yes,One year,No,Bank transfer (automatic),69.53,1273.13,No
CUS-03388,Male,1,Yes,No,40,Yes,No phone service,Fiber optic,No,No internet service,Yes,One year,No,Electronic check,80.78,3312.62,No
CUS-03389,Female,0,No,No,69,Yes,No phone service,DSL,No,No,Yes,Month-to-month,Yes,Credit card (automatic),56.94,4036.36,No
CUS-03390,Female,0,Yes,No,27,Yes,No phone service,No,No,No,Yes,Two year,No,Credit card (automatic),62.74,1623.58,No
CUS-03391,Male,1,No,No,43,Yes,Yes,DSL,Yes,No internet service,No internet service,Month-to-month,Yes,Bank transfer (automatic),55.03,2439.95,Yes
CUS-03392,Female,0,No,No,52,Yes,Yes,DSL,Yes,No,No internet service,Month-to-month,Yes,Credit card (automatic),87.87,4454.8,No
CUS-03393,Female,0,Yes,No,46,Yes,No,Fiber optic,Yes,No,No internet service,Month-to-month,No,Bank transfer (automatic),108.84,5153.51,Yes
CUS-03394,Male,0,Yes,No,14,Yes,No,Fiber optic,No,No internet service,No,Two year,Yes,Electronic check,29.43,404.54,No
CUS-03395,Male,0,No,Yes,64,Yes,No,No,Yes,Yes,No,One year,No,Credit card (automatic),46.75,3066.96,No
CUS-03396,Female,0,Yes,No,61,Yes,Yes,No,Yes,No internet service,No internet service,Two year,No,Electronic check,39.97,2521.08,No
CUS-03397,Male,0,No,Yes,58,Yes,No,Fiber optic,No,Yes,No,Month-to-month,No,Electronic check,111.94,6170.76,Yes
CUS-03398,Female,0,No,No,49,Yes,No,Fiber optic,No,No,Yes,One year,Yes,Mailed check,77.45,3803.87,No
CUS-03399,Female,1,No,Yes,29,No,No,DSL,No,Yes,No,Month-to-month,Yes,Mailed check,32.29,921.61,Yes
CUS-03400,Female,0,Yes,No,26,Yes,No,Fiber optic,No internet service,No internet service,No,One year,No,Electronic check,57.79,1554.21,No
CUS-03401,Female,1,Yes,No,27,Yes,Yes,No,No,No internet service,No,Month-to-month,Yes,Bank transfer (automatic),65.37,1761.95,Yes
CUS-03402,Female,1,No,No,67,Yes,No,Fiber optic,No,No,Yes,One year,No,Electronic check,80.3,5316.78,Yes
CUS-03403,Female,0,No,Yes,67,Yes,No,DSL,No,No internet service,No internet service,Two year,No,Bank transfer (automatic),39.53,2555.21,No
CUS-03404,Male,0,No,No,35,Yes,No,DSL,No,No,No,One year,No,Mailed check,68.2,2335.23,No
CUS-03405,Male,0,Yes,No,60,Yes,Yes,Fiber optic,No,Yes,Yes,Two year,Yes,Credit card (automatic),98.15,6179.93,No
CUS-03406,Female,0,No,Yes,61,Yes,No,Fiber optic,No internet service,Yes,No,Two year,No,Electronic check,84.0,5306.76,No
CUS-03407,Female,0,Yes,No,70,Yes,No,Fiber optic,No,No,No internet service,Two year,No,Credit card (automatic),28.42,1950.91,Yes
CUS-03408,Female,1,No,No,3,Yes,No,Fiber optic,No,No,Yes,One year,No,Electronic check,109.23,331.56,Yes
CUS-03409,Male,0,No,No,33,No,No,Fiber optic,No,No internet service,Yes,Month-to-month,No,Bank transfer (automatic),51.86,1796.59,No
CUS-03410,Female,0,No,No,42,Yes,Yes,Fiber optic,No,Yes,No,Month-to-month,No,Mailed check,60.45,2586.93,Yes
CUS-03411,Male,0,Yes,No,13,Yes,No,No,No,Yes,No internet service,Two year,Yes,Mailed check,87.24,1115.85,No
CUS-03412,Female,0,No,No,29,Yes,Yes,No,Yes,Yes,No internet service,Month-to-month,No,Electronic check,64.13,1774.32,No
CUS-03413,Female,0,Yes,No,9,Yes,No,DSL,No internet service,No,Yes,Month-to-month,Yes,Mailed check,76.8,711.89,No
CUS-03414,Male,0,No,Yes,32,Yes,Yes,Fiber optic,No,Yes,No,Month-to-month,Yes,Electronic check,65.77,2059.5,Yes
CUS-03415,Male,0,Yes,Yes,22,Yes,Yes,Fiber optic,No,Yes,Yes,One year,No,Electronic check,48.78,1034.92,No
CUS-03416,Female,0,Yes,No,58,Yes,No,DSL,No internet service,No,No,One year,No,Bank transfer (automatic),62.09,3462.69,No
CUS-03417,Female,0,Yes,No,57,Yes,Yes,No,No internet service,No internet service,No,One year,Yes,Bank transfer (automatic),49.16,2692.04,No
CUS-03418,Female,0,No,Yes,10,Yes,No phone service,DSL,No,Yes,No,One year,Yes,Mailed check,62.86,604.33,No
CUS-03419,Male,0,No,No,25,Yes,Yes,No,No,No internet service,Yes,Two year,No,Mailed check,38.25,957.77,No
CUS-03420,Male,0,No,No,62,Yes,No phone service,DSL,No,No,Yes,Two year,Yes,Electronic check,24.07,1531.67,No
CUS-03421,Male,0,No,Yes,63,Yes,No,Fiber optic,No,No,Yes,Two year,No,Electronic check,87.88,5753.86,No
CUS-03422,Male,0,No,Yes,3,Yes,No,DSL,Yes,No internet service,No internet service,Month-to-month,No,Mailed check,30.59,93.48,No
CUS-03423,Male,0,Yes,No,47,Yes,Yes,Fiber optic,No internet service,No,Yes,Month-to-month,No,Mailed check,100.23,4520.34,Yes
CUS-03424,Male,1,No,No,55,Yes,Yes,DSL,No,No internet service,Yes,One year,Yes,Mailed check,54.39,3125.2,Yes
CUS-03425,Female,0,No,No,26,Yes,Yes,DSL,No,Yes,No internet service,Month-to-month,Yes,Credit card (automatic),42.89,1060.02,Yes
CUS-03426,Female,0,Yes,No,13,Yes,No,No,No,No,Yes,Two year,Yes,Electronic check,58.98,786.09,No
CUS-03427,Male,1,Yes,No,7,Yes,No,DSL,No,Yes,Yes,One year,Yes,Credit card (automatic),32.96,241.85,No
CUS-03428,Female,0,Yes,No,34,Yes,No,Fiber optic,No internet service,No,No,Two year,Yes,Credit card (automatic),102.9,3636.57,No
CUS-03429,Female,0,Yes,Yes,22,Yes,No,Fiber optic,No,No,Yes,Month-to-month,Yes,Credit card (automatic),34.67,779.22,Yes
CUS-03430,Male,1,Yes,No,23,Yes,No,DSL,No,No internet service,No,One year,No,Bank transfer (automatic),67.38,1553.6,No
CUS-03431,Female,0,Yes,No,48,Yes,Yes,DSL,No internet service,No,Yes,Month-to-month,No,Credit card (automatic),34.2,1723.6,No
CUS-03432,Male,0,No,No,14,Yes,Yes,DSL,No internet service,No,Yes,Month-to-month,Yes,Credit card (automatic),22.57,319.94,No
CUS-03433,Male,1,Yes,No,52,Yes,No,Fiber optic,No,No internet service,No internet service,Two year,Yes,Mailed check,97.77,5252.12,No
CUS-03434,Female,0,Yes,Yes,39,Yes,Yes,No,No internet service,No,Yes,Month-to-month,No,Credit card (automatic),73.74,2784.3,No
CUS-03435,Male,0,No,No,41,Yes,No,No,Yes,No,No,Month-to-month,No,Credit card (automatic),25.81,1073.02,No
CUS-03436,Male,0,No,No,36,Yes,Yes,No,Yes,No internet service,No internet service,Month-to-month,Yes,Electronic check,107.29,3674.47,No
CUS-03437,Male,0,Yes,No,6,Yes,Yes,Fiber optic,Yes,No internet service,No internet service,Month-to-month,No,Mailed check,57.26,354.15,No
CUS-03438,Male,0,No,Yes,23,Yes,No,No,Yes,No internet service,No,Month-to-month,Yes,Bank transfer (automatic),60.61,1381.87,No
CUS-03439,Male,0,Yes,No,10,Yes,No,DSL,Yes,No,No internet service,Month-to-month,Yes,Mailed check,67.49,658.56,Yes
CUS-03440,Male,1,Yes,No,60,Yes,No,Fiber optic,Yes,No,No,Month-to-month,No,Electronic check,40.46,2369.07,No
CUS-03441,Male,1,Yes,Yes,30,Yes,No,Fiber optic,No internet service,Yes,No,One year,Yes,Mailed check,73.08,2297.59,No
CUS-03442,Male,1,No,Yes,70,Yes,Yes,DSL,Yes,No internet service,No,Two year,No,Mailed check,43.0,3120.2,No
CUS-03443,Female,0,No,No,5,Yes,Yes,No,No,No internet service,Yes,Month-to-month,Yes,Electronic check,101.6,522.67,Yes
CUS-03444,Female,0,No,Yes,57,Yes,No,DSL,No internet service,Yes,No,Month-to-month,Yes,Mailed check,100.62,5738.36,No
CUS-03445,Female,1,No,No,43,Yes,No,Fiber optic,Yes,Yes,No,Month-to-month,Yes,Bank transfer (automatic),65.71,2797.02,No
CUS-03446,Male,1,No,No,52,Yes,Yes,Fiber optic,No,Yes,Yes,Month-to-month,Yes,Bank transfer (automatic),71.18,3735.02,Yes
CUS-03447,Male,0,No,No,6,Yes,No,DSL,Yes,No,No,Month-to-month,Yes,Mailed check,117.29,706.93,Yes
CUS-03448,Female,0,No,No,2,Yes,No,DSL,Yes,Yes,Yes,Month-to-month,Yes,Electronic check,97.54,202.63,Yes
CUS-03449,Female,0,Yes,No,17,Yes,Yes,Fiber optic,No internet service,No,No internet service,Month-to-month,No,Credit card (automatic),24.29,432.47,Yes
CUS-03450,Female,0,Yes,No,12,Yes,No,No,No internet service,No,Yes,Month-to-month,Yes,Mailed check,35.26,441.36,No
CUS-03451,Male,0,No,Yes,44,Yes,No,Fiber optic,No internet service,No internet service,Yes,One year,Yes,Credit card (automatic),77.61,3506.37,No
CUS-03452,Female,1,No,Yes,54,Yes,Yes,Fiber optic,No internet service,No,No,Month-to-month,No,Electronic check,55.17,2951.01,No
CUS-03453,Female,0,No,Yes,7,Yes,No,DSL,Yes,No,Yes,Month-to-month,No,Electronic check,98.39,706.73,No
CUS-03454,Male,0,Yes,No,32,Yes,No,Fiber optic,No internet service,No,No internet service,Two year,Yes,Electronic check,82.11,2701.06,Yes
CUS-03455,Female,0,No,No,29,Yes,No phone service,DSL,No,Yes,No internet service,One year,Yes,Electronic check,117.07,3282.99,No
CUS-03456,Male,0,No,Yes,46,Yes,No,Fiber optic,No internet service,No,Yes,Month-to-month,Yes,Mailed check,19.29,915.64,No
CUS-03457,Male,0,Yes,No,53,Yes,Yes,DSL,Yes,No,Yes,Month-to-month,Yes,Electronic check,61.84,3412.62,Yes
CUS-03458,Male,0,No,No,25,Yes,Yes,Fiber optic,No,No internet service,Yes,Month-to-month,Yes,Electronic check,58.75,1505.66,No
CUS-03459,Female,0,No,No,53,Yes,No,Fiber optic,No,Yes,No,Two year,No,Electronic check,61.42,3314.17,No
CUS-03460,Female,0,No,Yes,29,Yes,No,Fiber optic,Yes,No internet service,No internet service,Two year,No,Bank transfer (automatic),106.52,3001.84,No
CUS-03461,Male,0,No,No,6,Yes,Yes,Fiber optic,No,Yes,No,Month-to-month,No,Bank transfer (automatic),58.6,356.44,Yes
CUS-03462,Female,0,Yes,No,38,Yes,Yes,Fiber optic,Yes,No internet service,Yes,Month-to-month,Yes,Electronic check,97.63,3758.52,Yes
CUS-03463,Female,0,Yes,Yes,3,Yes,No,DSL,No,No,Yes,Two year,Yes,Credit card (automatic),81.26,240.74,No
CUS-03464,Female,1,No,No,35,Yes,No,Fiber optic,No,Yes,Yes,Month-to-month,Yes,Electronic check,66.77,2246.47,No
CUS-03465,Female,0,No,Yes,55,Yes,Yes,Fiber optic,Yes,No,No internet service,Month-to-month,No,Electronic check,87.28,4768.69,Yes
CUS-03466,Male,0,No,No,47,Yes,No,Fiber optic,Yes,No internet service,Yes,Month-to-month,No,Electronic check,40.91,2003.67,No
CUS-03467,Female,0,Yes,No,33,Yes,Yes,DSL,No internet service,Yes,Yes,One year,Yes,Electronic check,32.23,1093.51,No
CUS-03468,Male,1,Yes,No,3,Yes,Yes,DSL,No internet service,Yes,No internet service,Month-to-month,Yes,Bank transfer (automatic),114.72,339.14,Yes
CUS-03469,Male,0,Yes,Yes,69,Yes,Yes,No,No,No internet service,No,Month-to-month,Yes,Electronic check,57.15,3823.49,No
CUS-03470,Female,0,Yes,No,59,Yes,No,Fiber optic,No internet service,No,No,Two year,No,Bank transfer (automatic),48.37,2842.58,No
CUS-03471,Male,0,No,Yes,18,Yes,No,DSL,Yes,No internet service,No,One year,Yes,Electronic check,44.53,822.22,No
CUS-03472,Female,0,No,No,66,No,No,DSL,Yes,Yes,No,Two year,Yes,Electronic check,80.23,5393.27,Yes
CUS-03473,Female,1,Yes,No,25,No,Yes,DSL,Yes,No internet service,No,Month-to-month,No,Credit card (automatic),117.64,3053.67,Yes
CUS-03474,Male,0,Yes,No,20,Yes,No,DSL,No,No,No,Two year,No,Electronic check,107.49,2109.28,No
CUS-03475,Male,0,Yes,No,71,Yes,Yes,Fiber optic,No,No internet service,Yes,Month-to-month,Yes,Credit card (automatic),58.05,4119.26,No
CUS-03476,Male,0,Yes,Yes,69,Yes,No,Fiber optic,Yes,Yes,No internet service,Month-to-month,No,Electronic check,107.53,7239.47,No
CUS-03477,Male,0,No,No,29,Yes,No,No,Yes,No internet service,Yes,Month-to-month,Yes,Credit card (automatic),63.71,1898.09,No
CUS-03478,Female,0,No,Yes,18,Yes,Yes,No,No internet service,No,No,Month-to-month,Yes,Credit card (automatic),28.93,516.58,No
CUS-03479,Female,0,No,Yes,27,Yes,Yes,Fiber optic,No,No,No,Two year,Yes,Credit card (automatic),36.79,986.21,No
CUS-03480,Female,0,Yes,No,42,Yes,No,No,No internet service,Yes,No,Month-to-month,No,Credit card (automatic),42.3,1832.51,No
CUS-03481,Male,0,No,No,66,Yes,No,Fiber optic,Yes,No,No,Two year,No,Credit card (automatic),109.77,7411.36,No
CUS-03482,Male,0,Yes,Yes,26,No,Yes,Fiber optic,No,No,No,One year,Yes,Bank transfer (automatic),115.9,3004.9,Yes
CUS-03483,Male,0,No,No,23,Yes,No,DSL,No internet service,No,No internet service,Month-to-month,No,Credit card (automatic),40.71,924.77,No
CUS-03484,Female,0,No,Yes,5,Yes,Yes,DSL,No internet service,No,Yes,Month-to-month,No,Bank transfer (automatic),58.31,297.04,Yes
CUS-03485,Male,0,No,Yes,11,Yes,Yes,DSL,No,No,No,Month-to-month,No,Credit card (automatic),116.15,1334.17,No
CUS-03486,Female,0,Yes,Yes,19,Yes,No,DSL,Yes,Yes,No,One year,Yes,Credit card (automatic),102.72,1936.96,No
CUS-03487,Male,0,Yes,No,12,Yes,No,Fiber optic,Yes,No internet service,No,One year,No,Bank transfer (automatic),62.28,712.9,No
CUS-03488,Female,0,No,No,2,Yes,Yes,DSL,No,No internet service,No internet service,Month-to-month,Yes,Credit card (automatic),63.26,131.31,No
CUS-03489,Female,0,Yes,No,43,Yes,Yes,DSL,No,Yes,No,Month-to-month,Yes,Mailed check,105.86,4400.13,Yes
CUS-03490,Male,0,Yes,Yes,22,Yes,No,No,No,No,No,Month-to-month,No,Credit card (automatic),20.93,478.95,No
CUS-03491,Male,0,No,No,26,Yes,No,Fiber optic,Yes,Yes,No internet service,One year,No,Electronic check,111.07,2982.99,No
CUS-03492,Female,0,Yes,No,33,Yes,No,Fiber optic,No,No internet service,No,Month-to-month,No,Electronic check,26.94,903.22,Yes
CUS-03493,Female,0,No,No,24,No,No,DSL,No,Yes,No,Two year,Yes,Electronic check,108.14,2685.14,No
CUS-03494,Male,0,Yes,No,69,Yes,No,No,No internet service,No internet service,No,Month-to-month,Yes,Electronic check,24.41,1643.83,Yes
CUS-03495,Male,1,No,No,21,Yes,Yes,DSL,No,No,Yes,One year,No,Credit card (automatic),114.91,2498.98,Yes
CUS-03496,Female,0,Yes,No,46,Yes,No,Fiber optic,No,Yes,No,Month-to-month,Yes,Mailed check,18.86,872.91,Yes
CUS-03497,Male,1,No,No,18,Yes,Yes,Fiber optic,No,No internet service,Yes,Month-to-month,Yes,Electronic check,114.49,1994.29,Yes
CUS-03498,Female,0,Yes,No,5,Yes,No,Fiber optic,Yes,No,No internet service,Month-to-month,Yes,Credit card (automatic),24.21,118.08,No
CUS-03499,Female,0,No,No,8,Yes,No phone service,No,No,No,No,One year,Yes,Electronic check,30.52,251.24,Yes
CUS-03500,Male,0,No,No,57,Yes,No,DSL,Yes,Yes,Yes,Month-to-month,No,Electronic check,114.29,6737.8,No
CUS-03501,Male,1,Yes,Yes,5,Yes,No,No,No,No,Yes,Month-to-month,Yes,Mailed check,97.18,504.11,No
CUS-03502,Male,0,Yes,No,13,Yes,No,Fiber optic,No,No internet service,No,Month-to-month,Yes,Electronic check,101.98,1283.9,Yes
CUS-03503,Male,0,Yes,No,66,Yes,No phone service,Fiber optic,No,No,No internet service,Month-to-month,Yes,Electronic check,61.15,4198.15,No
CUS-03504,Male,0,Yes,Yes,37,Yes,No,No,No,Yes,Yes,Two year,No,Bank transfer (automatic),26.02,962.14,No
CUS-03505,Female,0,No,Yes,29,Yes,No,Fiber optic,Yes,No,No,Month-to-month,Yes,Mailed check,32.89,1000.85,Yes
CUS-03506,Female,0,Yes,No,69,Yes,No,No,No,No,Yes,Two year,Yes,Electronic check,110.37,7597.6,No
CUS-03507,Male,0,No,No,32,Yes,Yes,DSL,No internet service,Yes,No internet service,Month-to-month,No,Mailed check,56.44,1761.31,No
CUS-03508,Male,0,No,Yes,48,No,No,No,No,Yes,No,Two year,No,Mailed check,93.57,4293.64,No
CUS-03509,Male,0,Yes,Yes,2,Yes,Yes,Fiber optic,No,Yes,No,Month-to-month,No,Electronic check,87.02,176.91,Yes
CUS-03510,Female,0,No,No,69,Yes,No,No,No,No,Yes,Month-to-month,No,Electronic check,65.38,4287.91,No
CUS-03511,Male,0,Yes,Yes,51,Yes,No,No,No,No,Yes,Month-to-month,No,Bank transfer (automatic),104.06,5485.38,No
CUS-03512,Male,0,Yes,Yes,35,Yes,Yes,DSL,No,No,Yes,One year,No,Electronic check,83.45,2865.48,No
CUS-03513,Female,1,Yes,No,15,Yes,Yes,Fiber optic,Yes,Yes,No,Two year,Yes,Credit card (automatic),91.98,1402.58,Yes
CUS-03514,Female,1,No,No,65,Yes,Yes,No,No,No,No internet service,Month-to-month,No,Electronic check,101.69,6609.67,Yes
CUS-03515,Male,1,Yes,No,38,Yes,Yes,Fiber optic,No,No,Yes,One year,Yes,Bank transfer (automatic),40.26,1553.93,No
CUS-03516,Male,0,No,Yes,17,Yes,No,Fiber optic,No internet service,No internet service,No,One year,No,Electronic check,47.33,768.66,Yes
CUS-03517,Male,1,Yes,No,45,Yes,No phone service,DSL,Yes,No,Yes,One year,No,Mailed check,93.55,4082.1,Yes
CUS-03518,Female,0,No,Yes,1,Yes,No,Fiber optic,Yes,No,No,Month-to-month,Yes,Electronic check,100.92,104.89,No
CUS-03519,Male,0,No,No,3,Yes,Yes,Fiber optic,No internet service,No,No,Month-to-month,No,Electronic check,77.76,231.36,No
CUS-03520,Male,0,Yes,Yes,70,No,Yes,Fiber optic,No,No,No,Month-to-month,No,Credit card (automatic),117.33,8266.77,Yes
CUS-03521,Male,0,No,Yes,52,Yes,No,Fiber optic,No internet service,Yes,No,Month-to-month,Yes,Mailed check,105.8,5477.98,No
CUS-03522,Female,1,No,No,53,Yes,No,DSL,No,Yes,No internet service,Month-to-month,Yes,Electronic check,98.05,5410.14,Yes
CUS-03523,Female,0,Yes,No,3,No,No,Fiber optic,No,No,Yes,Month-to-month,Yes,Credit card (automatic),42.54,123.78,No
CUS-03524,Male,0,Yes,Yes,47,Yes,Yes,No,No,No,No internet service,Month-to-month,No,Electronic check,51.3,2492.81,Yes
CUS-03525,Male,0,Yes,No,6,Yes,Yes,Fiber optic,Yes,No internet service,No,Month-to-month,Yes,Mailed check,54.07,310.15,Yes
CUS-03526,Female,0,No,No,46,Yes,Yes,No,No,Yes,Yes,Two year,No,Electronic check,27.28,1299.72,No
CUS-03527,Female,0,No,No,61,Yes,No,Fiber optic,Yes,No,Yes,Two year,No,Credit card (automatic),91.14,5783.55,No
CUS-03528,Female,0,Yes,No,43,Yes,No,No,No,No,No internet service,Month-to-month,Yes,Mailed check,59.22,2620.26,No
CUS-03529,Female,0,Yes,No,56,No,No,No,No internet service,No,No,Month-to-month,No,Credit card (automatic),80.1,4385.63,No
CUS-03530,Female,0,No,No,70,No,Yes,No,No,Yes,No,Two year,No,Electronic check,88.95,5986.23,No
CUS-03531,Female,0,No,Yes,20,Yes,No,No,Yes,Yes,Yes,Month-to-month,Yes,Electronic check,18.84,376.83,No
CUS-03532,Female,0,No,No,47,Yes,No phone service,DSL,No internet service,Yes,No,Two year,No,Bank transfer (automatic),22.78,1088.41,Yes
CUS-03533,Female,0,No,Yes,54,Yes,No,No,Yes,No internet service,No internet service,Month-to-month,Yes,Electronic check,51.51,2870.33,No
CUS-03534,Female,1,Yes,Yes,41,Yes,No,Fiber optic,No,Yes,No internet service,Two year,Yes,Mailed check,83.55,3427.58,No
CUS-03535,Male,0,Yes,Yes,66,Yes,No phone service,DSL,No internet service,No,No,Month-to-month,No,Credit card (automatic),65.83,4365.05,No
CUS-03536,Male,0,Yes,Yes,31,Yes,Yes,DSL,Yes,No internet service,No,One year,No,Credit card (automatic),111.89,3619.84,No
CUS-03537,Male,0,No,No,64,Yes,Yes,Fiber optic,No internet service,No,No,Month-to-month,Yes,Mailed check,43.69,2669.71,Yes
CUS-03538,Female,0,Yes,No,58,Yes,No phone service,No,No,No,No,Month-to-month,Yes,Mailed check,28.39,1616.81,No
CUS-03539,Male,0,Yes,No,55,Yes,No,Fiber optic,No,No,No,Two year,Yes,Electronic check,29.44,1609.19,Yes
CUS-03540,Female,0,No,Yes,46,Yes,No,Fiber optic,No internet service,No,No internet service,Month-to-month,No,Credit card (automatic),40.5,1888.99,No
CUS-03541,Female,0,Yes,No,24,Yes,No,DSL,No,No,No,Month-to-month,Yes,Mailed check,41.62,958.43,Yes
CUS-03542,Male,0,Yes,No,37,Yes,Yes,Fiber optic,No,No,No,Two year,No,Electronic check,55.89,2145.45,No
CUS-03543,Female,0,No,No,41,Yes,No,DSL,No,No,Yes,Month-to-month,Yes,Credit card (automatic),74.41,2994.8,No
CUS-03544,Male,0,Yes,Yes,25,Yes,No,Fiber optic,Yes,No,No internet service,Month-to-month,No,Mailed check,42.92,1039.21,No
CUS-03545,Male,0,Yes,Yes,29,Yes,Yes,No,No,No internet service,No,Month-to-month,No,Bank transfer (automatic),69.54,2035.12,Yes
CUS-03546,Male,0,No,No,31,No,Yes,No,Yes,No internet service,No internet service,Month-to-month,Yes,Credit card (automatic),65.78,1965.88,No
CUS-03547,Female,1,Yes,No,2,Yes,No,DSL,Yes,No,No,Month-to-month,Yes,Electronic check,48.91,96.16,No
CUS-03548,Male,0,Yes,No,12,No,Yes,Fiber optic,Yes,No,Yes,Month-to-month,Yes,Bank transfer (automatic),61.41,763.59,No
CUS-03549,Female,0,No,Yes,5,Yes,Yes,Fiber optic,Yes,No,No,One year,Yes,Electronic check,56.34,289.85,Yes
CUS-03550,Male,0,Yes,Yes,61,Yes,Yes,DSL,Yes,No internet service,No internet service,One year,No,Electronic check,113.0,6742.07,No
CUS-03551,Male,1,No,Yes,56,Yes,No,No,Yes,No,Yes,Month-to-month,No,Electronic check,24.89,1382.65,No
CUS-03552,Male,0,Yes,No,71,Yes,No,Fiber optic,No,No,No internet service,Month-to-month,Yes,Bank transfer (automatic),94.7,6728.87,Yes
CUS-03553,Female,0,Yes,No,37,No,No,Fiber optic,Yes,Yes,No,Month-to-month,No,Electronic check,48.94,1822.91,No
CUS-03554,Female,0,Yes,Yes,36,Yes,Yes,Fiber optic,No,No,Yes,Month-to-month,Yes,Bank transfer (automatic),36.54,1289.19,No
CUS-03555,Female,1,Yes,No,29,Yes,No phone service,DSL,No,No internet service,Yes,One year,No,Bank transfer (automatic),105.07,3057.42,Yes
CUS-03556,Male,1,Yes,No,38,Yes,Yes,DSL,No internet service,No,Yes,Two year,No,Bank transfer (automatic),64.95,2535.54,No
CUS-03557,Male,0,Yes,No,41,Yes,Yes,DSL,No,Yes,Yes,Two year,No,Electronic check,69.01,2882.03,No
CUS-03558,Female,0,No,Yes,33,No,Yes,Fiber optic,No internet service,Yes,No internet service,Month-to-month,Yes,Mailed check,59.58,2054.8,Yes
CUS-03559,Female,0,Yes,No,13,Yes,Yes,DSL,No,No,No,Month-to-month,No,Bank transfer (automatic),58.45,739.99,No
CUS-03560,Female,0,No,No,6,Yes,Yes,No,Yes,Yes,Yes,Month-to-month,No,Electronic check,87.29,533.07,Yes
CUS-03561,Female,0,Yes,No,66,Yes,Yes,Fiber optic,No,No,Yes,Month-to-month,Yes,Electronic check,93.94,6478.85,Yes
CUS-03562,Female,0,Yes,No,8,Yes,Yes,No,No,No,Yes,Month-to-month,No,Bank transfer (automatic),96.91,743.97,Yes
CUS-03563,Female,0,Yes,Yes,64,Yes,No,No,No,No internet service,No internet service,One year,Yes,Mailed check,70.52,4541.23,No
CUS-03564,Male,0,No,Yes,9,Yes,Yes,Fiber optic,No,Yes,No,One year,No,Electronic check,88.2,832.25,Yes
CUS-03565,Female,0,No,No,23,Yes,No,DSL,No,No,Yes,Month-to-month,No,Mailed check,95.76,2105.89,Yes
CUS-03566,Male,0,No,No,71,Yes,No,Fiber optic,No,Yes,No,Month-to-month,No,Bank transfer (automatic),86.33,6045.42,No
CUS-03567,Male,0,Yes,No,21,Yes,Yes,DSL,No internet service,No,No internet service,Two year,Yes,Bank transfer (automatic),37.36,752.0,No
CUS-03568,Female,1,Yes,No,1,Yes,No,DSL,No,No internet service,No internet service,One year,Yes,Electronic check,89.18,89.95,Yes
CUS-03569,Female,0,No,No,46,Yes,No,Fiber optic,No,Yes,No,Two year,No,Electronic check,82.82,3944.1,No
CUS-03570,Male,0,Yes,No,62,Yes,Yes,Fiber optic,No internet service,Yes,No internet service,Two year,No,Bank transfer (automatic),27.62,1668.25,No
CUS-03571,Female,0,Yes,No,2,Yes,Yes,DSL,No internet service,No,No,Two year,No,Mailed check,82.62,160.35,No
CUS-03572,Female,0,Yes,No,44,Yes,No,Fiber optic,No,No internet service,Yes,Two year,Yes,Credit card (automatic),105.51,4656.41,No
CUS-03573,Male,0,Yes,No,5,No,No,DSL,No internet service,Yes,No internet service,One year,No,Mailed check,59.32,292.31,No
CUS-03574,Male,0,Yes,No,39,Yes,No,Fiber optic,No,Yes,No internet service,Month-to-month,No,Mailed check,31.36,1262.92,No
CUS-03575,Male,0,No,No,66,No,Yes,No,No,No,No,Month-to-month,No,Mailed check,79.06,5026.96,No
CUS-03576,Female,0,No,Yes,45,Yes,No,Fiber optic,No internet service,Yes,No,Month-to-month,Yes,Bank transfer (automatic),41.9,1963.65,No
CUS-03577,Male,0,No,No,13,Yes,No,No,Yes,Yes,Yes,Month-to-month,Yes,Bank transfer (automatic),72.5,971.79,No
CUS-03578,Female,1,Yes,No,32,Yes,No,Fiber optic,No,Yes,No internet service,Month-to-month,Yes,Mailed check,84.93,2585.98,Yes
CUS-03579,Male,0,No,No,43,Yes,No,DSL,No,No,No,Two year,No,Electronic check,69.03,2902.53,No
CUS-03580,Male,1,No,No,8,Yes,Yes,Fiber optic,No,No,No,Month-to-month,No,Electronic check,48.86,407.05,Yes
CUS-03581,Male,1,No,No,59,Yes,Yes,DSL,Yes,No,Yes,One year,Yes,Electronic check,103.7,6335.62,No
CUS-03582,Female,0,Yes,No,11,Yes,Yes,Fiber optic,No,Yes,Yes,Two year,Yes,Electronic check,31.59,347.25,Yes
CUS-03583,Female,0,No,Yes,28,Yes,No,Fiber optic,No,No,No internet service,Month-to-month,No,Mailed check,22.28,626.79,Yes
CUS-03584,Male,0,Yes,No,39,Yes,Yes,No,Yes,No,No,Month-to-month,Yes,Bank transfer (automatic),100.87,3769.03,Yes
CUS-03585,Male,0,No,No,26,Yes,No,Fiber optic,No internet service,Yes,No internet service,Two year,Yes,Mailed check,21.42,573.62,No
CUS-03586,Male,0,Yes,No,26,No,No,No,Yes,No,No internet service,Month-to-month,Yes,Mailed check,66.72,1661.23,Yes
CUS-03587,Female,1,Yes,No,32,Yes,Yes,Fiber optic,No,No,No internet service,Month-to-month,Yes,Electronic check,71.78,2330.01,Yes
CUS-03588,Male,0,Yes,Yes,46,Yes,No,DSL,Yes,No internet service,No internet service,Month-to-month,Yes,Credit card (automatic),51.84,2292.57,Yes
CUS-03589,Female,0,No,Yes,28,Yes,No,Fiber optic,No,No,No,Month-to-month,Yes,Bank transfer (automatic),45.59,1268.05,No
CUS-03590,Male,0,Yes,No,7,Yes,No,No,No internet service,No internet service,No internet service,Two year,Yes,Mailed check,92.03,635.19,Yes
CUS-03591,Male,0,No,Yes,35,Yes,No,Fiber optic,No internet service,No internet service,Yes,One year,Yes,Electronic check,54.63,1895.76,No
CUS-03592,Male,0,No,No,66,Yes,No,Fiber optic,No,No internet service,No,Month-to-month,No,Credit card (automatic),30.37,2019.94,No
CUS-03593,Male,0,No,Yes,22,Yes,Yes,Fiber optic,No,No,No internet service,One year,No,Electronic check,64.32,1364.15,Yes
CUS-03594,Male,0,No,Yes,22,Yes,No,Fiber optic,No,Yes,No internet service,Month-to-month,Yes,Bank transfer (automatic),90.64,1938.86,No
CUS-03595,Male,0,No,No,3,Yes,No,DSL,No,No,No,Month-to-month,Yes,Electronic check,48.81,140.65,Yes
CUS-03596,Female,0,No,No,46,Yes,No,DSL,No,No internet service,No,One year,Yes,Credit card (automatic),31.21,1457.62,No
CUS-03597,Male,0,Yes,Yes,50,No,No,DSL,No,No,No,One year,Yes,Bank transfer (automatic),52.11,2489.03,No
CUS-03598,Female,0,No,Yes,8,Yes,Yes,Fiber optic,Yes,Yes,No,Month-to-month,Yes,Electronic check,72.55,589.59,No
CUS-03599,Male,0,No,No,4,Yes,Yes,No,Yes,No,No,Two year,No,Electronic check,28.17,118.01,Yes
CUS-03600,Male,0,Yes,No,15,Yes,No,No,No,No internet service,No internet service,Two year,Yes,Electronic check,41.45,645.95,No
CUS-03601,Female,0,No,No,44,Yes,Yes,DSL,No,No,No internet service,Two year,Yes,Mailed check,115.08,4975.52,Yes
CUS-03602,Male,0,Yes,Yes,39,Yes,No,Fiber optic,No,No,Yes,One year,Yes,Bank transfer (automatic),38.42,1455.64,No
CUS-03603,Female,0,Yes,No,29,Yes,Yes,Fiber optic,No,No,No,Month-to-month,No,Electronic check,24.35,738.66,No
CUS-03604,Female,0,Yes,Yes,62,Yes,No,Fiber optic,No,Yes,Yes,One year,Yes,Electronic check,61.22,3774.31,No
CUS-03605,Male,0,Yes,No,34,Yes,No,Fiber optic,No,Yes,No internet service,Month-to-month,Yes,Mailed check,25.38,850.18,Yes
CUS-03606,Female,0,No,No,26,Yes,No,DSL,No,No internet service,Yes,Month-to-month,Yes,Electronic check,19.36,484.54,Yes
CUS-03607,Female,0,No,No,18,Yes,No,No,No,No internet service,No internet service,Two year,No,Bank transfer (automatic),19.55,340.17,No
CUS-03608,Male,0,No,No,63,Yes,No,No,Yes,No internet service,No,Two year,No,Electronic check,47.64,3073.87,No
CUS-03609,Female,1,No,Yes,52,Yes,Yes,DSL,No,No,Yes,Month-to-month,Yes,Bank transfer (automatic),25.38,1280.35,Yes
CUS-03610,Male,0,Yes,No,54,No,Yes,Fiber optic,No internet service,Yes,No internet service,Month-to-month,Yes,Electronic check,37.29,1949.02,Yes
CUS-03611,Male,0,Yes,No,42,No,No,DSL,No,No internet service,Yes,One year,Yes,Mailed check,82.83,3417.02,No
CUS-03612,Male,0,No,No,54,Yes,No,DSL,No,No internet service,No,Two year,Yes,Mailed check,46.84,2633.91,No
CUS-03613,Male,0,No,No,52,Yes,Yes,No,Yes,No internet service,No,One year,No,Electronic check,75.55,3963.71,Yes
CUS-03614,Female,1,Yes,Yes,13,Yes,Yes,Fiber optic,Yes,No,Yes,Two year,Yes,Electronic check,59.13,789.83,No
CUS-03615,Male,0,No,No,32,Yes,Yes,DSL,Yes,No,Yes,Two year,Yes,Credit card (automatic),106.47,3481.62,No
CUS-03616,Male,1,No,Yes,66,Yes,No phone service,Fiber optic,Yes,No,No,Month-to-month,Yes,Electronic check,87.64,6044.46,Yes
CUS-03617,Female,0,No,No,58,Yes,Yes,No,No,No,Yes,One year,No,Electronic check,103.25,6102.52,No
CUS-03618,Male,0,Yes,No,39,No,Yes,No,No internet service,No,No,One year,No,Electronic check,69.89,2623.56,No
CUS-03619,Male,0,Yes,Yes,27,Yes,Yes,DSL,Yes,No,Yes,One year,Yes,Bank transfer (automatic),96.12,2517.93,No
CUS-03620,Female,0,No,Yes,54,Yes,No,No,Yes,No,No,Month-to-month,No,Electronic check,79.56,4383.39,No
CUS-03621,Female,0,No,No,43,Yes,No,No,No internet service,Yes,No,One year,No,Electronic check,92.39,3859.55,Yes
CUS-03622,Female,0,Yes,No,52,No,Yes,Fiber optic,No,No,No internet service,One year,Yes,Mailed check,86.46,4642.79,No
CUS-03623,Female,0,No,Yes,14,Yes,Yes,Fiber optic,No,No internet service,Yes,One year,Yes,Electronic check,48.05,698.24,No
CUS-03624,Female,0,No,Yes,8,Yes,No,DSL,No internet service,Yes,No internet service,Month-to-month,No,Mailed check,30.54,242.23,No
CUS-03625,Female,1,Yes,No,35,Yes,Yes,DSL,No,No internet service,Yes,Month-to-month,Yes,Credit card (automatic),98.64,3411.78,Yes
CUS-03626,Female,0,Yes,No,18,Yes,Yes,Fiber optic,No,No internet service,No internet service,One year,Yes,Mailed check,25.73,445.58,No
CUS-03627,Male,0,No,No,55,Yes,No,No,No,No internet service,Yes,Month-to-month,No,Mailed check,78.52,4507.68,Yes
CUS-03628,Female,0,Yes,No,52,Yes,No,No,Yes,No,No internet service,Month-to-month,Yes,Bank transfer (automatic),116.88,6069.92,No
CUS-03629,Female,0,No,No,49,Yes,No phone service,Fiber optic,No,Yes,No internet service,Two year,Yes,Mailed check,36.27,1814.21,Yes
CUS-03630,Female,0,Yes,Yes,8,Yes,No,No,Yes,Yes,Yes,Month-to-month,No,Electronic check,92.35,713.51,Yes
CUS-03631,Male,0,No,Yes,37,Yes,Yes,Fiber optic,No,No,Yes,Month-to-month,Yes,Electronic check,113.32,4209.42,No
CUS-03632,Male,0,No,No,66,Yes,No,Fiber optic,Yes,No,No,One year,Yes,Credit card (automatic),67.55,4581.87,Yes
CUS-03633,Female,0,Yes,No,41,Yes,Yes,DSL,No,Yes,No,One year,Yes,Credit card (automatic),75.3,3117.53,No
CUS-03634,Female,0,No,No,27,Yes,Yes,Fiber optic,No,Yes,No,Month-to-month,Yes,Bank transfer (automatic),54.77,1461.02,No
CUS-03635,Female,0,Yes,No,20,Yes,Yes,DSL,No,No,No,Month-to-month,Yes,Mailed check,62.18,1257.89,No
CUS-03636,Male,0,Yes,No,38,Yes,No phone service,DSL,Yes,No,No,Month-to-month,No,Mailed check,81.01,3230.93,No
CUS-03637,Male,0,No,No,12,Yes,No,DSL,No,No,Yes,Month-to-month,No,Bank transfer (automatic),105.15,1284.85,No
CUS-03638,Female,0,No,No,42,Yes,Yes,Fiber optic,No,Yes,Yes,Month-to-month,Yes,Bank transfer (automatic),113.23,4757.14,No
CUS-03639,Male,0,Yes,Yes,50,Yes,Yes,DSL,No internet service,No internet service,Yes,Month-to-month,Yes,Bank transfer (automatic),72.32,3744.5,Yes
CUS-03640,Female,1,Yes,No,31,Yes,No,Fiber optic,No internet service,No,Yes,Month-to-month,No,Mailed check,96.23,2974.44,Yes
CUS-03641,Male,0,Yes,Yes,65,Yes,No,No,Yes,Yes,No,Two year,Yes,Electronic check,91.65,5928.76,Yes
CUS-03642,Male,0,Yes,No,53,Yes,No,No,No,Yes,No,One year,No,Mailed check,42.7,2276.11,No
CUS-03643,Female,0,Yes,No,40,Yes,Yes,Fiber optic,No,Yes,No internet service,One year,No,Mailed check,64.19,2521.48,No
CUS-03644,Female,0,No,No,39,Yes,No,DSL,No,No,Yes,One year,Yes,Electronic check,86.35,3223.33,Yes
CUS-03645,Female,0,Yes,No,10,Yes,No,Fiber optic,No internet service,No,No,Month-to-month,Yes,Electronic check,30.89,305.1,No
CUS-03646,Female,0,No,No,29,Yes,No phone service,Fiber optic,No,No internet service,Yes,Month-to-month,Yes,Credit card (automatic),106.4,3156.68,No
CUS-03647,Male,0,Yes,Yes,40,No,Yes,Fiber optic,No,Yes,No internet service,Two year,No,Electronic check,58.25,2327.1,No
CUS-03648,Male,1,No,No,30,Yes,No,Fiber optic,No internet service,No internet service,No,One year,No,Credit card (automatic),63.35,1967.9,No
CUS-03649,Male,0,No,Yes,2,Yes,Yes,Fiber optic,Yes,No internet service,No,One year,No,Mailed check,104.97,203.27,No
CUS-03650,Female,0,No,No,28,Yes,No,No,No,No,No,Two year,No,Bank transfer (automatic),35.23,959.02,No
CUS-03651,Male,0,Yes,No,47,Yes,Yes,DSL,Yes,Yes,Yes,One year,Yes,Mailed check,21.55,1027.47,No
CUS-03652,Female,0,No,Yes,32,Yes,No,DSL,Yes,No,Yes,Month-to-month,Yes,Mailed check,46.6,1538.69,No
CUS-03653,Male,0,No,No,32,Yes,Yes,Fiber optic,Yes,No internet service,No,Month-to-month,Yes,Credit card (automatic),33.02,1077.3,No
CUS-03654,Female,1,No,No,27,Yes,Yes,Fiber optic,No,Yes,No internet service,Month-to-month,No,Electronic check,116.56,3129.5,Yes
CUS-03655,Female,0,No,No,54,Yes,Yes,DSL,No internet service,No,Yes,Two year,No,Mailed check,74.62,4183.91,No
CUS-03656,Male,0,Yes,No,56,Yes,No,No,Yes,No,No,Month-to-month,Yes,Electronic check,74.45,4242.37,No
CUS-03657,Female,0,No,No,31,Yes,No,Fiber optic,No,No,No,Month-to-month,Yes,Electronic check,97.41,3120.82,No
CUS-03658,Female,0,No,Yes,24,Yes,Yes,Fiber optic,Yes,No,No,Two year,Yes,Credit card (automatic),43.85,1094.9,Yes
CUS-03659,Male,1,No,No,35,Yes,Yes,Fiber optic,Yes,No,No,Month-to-month,Yes,Electronic check,70.27,2466.81,No
CUS-03660,Female,0,No,No,30,Yes,No,Fiber optic,No internet service,No,Yes,Month-to-month,Yes,Electronic check,32.21,974.84,Yes
CUS-03661,Female,0,No,Yes,55,Yes,No,No,Yes,No,No,Two year,No,Bank transfer (automatic),27.35,1529.35,Yes
CUS-03662,Female,0,No,No,64,Yes,Yes,DSL,Yes,No,Yes,One year,Yes,Electronic check,61.97,4153.4,No
CUS-03663,Male,0,No,No,33,Yes,No,Fiber optic,Yes,No,No,Month-to-month,No,Credit card (automatic),109.29,3716.93,No
CUS-03664,Male,0,No,No,46,Yes,Yes,DSL,No,Yes,Yes,Month-to-month,Yes,Electronic check,62.11,2724.19,Yes
CUS-03665,Female,0,Yes,Yes,33,Yes,No phone service,No,No,No internet service,Yes,One year,No,Electronic check,63.17,2069.85,No
CUS-03666,Male,0,No,No,68,Yes,Yes,Fiber optic,Yes,Yes,Yes,Two year,No,Mailed check,104.51,7368.7,No
CUS-03667,Female,0,No,Yes,64,Yes,Yes,No,No,Yes,No internet service,One year,Yes,Mailed check,46.6,2844.13,No
CUS-03668,Female,1,Yes,No,30,Yes,Yes,No,No,Yes,Yes,One year,Yes,Electronic check,66.99,2035.87,Yes
CUS-03669,Female,0,Yes,No,29,Yes,No,Fiber optic,No,No internet service,Yes,Month-to-month,Yes,Bank transfer (automatic),34.44,1043.21,No
CUS-03670,Female,0,No,Yes,62,Yes,Yes,DSL,No internet service,No,Yes,Two year,No,Electronic check,102.62,6242.76,No
CUS-03671,Female,0,No,Yes,30,Yes,No,Fiber optic,No,No,Yes,One year,No,Electronic check,21.72,666.08,Yes
CUS-03672,Male,0,Yes,No,12,Yes,Yes,DSL,No,No internet service,No,Two year,Yes,Mailed check,59.31,698.31,No
CUS-03673,Female,1,No,Yes,67,Yes,Yes,No,No,No internet service,No internet service,Month-to-month,Yes,Credit card (automatic),45.66,3102.06,Yes
CUS-03674,Male,0,No,Yes,15,Yes,No,DSL,Yes,No,No internet service,One year,No,Electronic check,43.73,684.58,Yes
CUS-03675,Male,0,Yes,No,10,Yes,No phone service,Fiber optic,No internet service,No,No internet service,Two year,Yes,Credit card (automatic),42.42,418.64,Yes
CUS-03676,Female,0,Yes,No,61,Yes,No,DSL,No,No internet service,Yes,Month-to-month,Yes,Bank transfer (automatic),54.95,3506.19,No
CUS-03677,Female,0,No,No,23,No,No,DSL,Yes,No,Yes,Two year,Yes,Electronic check,108.15,2458.15,No
CUS-03678,Male,0,No,No,11,Yes,Yes,DSL,Yes,No,No,Month-to-month,Yes,Mailed check,88.88,967.11,Yes
CUS-03679,Male,0,Yes,No,16,Yes,Yes,Fiber optic,No,No internet service,No internet service,Month-to-month,Yes,Credit card (automatic),106.94,1756.25,Yes
CUS-03680,Male,1,Yes,No,49,Yes,Yes,DSL,No internet service,No,Yes,Two year,Yes,Electronic check,37.64,1818.69,Yes
CUS-03681,Female,0,Yes,Yes,14,Yes,No phone service,Fiber optic,No,Yes,No,Month-to-month,No,Electronic check,102.91,1415.94,Yes
CUS-03682,Male,1,No,No,6,Yes,No,Fiber optic,No,Yes,No,One year,No,Bank transfer (automatic),60.99,354.43,No
CUS-03683,Female,0,Yes,No,42,Yes,Yes,No,Yes,No internet service,Yes,Month-to-month,Yes,Mailed check,116.11,4676.18,No
CUS-03684,Female,0,No,Yes,17,Yes,Yes,No,No,Yes,No,One year,Yes,Electronic check,77.37,1359.7,No
CUS-03685,Female,0,Yes,No,42,Yes,Yes,Fiber optic,No internet service,No internet service,Yes,Two year,Yes,Electronic check,66.74,2796.34,No
CUS-03686,Male,0,No,No,10,Yes,Yes,No,No,Yes,No,Month-to-month,No,Bank transfer (automatic),110.52,1121.89,Yes
CUS-03687,Female,0,Yes,No,46,Yes,No,Fiber optic,Yes,No,Yes,Month-to-month,No,Mailed check,56.13,2576.3,Yes
CUS-03688,Female,1,No,No,49,Yes,Yes,Fiber optic,Yes,No,Yes,Two year,Yes,Electronic check,92.87,4493.43,No
CUS-03689,Female,1,No,No,9,Yes,Yes,Fiber optic,No,No,Yes,Two year,Yes,Credit card (automatic),65.34,582.69,Yes
CUS-03690,Female,1,Yes,No,39,Yes,Yes,DSL,Yes,Yes,No internet service,Two year,No,Mailed check,91.36,3413.18,No
CUS-03691,Female,0,Yes,Yes,2,Yes,No,Fiber optic,No,Yes,No internet service,Month-to-month,No,Mailed check,45.57,92.73,Yes
CUS-03692,Male,1,No,No,68,Yes,No,DSL,Yes,No,No internet service,One year,Yes,Bank transfer (automatic),58.67,3994.46,Yes
CUS-03693,Female,0,Yes,Yes,52,Yes,Yes,Fiber optic,No internet service,No,No,Two year,Yes,Mailed check,52.53,2613.07,Yes
CUS-03694,Female,0,No,Yes,11,Yes,No,Fiber optic,No,No,Yes,Month-to-month,No,Electronic check,104.88,1168.51,Yes
CUS-03695,Male,0,Yes,No,37,Yes,Yes,No,No,Yes,Yes,Two year,Yes,Credit card (automatic),110.86,3982.71,Yes
CUS-03696,Female,0,Yes,Yes,22,Yes,Yes,DSL,No,No,No,Month-to-month,Yes,Electronic check,91.55,1941.28,No
CUS-03697,Male,0,No,Yes,52,Yes,No,Fiber optic,No,No,Yes,Month-to-month,Yes,Credit card (automatic),100.16,5456.78,Yes
CUS-03698,Female,0,No,Yes,5,Yes,Yes,No,Yes,Yes,Yes,Month-to-month,Yes,Mailed check,53.39,255.71,No
CUS-03699,Male,1,No,No,2,Yes,No,DSL,No internet service,Yes,Yes,Month-to-month,No,Mailed check,33.07,67.66,No
CUS-03700,Male,0,Yes,Yes,5,Yes,No phone service,No,No,No,No,Month-to-month,Yes,Credit card (automatic),86.66,441.84,Yes
CUS-03701,Female,0,Yes,No,32,Yes,No,No,Yes,No,Yes,Month-to-month,No,Electronic check,81.73,2621.04,Yes
CUS-03702,Female,1,No,Yes,19,Yes,Yes,Fiber optic,No,Yes,No internet service,Month-to-month,No,Mailed check,44.38,808.26,No
CUS-03703,Female,0,Yes,No,4,Yes,No phone service,Fiber optic,Yes,No,No,Month-to-month,Yes,Bank transfer (automatic),109.24,427.88,Yes
CUS-03704,Male,1,Yes,No,46,Yes,Yes,No,Yes,No internet service,Yes,Month-to-month,No,Mailed check,53.75,2388.75,Yes
CUS-03705,Male,0,Yes,No,26,Yes,No,Fiber optic,Yes,No internet service,Yes,Month-to-month,Yes,Electronic check,99.52,2712.62,Yes
CUS-03706,Male,0,Yes,No,50,Yes,Yes,DSL,Yes,No,Yes,Two year,Yes,Electronic check,30.91,1483.53,No
CUS-03707,Female,0,No,No,26,Yes,No,No,No,No,Yes,Month-to-month,Yes,Mailed check,46.67,1154.28,No
CUS-03708,Male,0,No,No,71,Yes,No,DSL,No internet service,No internet service,Yes,Two year,Yes,Mailed check,79.44,5481.66,Yes
CUS-03709,Male,0,No,No,32,Yes,Yes,DSL,No,No internet service,No,Month-to-month,No,Electronic check,42.19,1388.52,Yes
CUS-03710,Female,0,No,Yes,44,Yes,No,No,No,No,No,Month-to-month,No,Electronic check,113.65,5172.58,No
CUS-03711,Male,0,No,No,26,No,No phone service,DSL,Yes,No internet service,Yes,Month-to-month,Yes,Electronic check,73.16,1940.5,Yes
CUS-03712,Male,1,No,No,61,Yes,Yes,Fiber optic,Yes,No,No,Two year,Yes,Mailed check,91.15,5523.05,Yes
CUS-03713,Female,0,No,No,51,Yes,No,Fiber optic,No,Yes,No internet service,Two year,No,Credit card (automatic),74.15,3891.72,No
CUS-03714,Male,0,Yes,No,59,Yes,Yes,Fiber optic,No internet service,No,No,Month-to-month,No,Electronic check,58.68,3523.44,Yes
CUS-03715,Female,0,Yes,No,38,Yes,Yes,DSL,Yes,No,No internet service,Month-to-month,Yes,Electronic check,100.21,3995.97,Yes
CUS-03716,Female,0,No,No,26,Yes,No phone service,Fiber optic,No,Yes,No,One year,Yes,Credit card (automatic),20.26,523.56,No
CUS-03717,Female,0,Yes,No,45,Yes,No,DSL,No internet service,Yes,No,Month-to-month,Yes,Credit card (automatic),60.68,2645.33,No
CUS-03718,Female,1,Yes,No,31,Yes,Yes,DSL,No,No internet service,No,Two year,No,Credit card (automatic),106.11,3146.78,No
CUS-03719,Female,0,No,No,70,No,No,DSL,Yes,No internet service,No internet service,Two year,No,Bank transfer (automatic),26.51,1878.72,No
CUS-03720,Male,0,No,Yes,45,Yes,Yes,DSL,No,Yes,No,Two year,Yes,Credit card (automatic),38.75,1819.53,Yes
CUS-03721,Male,0,No,No,31,Yes,No,No,No internet service,No,No internet service,Month-to-month,Yes,Bank transfer (automatic),114.06,3636.95,No
CUS-03722,Female,0,Yes,No,61,Yes,No,Fiber optic,Yes,Yes,No,Month-to-month,Yes,Electronic check,113.9,7109.29,No
CUS-03723,Female,0,No,No,48,Yes,No,Fiber optic,No,No,Yes,Two year,No,Electronic check,56.45,2714.37,No
CUS-03724,Male,0,No,Yes,45,Yes,Yes,Fiber optic,No,No internet service,Yes,Month-to-month,No,Electronic check,93.23,4061.21,Yes
CUS-03725,Female,0,No,Yes,60,Yes,Yes,No,No,Yes,Yes,Month-to-month,No,Mailed check,80.58,4725.67,No
CUS-03726,Female,0,Yes,No,61,No,Yes,Fiber optic,Yes,No,Yes,One year,No,Electronic check,67.3,4015.85,No
CUS-03727,Female,0,Yes,Yes,52,Yes,Yes,Fiber optic,No,No internet service,No,Month-to-month,Yes,Bank transfer (automatic),99.39,5253.57,Yes
CUS-03728,Male,0,Yes,No,52,Yes,No phone service,DSL,Yes,No,No,Two year,Yes,Bank transfer (automatic),83.09,4474.65,No
CUS-03729,Male,0,Yes,Yes,62,Yes,No phone service,Fiber optic,No,No,No,Two year,No,Bank transfer (automatic),27.11,1619.79,No
CUS-03730,Female,0,Yes,Yes,26,Yes,No,DSL,No,No internet service,No internet service,Month-to-month,No,Electronic check,101.96,2527.24,No
CUS-03731,Female,1,Yes,No,67,Yes,No,Fiber optic,Yes,No internet service,No internet service,Month-to-month,Yes,Electronic check,45.44,3047.98,Yes
CUS-03732,Male,0,No,Yes,49,Yes,No,Fiber optic,No,No,Yes,Month-to-month,No,Mailed check,81.3,4142.17,Yes
CUS-03733,Male,0,No,No,44,Yes,Yes,Fiber optic,No internet service,Yes,Yes,Month-to-month,Yes,Bank transfer (automatic),95.54,4397.63,No
CUS-03734,Female,0,No,No,36,Yes,Yes,DSL,No internet service,No,No,Month-to-month,Yes,Credit card (automatic),107.76,3870.98,No
CUS-03735,Female,1,Yes,No,53,Yes,Yes,Fiber optic,Yes,No,Yes,Month-to-month,Yes,Credit card (automatic),110.53,5711.5,No
CUS-03736,Male,1,Yes,No,44,Yes,No,Fiber optic,No,Yes,Yes,Month-to-month,No,Electronic check,110.58,4995.38,Yes
CUS-03737,Male,1,Yes,No,22,Yes,No,DSL,No,Yes,No,Month-to-month,Yes,Bank transfer (automatic),83.72,1780.94,No
CUS-03738,Male,0,Yes,No,2,Yes,No,DSL,No,Yes,No,One year,No,Electronic check,80.42,166.05,Yes
CUS-03739,Female,0,Yes,Yes,7,Yes,Yes,DSL,No,Yes,No internet service,Two year,No,Electronic check,19.48,141.39,No
CUS-03740,Male,0,No,Yes,16,Yes,No,Fiber optic,No internet service,No,No internet service,Month-to-month,Yes,Bank transfer (automatic),26.45,415.21,Yes
CUS-03741,Female,0,No,No,44,Yes,No,Fiber optic,No,Yes,No,One year,Yes,Credit card (automatic),57.26,2439.68,No
CUS-03742,Male,0,No,No,65,Yes,Yes,Fiber optic,No,No,No internet service,One year,No,Mailed check,97.29,6078.04,No
CUS-03743,Male,0,No,No,71,Yes,No,Fiber optic,Yes,Yes,Yes,Month-to-month,Yes,Mailed check,77.21,5542.14,No
CUS-03744,Male,0,No,Yes,69,Yes,Yes,Fiber optic,No internet service,No internet service,No internet service,One year,Yes,Electronic check,41.52,3002.93,No
CUS-03745,Male,0,No,No,61,Yes,No,Fiber optic,No,No,Yes,Month-to-month,Yes,Bank transfer (automatic),30.29,1837.93,No
CUS-03746,Female,0,No,No,30,Yes,No,DSL,No,Yes,No internet service,Month-to-month,Yes,Credit card (automatic),64.82,1898.63,Yes
CUS-03747,Female,0,No,No,42,Yes,Yes,Fiber optic,No internet service,No,Yes,Month-to-month,Yes,Credit card (automatic),109.29,4740.56,Yes
CUS-03748,Male,1,No,Yes,25,Yes,No,DSL,No,No,No,Month-to-month,Yes,Mailed check,23.31,595.18,Yes
CUS-03749,Female,0,No,Yes,71,Yes,Yes,Fiber optic,No,No,No,Month-to-month,No,Bank transfer (automatic),64.26,4368.04,No
CUS-03750,Male,0,Yes,Yes,57,Yes,No,Fiber optic,No internet service,No internet service,No,Month-to-month,Yes,Credit card (automatic),23.9,1329.67,No
CUS-03751,Male,0,No,Yes,32,Yes,No phone service,Fiber optic,Yes,No,Yes,Month-to-month,Yes,Credit card (automatic),43.01,1358.86,Yes
CUS-03752,Male,0,No,No,50,Yes,No,DSL,No internet service,No internet service,No,Month-to-month,Yes,Credit card (automatic),113.38,5508.32,No
CUS-03753,Male,0,No,Yes,10,No,Yes,DSL,Yes,No,Yes,Month-to-month,No,Bank transfer (automatic),28.47,295.6,Yes
CUS-03754,Female,0,Yes,No,22,Yes,No,DSL,No,No,No,Month-to-month,Yes,Electronic check,23.08,491.87,Yes
CUS-03755,Male,0,Yes,No,41,Yes,No,Fiber optic,Yes,Yes,Yes,One year,No,Electronic check,26.72,1127.63,Yes
CUS-03756,Male,0,No,No,47,Yes,Yes,Fiber optic,Yes,No internet service,No,Month-to-month,Yes,Electronic check,87.17,4195.9,No
CUS-03757,Female,1,No,No,14,Yes,Yes,DSL,No,Yes,Yes,Two year,Yes,Electronic check,19.22,255.95,Yes
CUS-03758,Male,0,Yes,No,3,Yes,No,Fiber optic,Yes,No,No,Month-to-month,No,Electronic check,57.37,168.31,Yes
CUS-03759,Male,0,No,No,53,No,No,Fiber optic,No internet service,No internet service,No internet service,Month-to-month,No,Credit card (automatic),113.33,6012.91,No
CUS-03760,Male,0,No,Yes,16,Yes,No,Fiber optic,Yes,Yes,No internet service,Month-to-month,Yes,Bank transfer (automatic),24.89,387.06,Yes
CUS-03761,Female,1,Yes,Yes,61,Yes,No,Fiber optic,Yes,Yes,Yes,One year,No,Electronic check,111.21,6999.51,No
CUS-03762,Male,0,No,Yes,28,Yes,No,Fiber optic,No internet service,No,Yes,One year,Yes,Electronic check,29.75,802.56,Yes
CUS-03763,Female,0,Yes,Yes,35,Yes,No,No,No,No internet service,Yes,Two year,Yes,Credit card (automatic),30.78,1041.38,No
CUS-03764,Male,1,No,No,2,Yes,Yes,DSL,No,No,No internet service,Month-to-month,No,Electronic check,78.48,158.35,Yes
CUS-03765,Male,1,No,No,61,Yes,No,DSL,Yes,Yes,Yes,Month-to-month,No,Bank transfer (automatic),42.39,2462.58,Yes
CUS-03766,Female,1,No,Yes,56,Yes,No phone service,Fiber optic,No,No,Yes,Two year,Yes,Electronic check,18.31,1075.92,No
CUS-03767,Male,0,No,No,55,Yes,No,Fiber optic,No,No,Yes,Two year,No,Electronic check,92.95,5127.75,No
CUS-03768,Male,0,Yes,No,18,Yes,No,No,No internet service,No internet service,No internet service,Month-to-month,No,Mailed check,55.09,1006.65,No
CUS-03769,Female,1,No,No,71,Yes,No,DSL,No,No,No internet service,Two year,No,Mailed check,108.81,7534.49,No
CUS-03770,Female,0,No,Yes,49,Yes,No,DSL,No internet service,No,No,One year,Yes,Bank transfer (automatic),45.81,2346.74,No
CUS-03771,Female,0,No,Yes,42,Yes,No,Fiber optic,No,No,No internet service,Month-to-month,No,Electronic check,84.93,3507.97,Yes
CUS-03772,Female,0,Yes,No,7,Yes,No,DSL,No,No,No,Month-to-month,No,Electronic check,50.64,341.29,Yes
CUS-03773,Female,0,Yes,Yes,4,Yes,Yes,Fiber optic,No,No,No,Month-to-month,Yes,Bank transfer (automatic),32.83,130.73,Yes
CUS-03774,Male,1,No,No,43,Yes,No,No,No,Yes,No,One year,No,Electronic check,115.48,4780.56,Yes
CUS-03775,Female,0,No,No,59,Yes,No phone service,DSL,Yes,Yes,Yes,Month-to-month,Yes,Credit card (automatic),76.82,4741.85,No
CUS-03776,Male,0,Yes,No,49,No,Yes,Fiber optic,No,No,Yes,Month-to-month,Yes,Electronic check,101.97,4999.02,Yes
CUS-03777,Male,1,No,No,60,Yes,No,DSL,No,No,No,Month-to-month,Yes,Mailed check,43.02,2607.07,Yes
CUS-03778,Male,0,No,Yes,6,Yes,Yes,Fiber optic,No,No,Yes,Two year,No,Electronic check,57.32,343.38,No
CUS-03779,Female,0,No,No,20,Yes,No phone service,DSL,No,Yes,No,Month-to-month,Yes,Bank transfer (automatic),65.69,1278.68,Yes
CUS-03780,Female,0,No,Yes,31,Yes,No,DSL,No,No internet service,No internet service,One year,No,Electronic check,80.96,2427.02,No
CUS-03781,Male,0,No,No,22,Yes,No,DSL,No internet service,Yes,No,Two year,Yes,Electronic check,57.49,1323.65,No
CUS-03782,Female,0,No,Yes,32,No,No,No,No,No internet service,No internet service,Two year,No,Bank transfer (automatic),42.74,1342.7,No
CUS-03783,Female,0,Yes,No,47,No,No,Fiber optic,Yes,No internet service,No,One year,No,Credit card (automatic),36.99,1661.74,No
CUS-03784,Female,0,No,Yes,34,Yes,No,Fiber optic,Yes,No,Yes,One year,No,Credit card (automatic),77.93,2650.86,No
CUS-03785,Female,0,No,No,27,Yes,No phone service,DSL,Yes,Yes,Yes,Month-to-month,Yes,Bank transfer (automatic),42.77,1125.23,Yes
CUS-03786,Male,0,No,No,44,No,Yes,DSL,Yes,Yes,Yes,Month-to-month,Yes,Electronic check,57.66,2589.41,No
CUS-03787,Male,0,No,No,30,Yes,Yes,Fiber optic,Yes,No internet service,Yes,Month-to-month,No,Credit card (automatic),21.47,636.24,Yes
CUS-03788,Female,0,Yes,Yes,33,Yes,No,Fiber optic,No,No internet service,Yes,Month-to-month,Yes,Credit card (automatic),43.64,1502.53,Yes
CUS-03789,Male,0,Yes,No,27,Yes,No phone service,Fiber optic,Yes,No internet service,Yes,Month-to-month,Yes,Electronic check,66.3,1778.57,No
CUS-03790,Female,0,No,No,56,Yes,Yes,Fiber optic,Yes,No internet service,Yes,Month-to-month,No,Electronic check,97.6,5561.99,Yes
CUS-03791,Female,0,Yes,No,23,No,Yes,Fiber optic,No internet service,Yes,No,One year,Yes,Mailed check,55.3,1316.32,No
CUS-03792,Male,0,No,No,43,Yes,Yes,DSL,No internet service,No,No,Month-to-month,Yes,Mailed check,47.52,2117.65,No
CUS-03793,Male,0,Yes,No,54,Yes,Yes,Fiber optic,No,No internet service,No,Month-to-month,No,Electronic check,69.61,3779.15,Yes
CUS-03794,Male,1,Yes,Yes,68,Yes,No,DSL,Yes,No,Yes,Two year,Yes,Electronic check,22.98,1610.08,No
CUS-03795,Female,0,Yes,No,53,Yes,Yes,DSL,No internet service,No,No,One year,No,Mailed check,53.39,2758.31,No
CUS-03796,Male,0,No,No,40,Yes,Yes,Fiber optic,No,Yes,Yes,Month-to-month,Yes,Bank transfer (automatic),31.53,1274.11,Yes
CUS-03797,Female,0,No,No,60,Yes,No,DSL,Yes,Yes,No internet service,Month-to-month,Yes,Credit card (automatic),43.35,2479.59,Yes
CUS-03798,Male,1,No,No,9,Yes,Yes,Fiber optic,No,Yes,Yes,Month-to-month,Yes,Electronic check,57.07,505.1,Yes
CUS-03799,Male,0,No,No,10,Yes,No,No,Yes,Yes,No internet service,Month-to-month,No,Bank transfer (automatic),23.8,234.33,No
CUS-03800,Female,0,Yes,No,10,Yes,Yes,DSL,No internet service,No,Yes,One year,Yes,Bank transfer (automatic),97.72,1013.72,Yes
CUS-03801,Female,0,Yes,Yes,30,Yes,No,Fiber optic,No internet service,No,No internet service,Month-to-month,No,Mailed check,45.47,1360.5,No
CUS-03802,Female,0,No,No,10,Yes,Yes,Fiber optic,Yes,No,No internet service,Two year,No,Credit card (automatic),41.28,422.73,Yes
CUS-03803,Female,0,No,Yes,58,No,Yes,DSL,No,No internet service,Yes,One year,No,Electronic check,52.36,3028.11,No
CUS-03804,Female,0,Yes,No,36,No,No,Fiber optic,No,No internet service,No,Month-to-month,Yes,Credit card (automatic),54.78,1935.39,Yes
CUS-03805,Female,0,No,No,44,Yes,No,Fiber optic,No internet service,Yes,Yes,Month-to-month,No,Credit card (automatic),99.27,4559.84,No
CUS-03806,Female,0,No,No,57,Yes,No,Fiber optic,No,Yes,Yes,Month-to-month,Yes,Electronic check,46.48,2682.38,No
CUS-03807,Female,0,Yes,No,43,No,Yes,No,Yes,No,Yes,Month-to-month,Yes,Mailed check,64.05,2793.0,No
CUS-03808,Male,0,Yes,No,23,Yes,No,DSL,Yes,No,No,Two year,No,Mailed check,67.82,1558.49,No
CUS-03809,Female,0,No,Yes,4,Yes,Yes,Fiber optic,Yes,No,Yes,Month-to-month,No,Mailed check,48.56,188.14,No
CUS-03810,Female,0,Yes,Yes,12,Yes,No phone service,Fiber optic,No internet service,No,No,One year,Yes,Credit card (automatic),96.33,1194.68,No
CUS-03811,Male,0,Yes,No,49,Yes,Yes,DSL,No internet service,Yes,No,Two year,No,Bank transfer (automatic),80.4,4033.54,No
CUS-03812,Female,0,No,Yes,24,Yes,No,No,No,No,Yes,Month-to-month,No,Electronic check,90.1,2136.83,Yes
CUS-03813,Male,1,Yes,Yes,13,Yes,Yes,DSL,Yes,No internet service,Yes,Month-to-month,Yes,Credit card (automatic),23.46,318.31,No
CUS-03814,Male,0,No,No,68,Yes,No,Fiber optic,No,No,No,Two year,Yes,Electronic check,99.95,6690.51,No
CUS-03815,Female,1,Yes,Yes,34,No,No,Fiber optic,No internet service,No,Yes,Month-to-month,No,Bank transfer (automatic),42.04,1363.46,Yes
CUS-03816,Male,0,No,Yes,9,Yes,Yes,Fiber optic,Yes,Yes,Yes,One year,No,Mailed check,27.18,238.77,Yes
CUS-03817,Female,1,No,Yes,10,Yes,Yes,DSL,No,Yes,No,Two year,No,Electronic check,84.1,829.95,No
CUS-03818,Male,0,Yes,No,65,Yes,No,DSL,Yes,No,Yes,Month-to-month,Yes,Bank transfer (automatic),39.8,2669.83,Yes
CUS-03819,Male,0,Yes,Yes,54,Yes,No,DSL,No,No,Yes,Month-to-month,No,Credit card (automatic),58.65,3258.2,No
CUS-03820,Male,0,No,No,43,Yes,No,Fiber optic,No,No,No internet service,One year,Yes,Mailed check,88.79,3792.18,No
CUS-03821,Female,0,No,Yes,59,Yes,No,DSL,No,Yes,No internet service,Month-to-month,Yes,Mailed check,28.27,1701.44,No
CUS-03822,Female,0,No,No,59,Yes,No,Fiber optic,No,No,No internet service,Two year,No,Mailed check,30.77,1766.11,Yes
CUS-03823,Male,0,Yes,No,67,Yes,Yes,DSL,No internet service,Yes,Yes,Two year,No,Credit card (automatic),84.49,5881.96,Yes
CUS-03824,Male,0,No,No,61,Yes,No phone service,DSL,No,No,Yes,One year,Yes,Credit card (automatic),62.96,3672.1,No
CUS-03825,Female,0,No,No,38,Yes,Yes,Fiber optic,Yes,No internet service,No,Month-to-month,Yes,Mailed check,40.12,1509.13,No
CUS-03826,Female,0,No,No,8,Yes,No,Fiber optic,No,No,No internet service,Month-to-month,Yes,Credit card (automatic),69.58,573.86,No
CUS-03827,Male,0,No,No,65,Yes,No,Fiber optic,No internet service,Yes,Yes,Month-to-month,Yes,Electronic check,79.86,5196.48,No
CUS-03828,Male,0,Yes,No,5,Yes,No,DSL,No,No internet service,No internet service,Month-to-month,No,Mailed check,58.51,301.73,Yes
CUS-03829,Female,0,No,No,43,Yes,No,DSL,No,No,No,Month-to-month,No,Electronic check,35.29,1466.81,No
CUS-03830,Female,0,Yes,No,60,Yes,Yes,No,No,No internet service,No internet service,Month-to-month,Yes,Electronic check,82.75,4841.82,Yes
CUS-03831,Female,0,Yes,No,26,Yes,No,DSL,Yes,No,Yes,One year,No,Credit card (automatic),30.12,775.21,No
CUS-03832,Female,1,No,No,11,Yes,No,Fiber optic,Yes,No,No,One year,Yes,Bank transfer (automatic),83.35,949.78,Yes
CUS-03833,Female,0,No,Yes,34,Yes,Yes,Fiber optic,No,No,No,Two year,Yes,Electronic check,45.08,1602.79,No
CUS-03834,Male,0,Yes,No,2,Yes,Yes,DSL,No,Yes,No,Month-to-month,Yes,Bank transfer (automatic),18.14,34.67,No
CUS-03835,Female,0,No,No,21,Yes,No,Fiber optic,No internet service,No,No,Month-to-month,Yes,Bank transfer (automatic),64.58,1415.9,No
CUS-03836,Male,0,Yes,No,26,Yes,Yes,No,No,No,No internet service,Month-to-month,Yes,Bank transfer (automatic),49.0,1299.25,No
CUS-03837,Female,0,No,No,5,Yes,No,No,No,No,No internet service,Two year,Yes,Bank transfer (automatic),40.94,204.37,No
CUS-03838,Male,0,No,Yes,9,No,No,Fiber optic,No,No,Yes,Month-to-month,No,Mailed check,67.85,595.01,No
CUS-03839,Female,0,Yes,No,50,No,No,Fiber optic,No,No,No,Two year,Yes,Mailed check,51.66,2527.16,No
CUS-03840,Female,0,Yes,No,10,Yes,No,DSL,No,Yes,No,Two year,No,Electronic check,47.5,482.8,No
CUS-03841,Male,0,Yes,Yes,58,Yes,Yes,Fiber optic,No internet service,Yes,No internet service,Month-to-month,Yes,Electronic check,94.26,5423.58,Yes
CUS-03842,Male,0,Yes,No,10,Yes,No,Fiber optic,No,Yes,No,Month-to-month,No,Electronic check,26.3,250.67,Yes
CUS-03843,Female,0,Yes,No,36,Yes,No,No,Yes,No internet service,No,Month-to-month,Yes,Mailed check,57.79,2177.41,Yes
CUS-03844,Female,0,No,Yes,56,Yes,Yes,DSL,No internet service,Yes,Yes,Month-to-month,Yes,Electronic check,42.68,2429.69,No
CUS-03845,Female,1,Yes,Yes,62,Yes,No phone service,Fiber optic,No,Yes,No,Month-to-month,Yes,Bank transfer (automatic),46.54,2968.89,Yes
CUS-03846,Female,0,No,Yes,37,Yes,Yes,Fiber optic,No,Yes,Yes,Month-to-month,Yes,Credit card (automatic),62.19,2333.98,Yes
CUS-03847,Female,0,Yes,No,41,Yes,Yes,Fiber optic,No,No,No,One year,Yes,Bank transfer (automatic),110.27,4617.77,Yes
CUS-03848,Male,0,No,No,48,Yes,No,DSL,No,No,No internet service,Month-to-month,Yes,Electronic check,83.92,3842.55,Yes
CUS-03849,Male,0,Yes,Yes,22,Yes,Yes,DSL,No,Yes,Yes,Month-to-month,Yes,Mailed check,37.31,811.73,No
CUS-03850,Female,0,Yes,No,61,Yes,No,Fiber optic,No internet service,No,No,One year,No,Bank transfer (automatic),75.24,4789.48,No
CUS-03851,Male,0,No,Yes,48,Yes,No,Fiber optic,No,No,No internet service,Month-to-month,Yes,Credit card (automatic),33.38,1675.46,No
CUS-03852,Male,0,Yes,No,64,Yes,Yes,Fiber optic,No internet service,No internet service,Yes,Month-to-month,Yes,Electronic check,106.53,7103.96,Yes
CUS-03853,Male,0,No,Yes,37,Yes,Yes,Fiber optic,No,Yes,Yes,Month-to-month,Yes,Mailed check,60.39,2345.87,Yes
CUS-03854,Female,0,No,No,41,Yes,Yes,Fiber optic,No internet service,No,No,Month-to-month,Yes,Electronic check,112.97,4432.83,Yes
CUS-03855,Male,0,No,No,5,Yes,Yes,Fiber optic,No,Yes,No internet service,Two year,Yes,Bank transfer (automatic),84.24,402.82,No
CUS-03856,Female,0,Yes,No,52,Yes,Yes,DSL,No,No,No,One year,No,Mailed check,101.35,5498.28,No
CUS-03857,Male,0,Yes,Yes,17,Yes,No,DSL,Yes,No,No,Month-to-month,Yes,Electronic check,35.93,582.13,No
CUS-03858,Female,0,No,Yes,62,Yes,No,No,No,No,Yes,Month-to-month,Yes,Mailed check,103.49,6663.55,Yes
CUS-03859,Male,0,No,No,52,No,Yes,Fiber optic,No,Yes,No internet service,Month-to-month,Yes,Credit card (automatic),36.95,1993.6,No
CUS-03860,Female,0,Yes,Yes,20,Yes,No,DSL,No,No,Yes,Month-to-month,Yes,Electronic check,115.62,2321.93,No
CUS-03861,Female,1,Yes,No,16,Yes,Yes,DSL,No,Yes,Yes,One year,Yes,Mailed check,45.99,763.83,No
CUS-03862,Male,0,Yes,No,7,Yes,No,Fiber optic,Yes,No internet service,No,Month-to-month,No,Mailed check,86.41,616.23,Yes
CUS-03863,Female,0,No,No,66,Yes,Yes,Fiber optic,No,No,No,Month-to-month,No,Credit card (automatic),72.65,4637.4,Yes
CUS-03864,Female,0,Yes,No,12,No,Yes,No,No,No,No,Month-to-month,Yes,Electronic check,65.86,817.52,No
CUS-03865,Female,1,No,No,43,Yes,No,Fiber optic,No,No,No,One year,No,Credit card (automatic),60.86,2591.08,No
CUS-03866,Female,0,Yes,No,40,Yes,No,DSL,No,Yes,No internet service,Month-to-month,Yes,Electronic check,56.36,2190.66,No
CUS-03867,Female,0,Yes,No,1,Yes,No,Fiber optic,No,No internet service,Yes,Two year,Yes,Credit card (automatic),48.32,50.63,No
CUS-03868,Female,0,Yes,No,58,Yes,No,DSL,No,No internet service,No,Month-to-month,No,Electronic check,77.72,4591.05,No
CUS-03869,Female,0,No,No,3,Yes,Yes,DSL,No,No,No,Month-to-month,Yes,Electronic check,116.42,338.27,Yes
CUS-03870,Female,0,Yes,Yes,8,No,No,DSL,No internet service,No,Yes,Two year,Yes,Mailed check,85.22,707.02,No
CUS-03871,Male,0,Yes,No,61,Yes,No,DSL,No,No,No internet service,One year,No,Electronic check,93.69,5900.68,No
CUS-03872,Male,0,Yes,Yes,5,Yes,Yes,No,No,No internet service,Yes,Month-to-month,No,Electronic check,83.42,400.54,No
CUS-03873,Female,0,Yes,No,26,Yes,Yes,Fiber optic,Yes,Yes,Yes,Month-to-month,Yes,Mailed check,69.57,1741.3,No
CUS-03874,Female,0,Yes,Yes,17,Yes,No,DSL,No internet service,No,Yes,Month-to-month,No,Credit card (automatic),99.71,1648.24,Yes
CUS-03875,Male,0,No,No,66,Yes,No,Fiber optic,No internet service,No internet service,Yes,One year,Yes,Mailed check,50.32,3453.88,No
CUS-03876,Male,0,No,No,51,Yes,No,Fiber optic,No,No,Yes,Month-to-month,Yes,Bank transfer (automatic),45.32,2363.38,No
CUS-03877,Male,0,Yes,No,47,Yes,No,No,Yes,No,Yes,Two year,No,Bank transfer (automatic),56.38,2756.25,No
CUS-03878,Female,0,No,No,40,No,No phone service,No,No internet service,No,No,Month-to-month,No,Electronic check,75.88,3139.85,Yes
CUS-03879,Male,0,Yes,Yes,27,Yes,Yes,DSL,No internet service,No internet service,Yes,One year,No,Electronic check,18.01,487.87,Yes
CUS-03880,Female,0,Yes,No,40,Yes,No,No,No,No,No internet service,One year,Yes,Credit card (automatic),101.52,3878.45,Yes
CUS-03881,Female,0,No,No,1,No,No,DSL,No,No,Yes,Month-to-month,No,Electronic check,48.32,49.39,No
CUS-03882,Male,0,No,No,46,No,No,DSL,No internet service,No,No,Two year,Yes,Mailed check,78.08,3633.69,No
CUS-03883,Female,0,No,No,11,Yes,Yes,DSL,No,No,Yes,Month-to-month,No,Credit card (automatic),23.24,248.79,Yes
CUS-03884,Female,0,Yes,No,39,Yes,No,DSL,No,No,Yes,Month-to-month,Yes,Electronic check,61.16,2486.48,No
CUS-03885,Female,0,Yes,No,18,Yes,No,No,No,No internet service,Yes,Month-to-month,Yes,Credit card (automatic),24.79,454.56,No
CUS-03886,Female,0,No,No,47,Yes,No,Fiber optic,No,No internet service,Yes,Two year,Yes,Mailed check,19.13,926.3,No
CUS-03887,Male,0,No,Yes,21,Yes,Yes,Fiber optic,No,Yes,No,Month-to-month,Yes,Credit card (automatic),96.83,2089.58,Yes
CUS-03888,Male,0,Yes,No,28,Yes,No,No,No,No internet service,No,Two year,No,Mailed check,58.48,1576.36,No
CUS-03889,Female,0,No,No,1,Yes,No,Fiber optic,No,No,Yes,Month-to-month,Yes,Mailed check,99.47,97.28,Yes
CUS-03890,Female,0,No,Yes,14,Yes,No,DSL,No internet service,Yes,No,Two year,No,Bank transfer (automatic),51.73,743.15,No
CUS-03891,Male,0,Yes,No,20,Yes,No,Fiber optic,No internet service,No internet service,Yes,Month-to-month,No,Credit card (automatic),82.78,1669.44,No
CUS-03892,Female,0,No,Yes,45,Yes,No,No,No,No,Yes,Month-to-month,No,Mailed check,27.43,1188.05,No
CUS-03893,Male,0,No,Yes,61,Yes,Yes,No,No,No internet service,Yes,Two year,No,Credit card (automatic),37.05,2242.73,Yes
CUS-03894,Female,1,Yes,No,27,Yes,No,Fiber optic,No internet service,Yes,No,Month-to-month,No,Bank transfer (automatic),65.13,1712.64,Yes
CUS-03895,Female,0,No,No,56,Yes,Yes,No,No,No,No internet service,One year,No,Mailed check,62.05,3560.74,Yes
CUS-03896,Male,0,Yes,Yes,52,Yes,No,No,No,No,No,Two year,Yes,Electronic check,37.42,1875.33,No
CUS-03897,Male,0,Yes,No,68,No,Yes,DSL,No,Yes,No,Two year,No,Electronic check,105.08,7226.3,Yes
CUS-03898,Male,0,No,No,37,Yes,No,Fiber optic,No,Yes,Yes,One year,Yes,Credit card (automatic),46.43,1636.84,No
CUS-03899,Male,0,No,Yes,31,Yes,No,DSL,No,No,No,Month-to-month,Yes,Electronic check,60.73,1918.58,No
CUS-03900,Female,0,No,No,49,Yes,No,Fiber optic,No internet service,No,Yes,Month-to-month,Yes,Bank transfer (automatic),51.74,2431.15,No
CUS-03901,Male,0,No,No,53,Yes,No,No,No internet service,Yes,No,One year,No,Mailed check,117.55,5998.76,No
CUS-03902,Female,0,No,No,39,Yes,No,No,Yes,Yes,No internet service,Two year,Yes,Bank transfer (automatic),52.66,2049.51,No
CUS-03903,Male,0,No,Yes,10,Yes,No,Fiber optic,No,No,No,Month-to-month,Yes,Credit card (automatic),44.46,422.85,Yes
CUS-03904,Male,0,Yes,No,9,Yes,Yes,No,No,No internet service,No,Month-to-month,Yes,Bank transfer (automatic),108.68,1024.88,Yes
CUS-03905,Female,0,No,Yes,13,Yes,Yes,DSL,No,No internet service,No,Month-to-month,Yes,Mailed check,33.74,428.55,No
CUS-03906,Male,0,No,Yes,18,Yes,Yes,DSL,No internet service,No,No,Month-to-month,No,Credit card (automatic),109.82,1878.86,Yes
CUS-03907,Male,1,Yes,No,12,Yes,Yes,DSL,No,No,Yes,Month-to-month,No,Bank transfer (automatic),74.85,930.92,No
CUS-03908,Male,0,No,Yes,5,Yes,No phone service,Fiber optic,No internet service,No internet service,No,Month-to-month,No,Credit card (automatic),40.32,192.86,No
CUS-03909,Male,0,No,Yes,7,Yes,Yes,No,No,No internet service,No,Two year,Yes,Bank transfer (automatic),43.2,313.72,No
CUS-03910,Female,0,No,No,15,Yes,No,Fiber optic,Yes,Yes,No,Month-to-month,Yes,Bank transfer (automatic),89.1,1376.43,Yes
CUS-03911,Female,0,Yes,No,67,Yes,Yes,No,No,No,Yes,Month-to-month,Yes,Electronic check,21.94,1414.27,Yes
CUS-03912,Male,0,No,Yes,18,Yes,No phone service,Fiber optic,No,No internet service,Yes,Two year,No,Electronic check,89.55,1549.53,Yes
CUS-03913,Male,1,Yes,No,38,Yes,Yes,Fiber optic,No,No internet service,No internet service,Month-to-month,Yes,Credit card (automatic),48.99,1906.75,No
CUS-03914,Male,0,Yes,Yes,26,No,Yes,Fiber optic,Yes,No,Yes,Month-to-month,No,Electronic check,98.83,2642.86,No
CUS-03915,Female,1,No,No,38,Yes,Yes,No,Yes,No,No internet service,Month-to-month,No,Electronic check,30.5,1144.6,Yes
CUS-03916,Female,0,No,Yes,59,Yes,No,DSL,No,No,No internet service,One year,Yes,Electronic check,42.92,2627.6,Yes
CUS-03917,Female,0,Yes,No,52,Yes,Yes,DSL,No,No internet service,No internet service,One year,No,Bank transfer (automatic),61.9,3121.73,No
CUS-03918,Female,1,Yes,No,33,Yes,No,DSL,No internet service,Yes,Yes,Month-to-month,Yes,Electronic check,105.92,3534.09,No
CUS-03919,Male,0,No,Yes,21,Yes,No,No,No,No,No internet service,One year,Yes,Bank transfer (automatic),46.41,966.36,No
CUS-03920,Male,0,No,No,17,Yes,Yes,No,Yes,No,No,Month-to-month,No,Bank transfer (automatic),102.38,1711.51,No
CUS-03921,Male,0,No,No,62,Yes,Yes,Fiber optic,No,No internet service,Yes,Two year,No,Electronic check,28.21,1755.59,Yes
CUS-03922,Female,1,No,No,59,Yes,No,No,No,No,Yes,Month-to-month,No,Electronic check,35.36,2045.09,No
CUS-03923,Male,0,Yes,No,2,Yes,Yes,Fiber optic,No,No,Yes,Two year,Yes,Electronic check,33.8,65.73,Yes
CUS-03924,Female,1,Yes,No,64,Yes,No,Fiber optic,Yes,Yes,Yes,Month-to-month,Yes,Electronic check,79.3,5095.76,No
CUS-03925,Female,0,Yes,No,25,Yes,Yes,No,Yes,No internet service,Yes,Month-to-month,No,Bank transfer (automatic),56.87,1425.65,No
CUS-03926,Male,0,Yes,No,41,Yes,No,Fiber optic,Yes,No internet service,No internet service,One year,Yes,Electronic check,104.35,4411.18,No
CUS-03927,Male,0,Yes,No,19,Yes,No,Fiber optic,No,No internet service,No internet service,Month-to-month,Yes,Bank transfer (automatic),66.58,1284.07,No
CUS-03928,Male,0,Yes,No,38,Yes,No,DSL,No,Yes,No,Month-to-month,No,Credit card (automatic),101.8,3804.41,No
CUS-03929,Female,1,No,No,25,Yes,Yes,DSL,Yes,No,Yes,One year,No,Credit card (automatic),42.03,1070.46,No
CUS-03930,Female,0,Yes,No,39,Yes,No,Fiber optic,No,Yes,Yes,Month-to-month,No,Credit card (automatic),111.13,4167.92,Yes
CUS-03931,Male,0,No,No,4,Yes,No,DSL,No internet service,No,No,Month-to-month,No,Credit card (automatic),81.49,315.58,Yes
CUS-03932,Male,0,No,No,3,Yes,No,Fiber optic,No,No,No,Month-to-month,Yes,Bank transfer (automatic),68.56,207.45,Yes
CUS-03933,Female,0,No,Yes,34,Yes,No,Fiber optic,No,No,No internet service,Two year,No,Bank transfer (automatic),78.88,2697.17,No
CUS-03934,Male,0,No,No,10,Yes,No,Fiber optic,Yes,Yes,No internet service,Month-to-month,Yes,Bank transfer (automatic),109.71,1100.41,Yes
CUS-03935,Female,1,No,No,27,Yes,No phone service,Fiber optic,Yes,No,No internet service,One year,No,Credit card (automatic),52.25,1429.68,No
CUS-03936,Female,1,Yes,No,1,Yes,No,No,No,Yes,Yes,Month-to-month,No,Bank transfer (automatic),42.58,41.11,Yes
CUS-03937,Male,0,Yes,No,44,Yes,Yes,DSL,No,No,Yes,Month-to-month,No,Electronic check,42.54,1928.15,No
CUS-03938,Male,1,Yes,No,52,Yes,Yes,Fiber optic,No,No,Yes,Month-to-month,Yes,Electronic check,115.27,6219.07,Yes
CUS-03939,Male,1,Yes,No,25,Yes,No phone service,No,No internet service,No,Yes,Month-to-month,Yes,Electronic check,51.75,1296.48,Yes
CUS-03940,Male,0,No,No,65,Yes,Yes,DSL,No,Yes,No internet service,Month-to-month,Yes,Bank transfer (automatic),106.39,7043.17,Yes
CUS-03941,Female,0,No,No,11,No,No phone service,DSL,No,Yes,No internet service,Month-to-month,Yes,Bank transfer (automatic),31.75,360.41,Yes
CUS-03942,Female,1,No,Yes,68,No,No,Fiber optic,No internet service,No,Yes,Month-to-month,Yes,Electronic check,61.06,4214.48,No
CUS-03943,Female,0,Yes,No,15,No,Yes,Fiber optic,Yes,No internet service,No internet service,Month-to-month,Yes,Credit card (automatic),79.92,1190.95,No
CUS-03944,Male,1,No,No,57,Yes,Yes,DSL,No internet service,No,Yes,One year,Yes,Credit card (automatic),114.35,6637.38,No
CUS-03945,Female,0,Yes,No,64,Yes,No,Fiber optic,No,No internet service,No,One year,Yes,Bank transfer (automatic),85.73,5723.06,No
CUS-03946,Male,0,No,No,11,Yes,No,Fiber optic,Yes,No internet service,No,Month-to-month,Yes,Electronic check,18.2,195.93,Yes
CUS-03947,Male,0,Yes,No,20,Yes,Yes,Fiber optic,Yes,No,Yes,One year,Yes,Bank transfer (automatic),94.01,1936.83,No
CUS-03948,Male,0,Yes,Yes,30,No,Yes,Fiber optic,No internet service,No,No,Two year,Yes,Credit card (automatic),82.98,2613.22,No
CUS-03949,Male,0,Yes,No,10,Yes,No phone service,Fiber optic,No,No,Yes,Two year,No,Electronic check,36.52,374.8,No
CUS-03950,Male,0,No,Yes,54,Yes,Yes,Fiber optic,Yes,No internet service,No,One year,Yes,Bank transfer (automatic),80.05,4240.88,No
CUS-03951,Male,0,Yes,No,58,Yes,No,Fiber optic,Yes,No,No,Month-to-month,Yes,Electronic check,110.56,6170.17,No
CUS-03952,Female,0,Yes,Yes,29,Yes,No,Fiber optic,No,No,Yes,Month-to-month,No,Credit card (automatic),18.45,537.43,No
CUS-03953,Male,0,No,No,1,Yes,Yes,Fiber optic,Yes,Yes,No internet service,Month-to-month,Yes,Credit card (automatic),115.44,111.01,Yes
CUS-03954,Female,1,No,No,58,Yes,Yes,No,Yes,No,No internet service,One year,No,Mailed check,47.62,2751.37,No
CUS-03955,Female,0,Yes,Yes,21,Yes,Yes,Fiber optic,No,No,Yes,Month-to-month,Yes,Mailed check,78.75,1626.74,No
CUS-03956,Male,0,No,No,15,Yes,Yes,Fiber optic,No internet service,Yes,No,Month-to-month,Yes,Electronic check,45.76,684.74,No
CUS-03957,Male,0,Yes,Yes,67,No,No,DSL,No internet service,Yes,No,Two year,No,Electronic check,91.09,5990.03,Yes
CUS-03958,Male,0,Yes,Yes,33,Yes,No,No,Yes,No,No,Two year,Yes,Bank transfer (automatic),69.58,2375.33,No
CUS-03959,Female,0,Yes,No,38,Yes,No,Fiber optic,No internet service,No,No,Two year,No,Electronic check,44.29,1672.43,Yes
CUS-03960,Male,0,Yes,No,19,Yes,No,Fiber optic,No,No,Yes,Month-to-month,No,Electronic check,68.34,1247.15,No
CUS-03961,Female,0,No,Yes,4,Yes,Yes,Fiber optic,No,No,No internet service,Two year,Yes,Bank transfer (automatic),53.16,215.74,Yes
CUS-03962,Male,0,No,No,58,Yes,Yes,DSL,Yes,Yes,Yes,One year,No,Bank transfer (automatic),42.97,2561.65,No
CUS-03963,Male,0,Yes,No,70,Yes,Yes,Fiber optic,No internet service,Yes,Yes,One year,No,Credit card (automatic),77.28,5368.88,No
CUS-03964,Female,1,No,Yes,12,Yes,Yes,DSL,No internet service,No internet service,No,Month-to-month,No,Mailed check,81.82,992.21,No
CUS-03965,Female,0,No,No,17,Yes,No phone service,Fiber optic,No internet service,No,No,Two year,No,Electronic check,32.05,541.92,Yes
CUS-03966,Male,1,Yes,No,1,Yes,Yes,DSL,Yes,Yes,No internet service,Month-to-month,Yes,Bank transfer (automatic),110.92,107.6,No
CUS-03967,Female,1,Yes,No,14,Yes,Yes,DSL,No internet service,Yes,No,Month-to-month,No,Electronic check,18.67,263.92,Yes
CUS-03968,Female,1,No,No,2,Yes,No,DSL,No,Yes,Yes,Month-to-month,Yes,Electronic check,45.69,93.22,Yes
CUS-03969,Female,1,No,No,4,Yes,No,Fiber optic,Yes,No,No internet service,One year,No,Mailed check,52.33,204.07,No
CUS-03970,Female,0,No,No,66,Yes,No phone service,Fiber optic,Yes,No,Yes,One year,No,Mailed check,24.64,1660.34,Yes
CUS-03971,Female,0,No,No,46,Yes,Yes,DSL,No,No,No internet service,Two year,No,Electronic check,27.0,1286.71,No
CUS-03972,Male,0,Yes,No,50,Yes,Yes,Fiber optic,No internet service,No,Yes,Month-to-month,Yes,Mailed check,102.74,5351.27,Yes
CUS-03973,Male,0,No,Yes,60,Yes,Yes,Fiber optic,No internet service,No,Yes,Month-to-month,No,Credit card (automatic),54.18,3144.34,No
CUS-03974,Female,0,Yes,No,52,Yes,Yes,Fiber optic,No,No,No,One year,No,Bank transfer (automatic),54.53,2741.23,No
CUS-03975,Male,0,No,No,48,Yes,No,DSL,No,No internet service,Yes,Month-to-month,No,Mailed check,86.86,4323.22,No
CUS-03976,Male,1,No,No,39,No,No,DSL,No,No internet service,Yes,Month-to-month,No,Electronic check,90.43,3591.89,Yes
CUS-03977,Female,1,Yes,No,70,No,No,No,No,No,No,Month-to-month,Yes,Bank transfer (automatic),88.75,5982.52,No
CUS-03978,Male,0,Yes,No,60,Yes,Yes,No,Yes,Yes,Yes,One year,Yes,Electronic check,64.89,3891.5,No
CUS-03979,Female,0,No,Yes,30,Yes,Yes,Fiber optic,No,No,Yes,Two year,Yes,Bank transfer (automatic),88.67,2729.2,No
CUS-03980,Female,1,Yes,No,27,Yes,No phone service,Fiber optic,No,No,No,Month-to-month,Yes,Credit card (automatic),110.39,2890.84,No
CUS-03981,Male,0,No,Yes,55,Yes,No,Fiber optic,No,Yes,No internet service,Month-to-month,Yes,Electronic check,31.48,1802.46,Yes
CUS-03982,Female,0,No,No,70,Yes,No phone service,DSL,Yes,Yes,Yes,Month-to-month,No,Mailed check,75.48,5476.96,Yes
CUS-03983,Female,0,No,No,26,Yes,No,No,No,No internet service,No,One year,Yes,Electronic check,105.87,2778.38,No
CUS-03984,Female,0,Yes,Yes,42,Yes,No phone service,DSL,Yes,No,Yes,One year,Yes,Credit card (automatic),114.57,4945.59,No
CUS-03985,Female,0,No,No,67,No,No,Fiber optic,No internet service,Yes,Yes,Two year,Yes,Credit card (automatic),26.79,1731.88,No
CUS-03986,Female,1,No,No,67,Yes,Yes,Fiber optic,No,No,Yes,Two year,No,Electronic check,112.98,7379.02,Yes
CUS-03987,Male,0,No,No,52,Yes,No,Fiber optic,No internet service,Yes,No,Two year,No,Credit card (automatic),90.65,4843.11,No
CUS-03988,Male,0,No,Yes,6,Yes,No,Fiber optic,Yes,Yes,Yes,Month-to-month,Yes,Electronic check,90.46,539.74,Yes
CUS-03989,Female,0,No,No,10,Yes,Yes,Fiber optic,No,No,No,One year,No,Electronic check,32.76,317.15,Yes
CUS-03990,Female,0,No,No,38,No,Yes,DSL,No internet service,No,No,Two year,No,Electronic check,75.58,2811.76,No
CUS-03991,Male,1,Yes,No,12,Yes,Yes,DSL,No,No internet service,No internet service,One year,Yes,Credit card (automatic),53.86,654.22,No
CUS-03992,Female,0,No,No,46,Yes,Yes,No,Yes,No,No internet service,Two year,No,Credit card (automatic),76.56,3360.14,No
CUS-03993,Male,0,Yes,No,49,Yes,Yes,Fiber optic,No,Yes,Yes,Month-to-month,Yes,Electronic check,91.74,4337.15,Yes
CUS-03994,Female,0,Yes,No,63,Yes,No,No,No,No,No,Month-to-month,Yes,Credit card (automatic),36.34,2221.32,No
CUS-03995,Female,0,Yes,No,69,Yes,No phone service,Fiber optic,Yes,No,No,Month-to-month,Yes,Electronic check,33.3,2386.73,Yes
CUS-03996,Female,0,No,No,43,Yes,No,Fiber optic,No internet service,Yes,No internet service,Month-to-month,No,Bank transfer (automatic),53.68,2397.73,No
CUS-03997,Female,0,No,No,60,Yes,Yes,Fiber optic,No,No internet service,Yes,One year,No,Credit card (automatic),82.23,4791.93,No
CUS-03998,Female,0,No,No,29,Yes,Yes,DSL,No,Yes,No,Month-to-month,No,Electronic check,85.38,2500.33,No
CUS-03999,Female,0,Yes,No,11,Yes,Yes,Fiber optic,Yes,Yes,No internet service,One year,Yes,Mailed check,78.88,855.55,Yes
CUS-04000,Female,0,Yes,No,35,Yes,No,No,Yes,No,Yes,Month-to-month,No,Bank transfer (automatic),102.95,3441.23,No
CUS-04001,Male,1,Yes,No,23,Yes,No,No,No,Yes,Yes,Two year,No,Mailed check,91.49,2031.34,No
CUS-04002,Male,1,No,No,21,Yes,Yes,Fiber optic,No,No,No,Two year,Yes,Electronic check,68.47,1366.74,Yes
CUS-04003,Male,0,Yes,No,37,No,No,Fiber optic,No,No internet service,No internet service,One year,Yes,Bank transfer (automatic),66.25,2569.95,No
CUS-04004,Female,0,Yes,Yes,28,Yes,No,No,Yes,No,No,Month-to-month,No,Electronic check,97.77,2778.55,Yes
CUS-04005,Female,0,Yes,No,58,Yes,Yes,Fiber optic,No internet service,No internet service,No,Month-to-month,Yes,Credit card (automatic),106.4,5944.48,Yes
CUS-04006,Female,1,No,Yes,53,No,Yes,No,No,No,Yes,One year,No,Mailed check,102.91,5581.63,No
CUS-04007,Female,0,No,Yes,28,No,No,Fiber optic,Yes,No,No,Two year,No,Credit card (automatic),67.63,1914.91,No
CUS-04008,Female,0,No,Yes,42,Yes,No,No,No,No,Yes,One year,Yes,Credit card (automatic),75.92,3095.26,No
CUS-04009,Female,0,Yes,No,61,Yes,Yes,DSL,Yes,No,Yes,Two year,No,Electronic check,96.63,5890.37,No
CUS-04010,Female,0,Yes,No,33,Yes,Yes,Fiber optic,No,No,No,One year,Yes,Mailed check,75.94,2533.74,No
CUS-04011,Male,0,Yes,Yes,55,Yes,No,DSL,No,No,Yes,One year,Yes,Credit card (automatic),40.49,2196.2,Yes
CUS-04012,Female,0,Yes,No,37,Yes,Yes,Fiber optic,No internet service,Yes,Yes,One year,No,Mailed check,106.68,4128.19,Yes
CUS-04013,Male,0,Yes,Yes,47,Yes,No,Fiber optic,No,No,No,One year,No,Electronic check,67.34,3036.71,No
CUS-04014,Male,0,Yes,No,36,Yes,Yes,DSL,Yes,No,No,One year,Yes,Bank transfer (automatic),116.21,4027.11,No
CUS-04015,Female,0,Yes,No,28,Yes,Yes,Fiber optic,Yes,Yes,No,Month-to-month,Yes,Bank transfer (automatic),73.32,2126.17,Yes
CUS-04016,Female,0,Yes,Yes,10,Yes,Yes,DSL,Yes,No,No internet service,Two year,Yes,Bank transfer (automatic),56.69,552.74,No
CUS-04017,Male,0,Yes,Yes,23,Yes,No phone service,DSL,No internet service,No internet service,Yes,Two year,No,Mailed check,39.33,871.14,No
CUS-04018,Male,0,No,No,5,Yes,No,DSL,No,Yes,Yes,One year,Yes,Electronic check,52.49,259.48,No
CUS-04019,Female,1,No,No,6,Yes,No,Fiber optic,No internet service,No,No,One year,No,Credit card (automatic),40.06,232.39,No
CUS-04020,Female,0,No,Yes,42,Yes,No,DSL,No,No internet service,Yes,Month-to-month,Yes,Electronic check,110.16,4628.74,Yes
CUS-04021,Male,0,Yes,No,47,Yes,No,DSL,No internet service,No,No internet service,Two year,No,Credit card (automatic),78.05,3754.07,No
CUS-04022,Female,0,Yes,No,28,Yes,No,DSL,Yes,No internet service,No,Two year,Yes,Mailed check,100.02,2872.14,No
CUS-04023,Female,1,No,No,13,Yes,Yes,DSL,No internet service,Yes,Yes,Two year,Yes,Mailed check,38.83,494.85,No
CUS-04024,Female,0,Yes,No,25,Yes,No phone service,DSL,Yes,Yes,No,Month-to-month,No,Mailed check,24.21,616.76,Yes
CUS-04025,Male,0,No,No,7,Yes,No,Fiber optic,No internet service,Yes,Yes,Two year,No,Electronic check,59.89,438.74,No
CUS-04026,Male,1,No,No,66,Yes,No phone service,Fiber optic,No,No internet service,Yes,Month-to-month,Yes,Electronic check,111.62,7004.04,Yes
CUS-04027,Male,0,No,No,58,Yes,No,No,Yes,Yes,No,One year,Yes,Credit card (automatic),29.31,1724.86,No
CUS-04028,Female,0,No,No,66,No,No,DSL,No,No internet service,No,Two year,Yes,Electronic check,96.86,6392.5,No
CUS-04029,Female,0,No,Yes,36,No,No phone service,No,No internet service,No,No,Month-to-month,Yes,Mailed check,23.92,852.01,No
CUS-04030,Male,0,No,No,2,Yes,Yes,Fiber optic,No,Yes,No,Month-to-month,No,Credit card (automatic),34.52,67.03,Yes
CUS-04031,Male,1,Yes,Yes,38,Yes,No,Fiber optic,No,Yes,No internet service,Month-to-month,Yes,Electronic check,90.99,3327.62,Yes
CUS-04032,Male,0,Yes,Yes,14,Yes,Yes,Fiber optic,No,No,Yes,Month-to-month,Yes,Electronic check,39.1,570.44,No
CUS-04033,Female,0,Yes,No,27,Yes,No,DSL,Yes,Yes,No internet service,Month-to-month,Yes,Credit card (automatic),20.2,519.79,Yes
CUS-04034,Male,0,Yes,No,15,Yes,No,Fiber optic,No internet service,No internet service,Yes,Month-to-month,Yes,Bank transfer (automatic),39.94,597.3,Yes
CUS-04035,Male,0,Yes,Yes,12,Yes,No,No,Yes,No internet service,Yes,Two year,Yes,Mailed check,91.28,1063.03,No
CUS-04036,Female,0,Yes,No,43,Yes,No,No,No internet service,Yes,No,Two year,No,Mailed check,71.22,2954.44,No
CUS-04037,Female,0,No,No,57,Yes,Yes,No,No,No,No internet service,Month-to-month,Yes,Credit card (automatic),72.72,4083.94,No
CUS-04038,Female,0,Yes,No,48,Yes,No,No,No,No,Yes,One year,Yes,Electronic check,59.04,2781.81,No
CUS-04039,Male,0,Yes,Yes,61,Yes,Yes,Fiber optic,No internet service,No internet service,No,Two year,Yes,Electronic check,32.58,1979.78,No
CUS-04040,Female,0,Yes,No,44,Yes,Yes,Fiber optic,No,Yes,No,Month-to-month,No,Electronic check,39.55,1739.01,Yes
CUS-04041,Female,0,No,No,52,Yes,No,No,No,No,No,Two year,No,Electronic check,36.51,1899.35,No
CUS-04042,Male,0,Yes,No,62,Yes,No,Fiber optic,No,Yes,Yes,Two year,No,Mailed check,88.72,5298.17,No
CUS-04043,Female,0,No,No,2,No,Yes,DSL,Yes,No,No,Month-to-month,Yes,Mailed check,102.71,198.66,No
CUS-04044,Male,0,No,No,71,Yes,Yes,Fiber optic,No,Yes,Yes,Two year,Yes,Credit card (automatic),41.75,2912.13,No
CUS-04045,Male,0,No,No,31,Yes,Yes,Fiber optic,Yes,No,Yes,One year,Yes,Mailed check,35.25,1046.94,No
CUS-04046,Female,0,Yes,No,33,Yes,No,Fiber optic,No,No internet service,No,Month-to-month,Yes,Credit card (automatic),43.17,1472.09,No
CUS-04047,Female,0,No,No,5,Yes,No,No,Yes,No,No,Two year,No,Credit card (automatic),111.88,536.89,Yes
CUS-04048,Female,0,No,No,58,Yes,Yes,Fiber optic,No internet service,No,No internet service,Two year,No,Bank transfer (automatic),39.36,2220.86,No
CUS-04049,Female,1,Yes,Yes,11,Yes,No,No,No,No,Yes,One year,Yes,Electronic check,87.0,970.14,Yes
CUS-04050,Female,0,Yes,No,23,Yes,Yes,No,No internet service,No,Yes,Two year,Yes,Mailed check,29.67,711.78,No
CUS-04051,Female,0,Yes,No,45,Yes,No,DSL,Yes,No,Yes,Two year,No,Electronic check,84.03,3643.22,No
CUS-04052,Male,0,No,Yes,27,Yes,Yes,DSL,No internet service,No,Yes,Two year,No,Mailed check,42.45,1139.17,No
CUS-04053,Male,0,Yes,No,56,Yes,No phone service,Fiber optic,No internet service,No internet service,No,Month-to-month,No,Credit card (automatic),101.72,5580.74,Yes
CUS-04054,Female,0,No,No,59,Yes,Yes,No,Yes,Yes,No,Two year,No,Bank transfer (automatic),20.32,1196.49,No
CUS-04055,Male,1,Yes,No,40,Yes,No,DSL,No internet service,Yes,Yes,Two year,Yes,Credit card (automatic),68.03,2704.38,No
CUS-04056,Female,0,No,Yes,18,Yes,No,Fiber optic,No,Yes,No,Two year,No,Electronic check,84.33,1529.72,No
CUS-04057,Male,0,No,No,51,Yes,Yes,Fiber optic,Yes,No,No,One year,No,Electronic check,92.35,4494.49,Yes
CUS-04058,Male,0,Yes,No,61,Yes,Yes,Fiber optic,No,Yes,No,Two year,No,Bank transfer (automatic),108.04,6807.3,No
CUS-04059,Male,0,Yes,No,23,Yes,Yes,DSL,Yes,No internet service,No internet service,Month-to-month,Yes,Bank transfer (automatic),80.59,1767.02,Yes
CUS-04060,Female,0,Yes,Yes,36,Yes,No,DSL,No internet service,No,Yes,Two year,No,Electronic check,30.86,1119.01,Yes
CUS-04061,Male,0,Yes,No,38,Yes,Yes,DSL,Yes,No internet service,Yes,Month-to-month,No,Bank transfer (automatic),90.35,3541.14,Yes
CUS-04062,Female,0,No,No,56,Yes,No,Fiber optic,No,No,No,Two year,Yes,Mailed check,70.8,3812.27,Yes
CUS-04063,Male,0,Yes,No,39,Yes,No,DSL,No,Yes,No,Two year,Yes,Credit card (automatic),27.96,1110.26,No
CUS-04064,Male,0,No,Yes,69,No,Yes,No,No internet service,Yes,No,Month-to-month,Yes,Mailed check,32.04,2146.73,No
CUS-04065,Male,0,Yes,No,28,Yes,Yes,Fiber optic,Yes,No,Yes,Two year,No,Electronic check,100.84,2738.45,Yes
CUS-04066,Male,0,Yes,No,21,No,No phone service,Fiber optic,No,Yes,No internet service,Two year,Yes,Electronic check,74.55,1494.25,No
CUS-04067,Male,0,No,Yes,62,Yes,Yes,No,Yes,No internet service,No,Two year,Yes,Credit card (automatic),33.78,2066.77,Yes
CUS-04068,Female,0,No,Yes,23,Yes,Yes,Fiber optic,No,No internet service,No,Month-to-month,Yes,Credit card (automatic),96.85,2315.02,No
CUS-04069,Female,1,Yes,Yes,21,Yes,No,DSL,No internet service,No,No,Two year,No,Mailed check,76.65,1642.54,No
CUS-04070,Male,0,No,Yes,16,Yes,Yes,No,Yes,No internet service,No,Month-to-month,Yes,Electronic check,34.74,559.66,Yes
CUS-04071,Male,1,Yes,No,62,Yes,No,DSL,Yes,No,No internet service,Month-to-month,Yes,Electronic check,62.98,4029.16,No
CUS-04072,Male,1,No,No,65,Yes,Yes,DSL,No,No,No,One year,No,Mailed check,110.89,7449.73,Yes
CUS-04073,Male,1,Yes,Yes,5,Yes,No phone service,Fiber optic,Yes,No,Yes,Month-to-month,Yes,Electronic check,93.15,470.11,Yes
CUS-04074,Female,0,Yes,No,46,Yes,No,DSL,Yes,Yes,No internet service,Two year,Yes,Electronic check,56.68,2557.83,No
CUS-04075,Male,0,No,No,64,Yes,No phone service,Fiber optic,Yes,No,No,One year,Yes,Credit card (automatic),18.53,1231.05,No
CUS-04076,Female,0,Yes,Yes,41,Yes,Yes,Fiber optic,No,No,Yes,Month-to-month,Yes,Bank transfer (automatic),40.6,1639.61,Yes
CUS-04077,Male,0,Yes,No,44,Yes,Yes,Fiber optic,Yes,No,No,Month-to-month,Yes,Credit card (automatic),36.08,1535.63,No
CUS-04078,Female,0,Yes,Yes,15,Yes,No phone service,DSL,No,No,Yes,Month-to-month,No,Mailed check,55.77,841.51,No
CUS-04079,Male,0,No,No,68,Yes,Yes,Fiber optic,No,Yes,No,Month-to-month,Yes,Mailed check,106.25,6924.75,No
CUS-04080,Male,0,No,Yes,51,Yes,No,DSL,No,No,No internet service,One year,No,Electronic check,36.0,1782.94,No
CUS-04081,Female,0,No,No,54,Yes,Yes,DSL,No internet service,No internet service,No,Two year,Yes,Mailed check,22.97,1283.49,No
CUS-04082,Male,1,No,Yes,68,Yes,No phone service,Fiber optic,No,No internet service,Yes,One year,Yes,Bank transfer (automatic),31.13,2099.34,Yes
CUS-04083,Male,1,No,No,42,Yes,Yes,Fiber optic,No,Yes,No internet service,One year,No,Electronic check,62.62,2627.03,No
CUS-04084,Male,1,Yes,No,46,No,No,Fiber optic,Yes,No,No internet service,Month-to-month,Yes,Mailed check,24.75,1142.91,No
CUS-04085,Female,0,Yes,No,25,Yes,No,DSL,No,No,Yes,Month-to-month,No,Credit card (automatic),73.65,1839.95,Yes
CUS-04086,Male,1,No,No,67,Yes,Yes,No,No internet service,Yes,No,Month-to-month,No,Credit card (automatic),45.39,2955.34,Yes
CUS-04087,Male,0,Yes,Yes,35,Yes,Yes,DSL,No,No,No internet service,One year,No,Credit card (automatic),55.49,2022.96,No
CUS-04088,Female,0,Yes,No,22,Yes,No phone service,Fiber optic,Yes,Yes,Yes,Month-to-month,Yes,Electronic check,33.61,752.67,No
CUS-04089,Female,0,No,No,9,Yes,No,DSL,No internet service,No internet service,Yes,Month-to-month,Yes,Electronic check,92.57,845.72,Yes
CUS-04090,Female,1,No,No,24,Yes,No,Fiber optic,No,No,No,Month-to-month,Yes,Electronic check,56.14,1392.72,Yes
CUS-04091,Male,1,Yes,Yes,23,Yes,No,Fiber optic,Yes,No,Yes,Month-to-month,Yes,Electronic check,29.51,690.72,No
CUS-04092,Male,0,Yes,Yes,61,Yes,Yes,Fiber optic,No,Yes,Yes,Two year,Yes,Electronic check,54.15,3177.99,No
CUS-04093,Male,0,No,No,37,Yes,No,DSL,No,No internet service,No,Month-to-month,No,Electronic check,116.35,4235.85,No
CUS-04094,Female,0,No,Yes,45,Yes,No,Fiber optic,No,No internet service,Yes,Two year,No,Mailed check,89.4,3972.15,No
CUS-04095,Male,0,Yes,No,15,Yes,No,Fiber optic,No,No internet service,No,Month-to-month,No,Electronic check,104.93,1601.05,No
CUS-04096,Male,1,Yes,Yes,57,Yes,Yes,Fiber optic,Yes,No,Yes,Month-to-month,No,Mailed check,107.2,6235.76,Yes
CUS-04097,Female,1,No,No,14,Yes,No phone service,DSL,No,No,Yes,One year,Yes,Mailed check,72.88,1026.08,No
CUS-04098,Female,0,Yes,No,52,Yes,Yes,Fiber optic,No internet service,Yes,No,Month-to-month,Yes,Electronic check,73.69,3793.5,No
CUS-04099,Female,0,No,Yes,36,Yes,Yes,DSL,Yes,Yes,No,Two year,Yes,Bank transfer (automatic),108.67,4059.32,Yes
CUS-04100,Female,0,Yes,No,27,Yes,No phone service,DSL,Yes,Yes,No internet service,Two year,Yes,Electronic check,105.33,2859.53,No
CUS-04101,Female,0,Yes,No,17,Yes,No,DSL,No,No,Yes,One year,Yes,Bank transfer (automatic),89.64,1573.23,No
CUS-04102,Male,0,Yes,No,41,Yes,Yes,DSL,No internet service,No,Yes,Two year,Yes,Credit card (automatic),100.2,4283.65,No
CUS-04103,Female,0,No,No,4,Yes,No,Fiber optic,Yes,No,Yes,Two year,Yes,Electronic check,92.14,365.72,Yes
CUS-04104,Male,0,No,Yes,3,Yes,No,Fiber optic,No internet service,No,No internet service,Two year,Yes,Electronic check,48.78,143.28,No
CUS-04105,Male,0,Yes,Yes,19,Yes,Yes,No,No internet service,No internet service,No,Month-to-month,No,Electronic check,30.08,564.21,No
CUS-04106,Female,0,No,No,41,Yes,No,Fiber optic,No,No internet service,No internet service,Month-to-month,No,Mailed check,89.72,3525.03,No
CUS-04107,Female,0,Yes,No,40,Yes,Yes,Fiber optic,Yes,No,No internet service,Two year,Yes,Credit card (automatic),108.56,4277.44,No
CUS-04108,Female,0,No,No,58,Yes,Yes,Fiber optic,Yes,No internet service,Yes,Month-to-month,No,Credit card (automatic),115.85,6723.57,Yes
CUS-04109,Male,0,Yes,Yes,39,Yes,Yes,No,Yes,Yes,No internet service,Month-to-month,Yes,Credit card (automatic),22.89,866.45,Yes
CUS-04110,Female,0,No,No,7,Yes,No,Fiber optic,Yes,Yes,Yes,Month-to-month,Yes,Bank transfer (automatic),81.68,553.35,Yes
CUS-04111,Female,1,Yes,No,36,No,Yes,Fiber optic,No internet service,No,No,One year,Yes,Bank transfer (automatic),79.74,2818.11,No
CUS-04112,Female,0,No,Yes,20,Yes,No,No,Yes,No,No,Month-to-month,No,Electronic check,54.92,1054.54,Yes
CUS-04113,Female,1,No,No,29,Yes,No,DSL,No,No internet service,Yes,Month-to-month,No,Electronic check,73.26,2123.08,Yes
CUS-04114,Female,1,Yes,No,68,No,Yes,Fiber optic,No,No,Yes,One year,Yes,Mailed check,63.58,4382.01,No
CUS-04115,Male,0,Yes,No,66,Yes,No,DSL,No internet service,No internet service,No,Two year,No,Electronic check,110.46,7354.78,No
CUS-04116,Male,0,Yes,No,47,Yes,No,No,Yes,No internet service,No,Month-to-month,No,Credit card (automatic),47.92,2202.74,No
CUS-04117,Male,0,No,No,23,Yes,No,No,No,Yes,Yes,Two year,Yes,Electronic check,35.93,856.2,No
CUS-04118,Female,1,Yes,Yes,6,Yes,Yes,Fiber optic,No,No,No,Month-to-month,No,Electronic check,85.31,491.88,Yes
CUS-04119,Female,1,No,No,18,Yes,Yes,Fiber optic,No,No internet service,Yes,Two year,Yes,Electronic check,46.58,796.65,No
CUS-04120,Female,0,No,Yes,53,Yes,No,Fiber optic,No internet service,No,No,Month-to-month,Yes,Credit card (automatic),23.57,1203.55,No
CUS-04121,Male,0,Yes,No,22,Yes,Yes,Fiber optic,Yes,No,No,Month-to-month,Yes,Credit card (automatic),98.15,2207.66,Yes
CUS-04122,Female,0,Yes,No,68,Yes,Yes,No,No,No,No internet service,Two year,No,Credit card (automatic),50.46,3530.32,Yes
CUS-04123,Female,0,No,No,35,Yes,No,Fiber optic,No,No,No internet service,Month-to-month,No,Credit card (automatic),117.25,4213.08,Yes
CUS-04124,Female,0,No,No,9,Yes,Yes,No,No internet service,No,No internet service,Month-to-month,No,Credit card (automatic),49.2,435.02,Yes
CUS-04125,Male,0,No,No,31,Yes,No phone service,Fiber optic,Yes,Yes,Yes,Month-to-month,Yes,Electronic check,73.57,2366.16,No
CUS-04126,Female,0,Yes,Yes,43,Yes,No,Fiber optic,No,No internet service,No,Month-to-month,No,Electronic check,34.11,1523.86,Yes
CUS-04127,Male,0,Yes,Yes,17,Yes,No,DSL,Yes,No internet service,No,Two year,Yes,Mailed check,71.29,1250.72,No
CUS-04128,Female,0,No,No,51,Yes,No,DSL,No internet service,No internet service,No internet service,Two year,No,Bank transfer (automatic),44.5,2323.3,No
CUS-04129,Male,0,No,No,66,Yes,No,No,No internet service,No internet service,Yes,One year,Yes,Credit card (automatic),86.22,5884.61,No
CUS-04130,Male,1,No,No,24,Yes,No,Fiber optic,No,Yes,No,Two year,Yes,Mailed check,20.84,508.08,Yes
CUS-04131,Male,0,Yes,No,15,Yes,No,Fiber optic,Yes,No,No,Two year,Yes,Electronic check,87.91,1379.85,Yes
CUS-04132,Female,0,Yes,No,28,Yes,Yes,Fiber optic,Yes,Yes,Yes,One year,Yes,Electronic check,69.77,1978.97,Yes
CUS-04133,Female,0,Yes,Yes,3,Yes,No phone service,DSL,No,No internet service,No,Month-to-month,Yes,Electronic check,56.0,162.37,Yes
CUS-04134,Male,0,No,No,29,Yes,No,Fiber optic,No internet service,No internet service,Yes,Month-to-month,Yes,Electronic check,24.46,686.83,Yes
CUS-04135,Male,0,Yes,No,52,Yes,No phone service,Fiber optic,No internet service,No,Yes,Month-to-month,No,Electronic check,24.24,1251.74,Yes
CUS-04136,Female,0,No,No,54,Yes,No,No,No internet service,No,Yes,Month-to-month,Yes,Electronic check,97.22,5365.09,No
CUS-04137,Female,0,No,No,58,Yes,Yes,Fiber optic,No,No,Yes,One year,Yes,Bank transfer (automatic),92.07,5148.03,Yes
CUS-04138,Male,1,Yes,Yes,45,Yes,Yes,No,No internet service,No,Yes,Month-to-month,Yes,Mailed check,64.57,2816.96,Yes
CUS-04139,Female,0,Yes,No,50,Yes,Yes,Fiber optic,No internet service,No,No,Month-to-month,Yes,Electronic check,18.69,894.99,Yes
CUS-04140,Female,1,No,No,22,Yes,Yes,DSL,No,No internet service,No internet service,Month-to-month,Yes,Bank transfer (automatic),99.31,2112.18,No
CUS-04141,Female,0,Yes,Yes,52,Yes,Yes,No,No,Yes,No,Month-to-month,Yes,Bank transfer (automatic),84.56,4274.05,Yes
CUS-04142,Female,0,Yes,No,53,Yes,No,DSL,No,Yes,Yes,One year,No,Bank transfer (automatic),25.68,1369.01,No
CUS-04143,Male,0,Yes,No,31,Yes,No,Fiber optic,No,Yes,Yes,Two year,Yes,Electronic check,45.65,1399.36,Yes
CUS-04144,Female,0,No,No,71,Yes,Yes,DSL,No internet service,Yes,No,Month-to-month,Yes,Electronic check,24.78,1687.92,No
CUS-04145,Female,0,No,No,48,Yes,No,Fiber optic,Yes,No,No internet service,Month-to-month,Yes,Electronic check,104.98,4866.92,No
CUS-04146,Male,0,No,No,31,Yes,Yes,DSL,No internet service,Yes,Yes,Two year,Yes,Mailed check,68.38,2124.0,Yes
CUS-04147,Male,0,No,Yes,4,No,No,Fiber optic,No,No,No,One year,Yes,Electronic check,55.42,213.52,No
CUS-04148,Female,0,No,Yes,35,Yes,No phone service,No,No internet service,No,No,Month-to-month,Yes,Bank transfer (automatic),81.17,2905.98,No
CUS-04149,Female,0,No,No,67,Yes,No,Fiber optic,Yes,No,No internet service,Month-to-month,Yes,Mailed check,92.58,5951.83,No
CUS-04150,Female,0,No,Yes,64,Yes,Yes,Fiber optic,No,No internet service,No,One year,No,Credit card (automatic),83.3,5166.03,Yes
CUS-04151,Female,1,Yes,No,9,Yes,No,Fiber optic,Yes,No,No internet service,One year,No,Mailed check,100.88,942.06,No
CUS-04152,Male,1,Yes,No,46,Yes,No,No,Yes,Yes,Yes,Month-to-month,Yes,Credit card (automatic),77.44,3574.2,No
CUS-04153,Male,0,No,No,56,Yes,No,DSL,No,Yes,Yes,Month-to-month,Yes,Bank transfer (automatic),18.31,1075.52,Yes
CUS-04154,Male,1,No,No,56,Yes,No phone service,DSL,No,No internet service,No,One year,No,Credit card (automatic),31.61,1708.65,No
CUS-04155,Female,0,Yes,Yes,26,Yes,Yes,DSL,No internet service,No,No,One year,Yes,Credit card (automatic),104.72,2607.67,No
CUS-04156,Female,0,No,No,60,Yes,Yes,Fiber optic,Yes,No,No internet service,Month-to-month,No,Mailed check,30.78,1768.47,No
CUS-04157,Female,0,Yes,No,48,Yes,Yes,Fiber optic,Yes,No internet service,No,Two year,No,Bank transfer (automatic),79.96,4005.17,No
CUS-04158,Female,1,Yes,No,58,Yes,No,Fiber optic,Yes,Yes,Yes,Month-to-month,Yes,Credit card (automatic),38.6,2270.86,No
CUS-04159,Male,0,No,No,63,Yes,No,Fiber optic,No,No,No,Month-to-month,Yes,Bank transfer (automatic),114.05,7068.08,No
CUS-04160,Male,0,Yes,Yes,58,Yes,Yes,Fiber optic,Yes,No,No,Month-to-month,Yes,Electronic check,40.54,2324.06,No
CUS-04161,Female,0,No,No,3,Yes,Yes,Fiber optic,No internet service,No internet service,No internet service,Two year,Yes,Bank transfer (automatic),54.19,165.82,No
CUS-04162,Male,0,Yes,No,7,Yes,No,Fiber optic,No,No internet service,No internet service,Two year,Yes,Credit card (automatic),95.37,675.38,No
CUS-04163,Female,0,Yes,No,52,Yes,No phone service,DSL,No internet service,No,Yes,Month-to-month,Yes,Bank transfer (automatic),83.81,4295.29,No
CUS-04164,Female,0,No,No,62,Yes,Yes,DSL,No,No internet service,No,Month-to-month,Yes,Credit card (automatic),50.16,3169.01,Yes
CUS-04165,Male,0,No,Yes,2,Yes,Yes,Fiber optic,No,Yes,Yes,One year,No,Electronic check,87.8,172.84,Yes
CUS-04166,Female,0,Yes,No,33,Yes,No,No,No internet service,No,Yes,Month-to-month,Yes,Bank transfer (automatic),115.99,3809.44,No
CUS-04167,Female,0,No,Yes,12,Yes,Yes,Fiber optic,No internet service,Yes,Yes,Month-to-month,No,Electronic check,32.5,403.68,No
CUS-04168,Male,0,No,No,48,Yes,No,DSL,Yes,Yes,No,Two year,No,Credit card (automatic),42.04,1940.89,No
CUS-04169,Female,0,Yes,No,53,Yes,No,DSL,No internet service,No,No internet service,One year,Yes,Credit card (automatic),62.9,3311.18,No
CUS-04170,Female,0,Yes,No,41,Yes,No,Fiber optic,No,Yes,Yes,Month-to-month,No,Credit card (automatic),49.34,1940.39,Yes
CUS-04171,Male,1,No,Yes,58,Yes,No phone service,Fiber optic,Yes,No,No internet service,Month-to-month,Yes,Electronic check,49.69,2749.08,Yes
CUS-04172,Female,0,No,No,68,Yes,Yes,DSL,No,No,Yes,Month-to-month,No,Mailed check,60.9,4334.21,No
CUS-04173,Male,0,Yes,No,23,Yes,No,DSL,No,Yes,No,Month-to-month,No,Bank transfer (automatic),96.97,2244.26,Yes
CUS-04174,Female,0,Yes,No,36,Yes,No phone service,DSL,No,No,No,Month-to-month,Yes,Mailed check,53.7,2025.43,No
CUS-04175,Male,1,Yes,Yes,21,Yes,Yes,Fiber optic,No internet service,No,No,One year,Yes,Mailed check,43.68,950.2,No
CUS-04176,Male,1,Yes,No,55,Yes,Yes,DSL,Yes,No,Yes,Month-to-month,Yes,Credit card (automatic),73.08,4214.46,No
CUS-04177,Male,0,No,Yes,56,Yes,No,Fiber optic,Yes,No,No internet service,Month-to-month,No,Credit card (automatic),105.17,6145.49,Yes
CUS-04178,Female,0,No,No,13,Yes,No,No,No internet service,No,No,One year,No,Bank transfer (automatic),87.95,1186.71,Yes
CUS-04179,Male,0,Yes,No,22,No,Yes,DSL,No,No internet service,No internet service,Two year,Yes,Bank transfer (automatic),52.01,1169.88,No
CUS-04180,Male,0,No,No,7,Yes,No,DSL,No,Yes,No internet service,Two year,Yes,Bank transfer (automatic),115.22,825.47,No
CUS-04181,Male,0,No,Yes,24,Yes,No,DSL,No internet service,No,No internet service,Month-to-month,Yes,Bank transfer (automatic),87.08,2182.44,Yes
CUS-04182,Male,0,No,No,61,Yes,Yes,Fiber optic,No internet service,No internet service,Yes,Month-to-month,Yes,Bank transfer (automatic),31.83,2034.25,No
CUS-04183,Male,0,No,Yes,5,Yes,No,Fiber optic,Yes,Yes,No internet service,Two year,Yes,Credit card (automatic),87.46,456.72,No
CUS-04184,Female,0,No,No,50,Yes,No,Fiber optic,No,Yes,No internet service,Month-to-month,Yes,Credit card (automatic),108.58,5419.87,Yes
CUS-04185,Female,0,No,No,62,Yes,No,DSL,No internet service,No,Yes,Two year,Yes,Credit card (automatic),65.3,4201.21,No
CUS-04186,Female,0,Yes,No,55,Yes,No,Fiber optic,Yes,No internet service,No internet service,Month-to-month,No,Electronic check,90.94,5006.81,No
CUS-04187,Female,0,No,Yes,26,Yes,No,No,No,No,No,Two year,Yes,Mailed check,33.08,865.61,No
CUS-04188,Female,0,No,Yes,10,Yes,No,DSL,No,No internet service,No,One year,Yes,Bank transfer (automatic),29.06,300.02,Yes
CUS-04189,Female,0,Yes,No,11,Yes,Yes,DSL,No,Yes,Yes,One year,Yes,Electronic check,80.8,918.14,Yes
CUS-04190,Female,0,Yes,No,40,Yes,No,Fiber optic,Yes,No internet service,Yes,Two year,Yes,Mailed check,58.03,2396.37,Yes
CUS-04191,Male,0,Yes,No,11,Yes,No,DSL,No,Yes,No,Two year,Yes,Credit card (automatic),63.94,726.44,No
CUS-04192,Female,0,No,Yes,4,Yes,No,Fiber optic,Yes,No,Yes,Month-to-month,Yes,Electronic check,48.74,193.54,Yes
CUS-04193,Male,0,No,Yes,2,No,No,Fiber optic,Yes,No,Yes,Month-to-month,Yes,Electronic check,63.56,127.51,Yes
CUS-04194,Male,0,No,No,39,Yes,No,DSL,Yes,No,Yes,Month-to-month,No,Credit card (automatic),27.9,1061.2,Yes
CUS-04195,Female,0,Yes,No,23,Yes,Yes,No,Yes,No,No internet service,Month-to-month,Yes,Electronic check,28.8,659.98,No
CUS-04196,Male,0,No,No,45,Yes,No phone service,Fiber optic,No internet service,No,No,Month-to-month,Yes,Credit card (automatic),62.42,2938.31,Yes
CUS-04197,Male,0,Yes,No,42,Yes,Yes,DSL,No internet service,No internet service,No,Two year,No,Electronic check,63.31,2743.2,No
CUS-04198,Male,0,No,No,42,Yes,No phone service,Fiber optic,No,No,No internet service,Month-to-month,Yes,Mailed check,105.14,4355.24,No
CUS-04199,Male,0,Yes,No,29,Yes,Yes,Fiber optic,No,No,Yes,Two year,No,Bank transfer (automatic),51.04,1499.83,Yes
CUS-04200,Female,0,No,Yes,16,No,Yes,DSL,Yes,Yes,Yes,Month-to-month,No,Bank transfer (automatic),85.69,1337.23,No
CUS-04201,Female,0,No,No,67,Yes,No,DSL,Yes,No internet service,Yes,Month-to-month,No,Credit card (automatic),48.31,3141.98,Yes
CUS-04202,Female,0,No,No,60,Yes,No,Fiber optic,No,No internet service,No internet service,One year,Yes,Electronic check,48.79,2903.27,No
CUS-04203,Female,1,No,No,4,Yes,No,Fiber optic,No,No,No,One year,Yes,Bank transfer (automatic),88.88,343.85,Yes
CUS-04204,Female,0,No,No,16,No,Yes,Fiber optic,Yes,No,No,Month-to-month,No,Credit card (automatic),74.2,1193.7,No
CUS-04205,Female,0,Yes,No,41,Yes,No,DSL,No internet service,No,No,Month-to-month,Yes,Bank transfer (automatic),55.29,2249.84,No
CUS-04206,Female,0,No,No,6,Yes,No,No,No internet service,Yes,Yes,Two year,Yes,Credit card (automatic),66.33,383.58,Yes
CUS-04207,Female,0,No,No,42,Yes,No,Fiber optic,No internet service,No,No,Two year,Yes,Mailed check,102.44,4388.73,Yes
CUS-04208,Female,0,Yes,No,57,Yes,No phone service,Fiber optic,No,No,Yes,Month-to-month,Yes,Bank transfer (automatic),92.59,5394.27,No
CUS-04209,Female,0,No,No,28,Yes,No,Fiber optic,No,No,No,Month-to-month,No,Bank transfer (automatic),111.46,3242.73,No
CUS-04210,Male,1,No,No,23,Yes,Yes,Fiber optic,No,No internet service,Yes,Month-to-month,No,Electronic check,105.69,2482.43,No
CUS-04211,Female,0,No,Yes,42,Yes,No,No,No,Yes,Yes,One year,No,Mailed check,84.95,3467.0,No
CUS-04212,Male,0,No,Yes,12,Yes,No,DSL,No internet service,No,Yes,Two year,No,Electronic check,37.0,451.24,No
CUS-04213,Male,1,No,No,64,Yes,No,Fiber optic,Yes,Yes,Yes,Month-to-month,No,Mailed check,54.19,3633.35,Yes
CUS-04214,Male,0,No,No,58,Yes,Yes,Fiber optic,No,No,No internet service,One year,No,Credit card (automatic),73.46,4410.83,No
CUS-04215,Male,0,No,No,51,Yes,No,No,No,Yes,Yes,Two year,Yes,Bank transfer (automatic),21.38,1083.17,No
CUS-04216,Female,0,No,No,29,Yes,No,Fiber optic,No internet service,No,No,Month-to-month,No,Bank transfer (automatic),86.13,2546.74,Yes
CUS-04217,Male,0,No,No,19,Yes,Yes,Fiber optic,Yes,No,Yes,One year,Yes,Bank transfer (automatic),116.0,2097.37,Yes
CUS-04218,Female,0,Yes,Yes,45,Yes,Yes,No,No internet service,No,Yes,Month-to-month,Yes,Mailed check,100.75,4406.34,Yes
CUS-04219,Female,0,Yes,No,54,Yes,No,No,Yes,Yes,No,Two year,Yes,Mailed check,86.79,4639.36,No
CUS-04220,Male,0,Yes,Yes,66,Yes,No,DSL,No internet service,Yes,No,Month-to-month,Yes,Mailed check,85.79,5611.61,Yes
CUS-04221,Female,0,No,No,13,Yes,No,DSL,No,Yes,Yes,Month-to-month,Yes,Bank transfer (automatic),107.7,1453.08,No
CUS-04222,Male,1,No,No,65,Yes,No,Fiber optic,Yes,No,No,Month-to-month,No,Bank transfer (automatic),49.03,3342.82,No
CUS-04223,Male,0,No,No,12,Yes,No,No,No,Yes,Yes,Month-to-month,Yes,Mailed check,62.67,748.64,Yes
CUS-04224,Female,0,No,Yes,71,Yes,No,Fiber optic,No internet service,Yes,Yes,Two year,No,Electronic check,84.04,5901.34,Yes
CUS-04225,Female,0,Yes,No,14,Yes,Yes,DSL,No,No internet service,No,One year,No,Mailed check,75.27,1014.94,No
CUS-04226,Male,0,Yes,No,42,Yes,Yes,Fiber optic,No,No,No,One year,No,Bank transfer (automatic),102.41,4186.84,Yes
CUS-04227,Female,1,No,No,48,Yes,No,DSL,Yes,No,Yes,One year,No,Mailed check,54.63,2527.79,No
CUS-04228,Female,0,Yes,Yes,24,Yes,No,Fiber optic,No internet service,Yes,No,Month-to-month,No,Mailed check,59.63,1409.15,No
CUS-04229,Female,0,Yes,No,65,Yes,No,Fiber optic,Yes,No,No,Month-to-month,Yes,Credit card (automatic),42.92,2858.8,No
CUS-04230,Male,0,No,No,17,Yes,No,Fiber optic,Yes,No,No,One year,No,Mailed check,81.86,1325.09,No
CUS-04231,Male,1,Yes,No,38,Yes,No,No,No,No,Yes,Two year,Yes,Credit card (automatic),57.03,2247.64,Yes
CUS-04232,Female,0,No,Yes,28,Yes,Yes,Fiber optic,Yes,No,No internet service,One year,Yes,Bank transfer (automatic),72.86,2085.5,No
CUS-04233,Female,0,Yes,Yes,33,Yes,No,DSL,No,No internet service,Yes,One year,No,Bank transfer (automatic),24.06,783.55,No
CUS-04234,Female,0,No,No,24,Yes,No,Fiber optic,No,Yes,No,One year,Yes,Credit card (automatic),88.44,2127.94,No
CUS-04235,Female,1,Yes,No,70,Yes,No,DSL,No,No,No,Month-to-month,Yes,Electronic check,71.26,4793.14,Yes
CUS-04236,Female,0,Yes,No,4,Yes,No,Fiber optic,Yes,No,Yes,One year,No,Credit card (automatic),92.22,379.17,Yes
CUS-04237,Male,0,No,No,33,Yes,No,Fiber optic,Yes,No,No internet service,Month-to-month,Yes,Bank transfer (automatic),43.0,1458.96,Yes
CUS-04238,Female,0,No,Yes,10,No,Yes,Fiber optic,No internet service,Yes,No,One year,Yes,Mailed check,103.55,1022.88,Yes
CUS-04239,Male,0,No,Yes,36,Yes,Yes,No,No internet service,No,No,Month-to-month,No,Mailed check,105.08,3692.35,Yes
CUS-04240,Female,0,Yes,Yes,31,Yes,Yes,Fiber optic,No,Yes,Yes,Month-to-month,Yes,Electronic check,61.71,1929.2,Yes
CUS-04241,Male,1,Yes,No,4,Yes,No,No,No,No,Yes,Month-to-month,No,Mailed check,27.53,108.17,Yes
CUS-04242,Female,1,No,No,8,Yes,No,DSL,Yes,No,No internet service,Two year,Yes,Mailed check,68.72,560.98,No
CUS-04243,Male,1,Yes,Yes,27,Yes,Yes,Fiber optic,No internet service,No,Yes,Month-to-month,Yes,Credit card (automatic),82.7,2280.38,Yes
CUS-04244,Female,0,Yes,Yes,36,No,No phone service,DSL,No internet service,No,Yes,Month-to-month,No,Bank transfer (automatic),77.94,2940.08,No
CUS-04245,Male,0,No,No,9,Yes,No,DSL,No,Yes,Yes,Two year,No,Electronic check,107.77,955.65,No
CUS-04246,Male,1,Yes,No,43,Yes,Yes,Fiber optic,No internet service,No,Yes,Month-to-month,Yes,Electronic check,109.82,4512.53,No
CUS-04247,Male,0,Yes,No,24,Yes,No,DSL,No,Yes,Yes,Month-to-month,Yes,Bank transfer (automatic),80.21,1999.14,Yes
CUS-04248,Male,0,Yes,No,37,Yes,No,DSL,Yes,Yes,No internet service,Month-to-month,No,Bank transfer (automatic),82.23,2893.28,No
CUS-04249,Male,0,No,No,41,Yes,No,DSL,No,No internet service,No internet service,Month-to-month,Yes,Mailed check,30.98,1263.51,No
CUS-04250,Male,1,Yes,Yes,26,Yes,No,Fiber optic,No,No internet service,No,One year,No,Electronic check,57.33,1454.39,Yes
CUS-04251,Female,0,No,Yes,4,Yes,Yes,DSL,No,No,No internet service,Month-to-month,Yes,Bank transfer (automatic),51.01,202.21,Yes
CUS-04252,Male,1,Yes,Yes,1,Yes,Yes,Fiber optic,No,No,Yes,Two year,Yes,Electronic check,52.58,50.87,No
CUS-04253,Female,0,No,Yes,20,Yes,Yes,Fiber optic,No internet service,No internet service,No internet service,Month-to-month,No,Credit card (automatic),90.74,1846.46,No
CUS-04254,Female,0,Yes,No,45,Yes,Yes,Fiber optic,No,Yes,Yes,Month-to-month,Yes,Bank transfer (automatic),66.8,3024.52,No
CUS-04255,Female,0,No,No,69,No,No,DSL,No,No,Yes,One year,Yes,Credit card (automatic),68.26,4664.79,No
CUS-04256,Female,0,No,Yes,52,No,No,Fiber optic,No,Yes,Yes,Two year,No,Credit card (automatic),42.77,2260.62,No
CUS-04257,Female,0,No,No,64,Yes,No,Fiber optic,No,No,No,Month-to-month,No,Mailed check,34.72,2129.52,No
CUS-04258,Male,1,No,No,21,Yes,No,Fiber optic,No,No,Yes,One year,No,Mailed check,58.94,1282.06,No
CUS-04259,Male,0,No,No,25,Yes,Yes,Fiber optic,No internet service,No internet service,No,One year,No,Mailed check,23.77,591.53,No
CUS-04260,Male,0,Yes,No,67,Yes,Yes,DSL,Yes,No internet service,Yes,Month-to-month,No,Electronic check,33.95,2300.99,Yes
CUS-04261,Female,0,No,No,26,No,Yes,Fiber optic,No internet service,No,No,One year,Yes,Mailed check,99.85,2538.12,No
CUS-04262,Male,0,No,Yes,27,Yes,Yes,DSL,No,No,No,Month-to-month,Yes,Mailed check,61.74,1745.67,No
CUS-04263,Male,0,No,No,52,Yes,No,Fiber optic,No internet service,Yes,No internet service,Two year,Yes,Electronic check,115.64,5984.01,No
CUS-04264,Male,0,Yes,No,63,Yes,No,DSL,No internet service,No,No internet service,Two year,Yes,Credit card (automatic),18.44,1125.24,No
CUS-04265,Male,1,No,No,45,Yes,No,No,No,No,No,Month-to-month,No,Electronic check,110.06,4783.81,No
CUS-04266,Male,0,Yes,No,58,Yes,No,Fiber optic,Yes,Yes,No internet service,Month-to-month,Yes,Bank transfer (automatic),83.24,4720.59,No
CUS-04267,Female,0,No,No,38,Yes,Yes,No,No internet service,No internet service,No,One year,No,Electronic check,80.31,3134.99,Yes
CUS-04268,Male,0,Yes,No,35,Yes,No,No,No internet service,No internet service,No,Month-to-month,Yes,Electronic check,102.04,3502.82,Yes
CUS-04269,Female,0,Yes,No,46,Yes,No,No,Yes,Yes,Yes,Month-to-month,Yes,Credit card (automatic),80.68,3556.28,No
CUS-04270,Female,1,No,No,71,Yes,Yes,DSL,Yes,No,Yes,Month-to-month,Yes,Electronic check,21.49,1517.71,Yes
CUS-04271,Female,0,No,No,3,Yes,No phone service,Fiber optic,Yes,Yes,Yes,Month-to-month,No,Bank transfer (automatic),108.53,316.29,No
CUS-04272,Female,1,No,No,6,No,Yes,Fiber optic,No,No,No,One year,Yes,Bank transfer (automatic),105.32,658.52,Yes
CUS-04273,Female,0,No,No,13,Yes,No,Fiber optic,No internet service,No,No,Month-to-month,No,Mailed check,69.99,898.31,Yes
CUS-04274,Male,0,No,Yes,46,No,No,DSL,Yes,No internet service,No,One year,Yes,Electronic check,30.6,1381.58,No
CUS-04275,Male,1,No,No,33,No,No,DSL,No internet service,No,Yes,Month-to-month,No,Electronic check,100.15,3287.87,Yes
CUS-04276,Male,0,No,No,62,Yes,No phone service,Fiber optic,No internet service,No internet service,No,One year,No,Credit card (automatic),70.98,4193.36,No
CUS-04277,Female,0,No,Yes,63,Yes,No phone service,No,No internet service,No internet service,Yes,One year,Yes,Credit card (automatic),50.62,3198.94,Yes
CUS-04278,Male,0,Yes,No,56,Yes,No,Fiber optic,Yes,No,No,Month-to-month,No,Bank transfer (automatic),117.33,6890.32,Yes
CUS-04279,Male,0,Yes,No,39,Yes,No,DSL,No,No,No,Month-to-month,Yes,Bank transfer (automatic),34.45,1322.48,No
CUS-04280,Female,0,No,No,60,Yes,Yes,No,No internet service,No,No,Month-to-month,No,Mailed check,34.46,2157.57,No
CUS-04281,Female,0,No,Yes,24,No,No,Fiber optic,Yes,No,Yes,Month-to-month,No,Bank transfer (automatic),77.97,1800.51,No
CUS-04282,Female,0,Yes,No,50,Yes,No,No,Yes,No internet service,Yes,Two year,Yes,Credit card (automatic),44.7,2255.11,No
CUS-04283,Female,0,Yes,Yes,33,Yes,No,No,No internet service,Yes,Yes,Two year,Yes,Bank transfer (automatic),59.21,1889.34,No
CUS-04284,Male,1,No,No,7,No,Yes,Fiber optic,No,No,Yes,Month-to-month,No,Mailed check,42.05,305.51,No
CUS-04285,Female,0,Yes,No,46,Yes,Yes,Fiber optic,No,No internet service,Yes,Month-to-month,Yes,Bank transfer (automatic),96.26,4527.54,No
CUS-04286,Female,0,No,No,62,Yes,No,Fiber optic,No internet service,No,Yes,Month-to-month,Yes,Electronic check,45.46,2924.23,No
CUS-04287,Male,1,No,No,1,Yes,Yes,Fiber optic,No,No,Yes,Two year,Yes,Credit card (automatic),102.22,104.19,Yes
CUS-04288,Male,0,Yes,Yes,65,Yes,Yes,DSL,No,Yes,No,Month-to-month,No,Credit card (automatic),91.59,6056.02,No
CUS-04289,Female,0,No,No,45,Yes,Yes,Fiber optic,No,No,Yes,One year,No,Credit card (automatic),47.78,2156.24,No
CUS-04290,Male,0,No,No,55,Yes,Yes,DSL,Yes,No,No,Month-to-month,Yes,Electronic check,97.9,5409.05,No
CUS-04291,Female,0,No,Yes,66,Yes,Yes,Fiber optic,No,No,No,Two year,Yes,Bank transfer (automatic),49.88,3385.24,Yes
CUS-04292,Female,0,Yes,No,67,Yes,No,Fiber optic,No,No,No,Two year,No,Bank transfer (automatic),58.66,3958.82,No
CUS-04293,Male,0,Yes,No,54,Yes,No,DSL,Yes,No internet service,No,One year,No,Mailed check,25.83,1385.45,No
CUS-04294,Male,0,No,No,63,Yes,No,No,No internet service,No internet service,No,One year,No,Credit card (automatic),74.88,4815.37,No
CUS-04295,Female,0,Yes,Yes,54,Yes,No,Fiber optic,Yes,Yes,Yes,Month-to-month,Yes,Bank transfer (automatic),99.63,5629.64,No
CUS-04296,Female,0,Yes,No,52,Yes,Yes,Fiber optic,No,No,Yes,One year,No,Bank transfer (automatic),80.3,4346.63,No
CUS-04297,Female,0,Yes,No,54,Yes,No,DSL,No,No,No,Month-to-month,Yes,Electronic check,73.17,3882.19,No
CUS-04298,Male,0,Yes,Yes,67,Yes,No phone service,Fiber optic,No,No,No,One year,Yes,Credit card (automatic),107.79,7140.25,Yes
CUS-04299,Female,1,Yes,Yes,37,Yes,Yes,DSL,No,No internet service,No,Two year,Yes,Bank transfer (automatic),62.13,2403.98,No
CUS-04300,Female,0,Yes,Yes,12,Yes,Yes,DSL,No,No,No internet service,Two year,No,Credit card (automatic),117.58,1373.27,No
CUS-04301,Female,0,No,No,59,No,No,DSL,No internet service,No,No,Month-to-month,Yes,Electronic check,64.07,3639.43,No
CUS-04302,Female,0,No,No,20,Yes,Yes,DSL,No,No internet service,Yes,Two year,No,Bank transfer (automatic),82.33,1642.72,No
CUS-04303,Female,1,Yes,No,32,Yes,No phone service,Fiber optic,No,No,No,One year,Yes,Bank transfer (automatic),22.64,720.56,Yes
CUS-04304,Male,1,No,Yes,71,Yes,No,Fiber optic,No internet service,No internet service,No internet service,Month-to-month,Yes,Electronic check,87.85,6267.18,Yes
CUS-04305,Female,0,Yes,No,44,Yes,Yes,Fiber optic,Yes,Yes,No,One year,Yes,Electronic check,49.95,2094.93,No
CUS-04306,Female,0,No,No,66,Yes,Yes,Fiber optic,No internet service,No,No internet service,Two year,No,Bank transfer (automatic),30.77,1971.19,No
CUS-04307,Female,0,Yes,Yes,55,Yes,No,No,No,Yes,Yes,Month-to-month,Yes,Credit card (automatic),32.81,1859.16,No
CUS-04308,Female,0,Yes,No,16,Yes,Yes,DSL,No,Yes,Yes,One year,Yes,Credit card (automatic),68.83,1085.9,No
CUS-04309,Male,0,No,Yes,71,Yes,No,Fiber optic,No,Yes,Yes,Two year,Yes,Bank transfer (automatic),76.96,5691.77,Yes
CUS-04310,Male,0,Yes,No,68,Yes,Yes,No,No internet service,Yes,No,Month-to-month,No,Electronic check,88.33,6047.79,Yes
CUS-04311,Male,0,No,No,52,Yes,No phone service,DSL,Yes,No,No,One year,Yes,Credit card (automatic),62.61,3099.86,No
CUS-04312,Female,0,Yes,No,37,Yes,Yes,Fiber optic,No,No,No,Month-to-month,Yes,Electronic check,104.47,4050.22,No
CUS-04313,Female,0,Yes,No,46,Yes,No,Fiber optic,No,Yes,Yes,Two year,Yes,Bank transfer (automatic),24.85,1122.19,No
CUS-04314,Male,0,No,No,41,Yes,Yes,DSL,No internet service,Yes,No,One year,Yes,Mailed check,30.14,1219.54,No
CUS-04315,Male,1,No,Yes,5,Yes,No,DSL,Yes,Yes,No internet service,Month-to-month,No,Electronic check,40.79,212.33,Yes
CUS-04316,Male,0,Yes,No,66,Yes,No,No,Yes,No,Yes,Month-to-month,Yes,Credit card (automatic),28.17,1929.5,Yes
CUS-04317,Female,0,Yes,No,5,Yes,Yes,Fiber optic,No internet service,No,Yes,Two year,No,Bank transfer (automatic),93.59,476.61,Yes
CUS-04318,Female,0,Yes,No,63,Yes,No,DSL,No,Yes,Yes,Month-to-month,Yes,Electronic check,54.29,3252.75,No
CUS-04319,Male,0,No,Yes,3,No,Yes,Fiber optic,Yes,No internet service,Yes,Two year,No,Mailed check,78.43,223.61,No
CUS-04320,Male,0,No,Yes,8,Yes,No,Fiber optic,Yes,No internet service,No,Month-to-month,No,Bank transfer (automatic),94.49,731.6,Yes
CUS-04321,Male,0,Yes,No,26,Yes,No,Fiber optic,No,Yes,No,Two year,Yes,Bank transfer (automatic),72.72,1940.36,No
CUS-04322,Female,0,No,Yes,53,Yes,No,Fiber optic,No,Yes,No internet service,Month-to-month,Yes,Electronic check,71.35,3908.21,No
CUS-04323,Female,1,Yes,Yes,29,Yes,Yes,Fiber optic,No internet service,No,Yes,Month-to-month,Yes,Mailed check,63.03,1777.57,No
CUS-04324,Female,0,Yes,No,14,Yes,Yes,Fiber optic,Yes,No internet service,Yes,Month-to-month,Yes,Electronic check,87.55,1174.06,No
CUS-04325,Male,1,Yes,No,5,Yes,Yes,Fiber optic,No internet service,Yes,Yes,Month-to-month,Yes,Mailed check,70.96,352.2,Yes
CUS-04326,Male,0,No,No,27,Yes,No,DSL,No internet service,No internet service,Yes,Month-to-month,Yes,Electronic check,58.36,1643.3,No
CUS-04327,Female,1,Yes,No,68,Yes,No,DSL,No,Yes,Yes,Month-to-month,Yes,Mailed check,79.78,5438.33,No
CUS-04328,Male,0,No,No,29,Yes,No,DSL,Yes,No,Yes,Month-to-month,Yes,Credit card (automatic),114.15,3387.46,No
CUS-04329,Female,0,No,Yes,3,Yes,No,No,No internet service,Yes,No,Month-to-month,Yes,Electronic check,98.81,302.61,No
CUS-04330,Male,0,Yes,No,30,Yes,No,No,Yes,No internet service,No,Month-to-month,Yes,Electronic check,62.71,1947.93,No
CUS-04331,Male,0,Yes,No,9,Yes,Yes,Fiber optic,No,No,No,Two year,No,Electronic check,78.76,743.16,Yes
CUS-04332,Male,0,Yes,No,1,Yes,Yes,Fiber optic,No,No,Yes,Month-to-month,Yes,Credit card (automatic),57.14,59.88,Yes
CUS-04333,Male,0,No,No,23,Yes,Yes,DSL,No internet service,Yes,No internet service,Two year,Yes,Mailed check,70.02,1616.91,No
CUS-04334,Female,0,No,Yes,67,Yes,Yes,Fiber optic,No,No,Yes,Month-to-month,Yes,Bank transfer (automatic),91.36,6019.2,Yes
CUS-04335,Male,0,Yes,Yes,32,No,No,DSL,No,No,No,Month-to-month,Yes,Electronic check,101.79,3351.14,No
CUS-04336,Female,0,Yes,No,6,Yes,No,Fiber optic,No internet service,No internet service,No,Month-to-month,No,Electronic check,24.12,147.65,No
CUS-04337,Female,1,Yes,No,49,Yes,No,No,No internet service,No internet service,Yes,Month-to-month,No,Mailed check,34.47,1736.95,Yes
CUS-04338,Female,0,Yes,Yes,15,Yes,Yes,DSL,No,No internet service,No,Two year,Yes,Bank transfer (automatic),76.04,1117.79,No
CUS-04339,Male,0,No,Yes,58,No,No,Fiber optic,No,No internet service,No internet service,Month-to-month,No,Bank transfer (automatic),88.35,5166.9,No
CUS-04340,Female,0,Yes,No,53,Yes,No,Fiber optic,No internet service,No internet service,Yes,Month-to-month,No,Bank transfer (automatic),84.08,4315.96,No
CUS-04341,Female,0,Yes,No,30,Yes,No,DSL,No internet service,Yes,No,Month-to-month,Yes,Bank transfer (automatic),42.95,1252.36,No
CUS-04342,Female,0,No,No,40,Yes,No phone service,Fiber optic,No,Yes,Yes,Two year,No,Electronic check,83.44,3293.95,Yes
CUS-04343,Male,0,Yes,Yes,59,Yes,Yes,Fiber optic,No,Yes,Yes,Two year,No,Bank transfer (automatic),64.19,3866.94,No
CUS-04344,Male,0,No,No,63,Yes,Yes,Fiber optic,Yes,No,Yes,Month-to-month,Yes,Mailed check,42.49,2624.54,Yes
CUS-04345,Female,0,Yes,No,48,Yes,No,DSL,No,No internet service,No,Month-to-month,No,Credit card (automatic),106.47,5022.92,No
CUS-04346,Male,1,No,No,68,Yes,No,Fiber optic,No internet service,No,Yes,Month-to-month,No,Bank transfer (automatic),71.0,4972.42,No
CUS-04347,Female,0,Yes,Yes,7,Yes,Yes,No,Yes,No,Yes,Month-to-month,No,Mailed check,104.24,759.84,No
CUS-04348,Female,0,No,No,47,Yes,No,Fiber optic,No,No internet service,Yes,Month-to-month,Yes,Bank transfer (automatic),59.8,2906.16,Yes
CUS-04349,Male,0,Yes,No,43,Yes,No phone service,Fiber optic,No,No internet service,Yes,Month-to-month,Yes,Credit card (automatic),81.29,3385.3,No
CUS-04350,Female,0,No,Yes,16,Yes,No,DSL,No internet service,No,Yes,Month-to-month,No,Electronic check,99.7,1588.46,No
CUS-04351,Male,0,Yes,Yes,22,Yes,Yes,DSL,No,No internet service,No,Month-to-month,Yes,Credit card (automatic),50.88,1142.1,No
CUS-04352,Male,0,No,No,63,Yes,No,No,No,Yes,No internet service,One year,No,Electronic check,103.76,6675.57,Yes
CUS-04353,Female,1,Yes,No,46,No,Yes,DSL,Yes,No,No,Month-to-month,No,Bank transfer (automatic),53.15,2419.68,Yes
CUS-04354,Male,0,No,No,45,Yes,Yes,No,No,No,No,One year,Yes,Mailed check,38.2,1705.34,No
CUS-04355,Male,0,No,No,41,Yes,No,DSL,No,No,No internet service,One year,Yes,Mailed check,92.01,3801.58,No
CUS-04356,Female,0,No,No,25,No,No,DSL,No,Yes,No,One year,Yes,Electronic check,51.48,1309.91,No
CUS-04357,Female,0,No,Yes,50,Yes,Yes,DSL,No,No internet service,Yes,Month-to-month,Yes,Electronic check,113.34,5425.28,No
CUS-04358,Male,0,Yes,No,67,Yes,Yes,Fiber optic,No,No,No internet service,Month-to-month,No,Bank transfer (automatic),98.45,6691.61,No
CUS-04359,Male,0,Yes,No,52,Yes,No,No,No,No,No internet service,Month-to-month,No,Electronic check,41.05,2137.22,Yes
CUS-04360,Female,0,No,No,31,Yes,No,No,No internet service,Yes,Yes,Month-to-month,Yes,Bank transfer (automatic),116.65,3449.08,Yes
CUS-04361,Male,0,Yes,Yes,37,Yes,No,Fiber optic,No internet service,No internet service,No,Two year,No,Credit card (automatic),54.37,1923.09,No
CUS-04362,Male,0,Yes,Yes,22,No,No,DSL,Yes,No,No,One year,No,Bank transfer (automatic),73.79,1574.58,No
CUS-04363,Male,0,Yes,No,27,Yes,No,Fiber optic,No,Yes,No,Month-to-month,No,Electronic check,25.35,674.57,Yes
CUS-04364,Male,0,Yes,Yes,2,Yes,No phone service,Fiber optic,No,Yes,No internet service,One year,Yes,Mailed check,22.16,45.48,No
CUS-04365,Male,0,No,Yes,22,Yes,No phone service,Fiber optic,No,No internet service,No,One year,No,Credit card (automatic),47.56,1026.94,No
CUS-04366,Male,1,No,Yes,53,Yes,Yes,DSL,No,No internet service,No,Month-to-month,No,Credit card (automatic),19.23,1046.04,Yes
CUS-04367,Male,0,No,Yes,17,Yes,Yes,DSL,No,No,No internet service,One year,No,Bank transfer (automatic),45.76,777.75,Yes
CUS-04368,Female,0,Yes,No,56,No,Yes,Fiber optic,No,No,Yes,Two year,Yes,Electronic check,70.23,3818.56,Yes
CUS-04369,Female,0,No,No,31,No,Yes,Fiber optic,Yes,No internet service,No,Month-to-month,Yes,Electronic check,87.09,2774.57,Yes
CUS-04370,Female,0,No,Yes,43,No,Yes,Fiber optic,No,No,No,One year,Yes,Bank transfer (automatic),43.13,1895.8,Yes
CUS-04371,Female,0,No,No,53,Yes,No,DSL,Yes,No internet service,No internet service,Month-to-month,Yes,Bank transfer (automatic),58.74,2968.77,No
CUS-04372,Female,0,No,No,5,Yes,Yes,No,No,No,No internet service,Month-to-month,No,Mailed check,56.29,288.06,Yes
CUS-04373,Male,0,No,No,2,Yes,Yes,DSL,No internet service,No internet service,No,Two year,Yes,Electronic check,50.76,103.23,No
CUS-04374,Male,1,Yes,No,59,Yes,Yes,DSL,No,No,No,Two year,Yes,Bank transfer (automatic),56.86,3312.97,No
CUS-04375,Male,1,Yes,No,4,Yes,Yes,Fiber optic,No,No,No,Month-to-month,No,Bank transfer (automatic),66.81,270.7,No
CUS-04376,Male,0,Yes,Yes,34,Yes,No,Fiber optic,Yes,Yes,No,Month-to-month,Yes,Electronic check,37.85,1242.06,No
CUS-04377,Female,0,No,No,67,No,Yes,DSL,No,No,No,Month-to-month,No,Bank transfer (automatic),64.46,4356.71,No
CUS-04378,Male,0,No,No,6,Yes,No phone service,No,No,No,Yes,Month-to-month,Yes,Electronic check,44.05,255.65,Yes
CUS-04379,Male,0,No,No,58,Yes,Yes,Fiber optic,Yes,No,No,Month-to-month,No,Credit card (automatic),24.36,1358.18,Yes
CUS-04380,Female,0,No,No,47,Yes,No phone service,DSL,No internet service,No,Yes,Two year,Yes,Bank transfer (automatic),39.36,1794.57,No
CUS-04381,Male,0,No,No,5,Yes,Yes,Fiber optic,Yes,No,Yes,Two year,Yes,Electronic check,111.41,535.96,No
CUS-04382,Male,0,No,No,61,Yes,No,Fiber optic,No,No internet service,No,One year,No,Mailed check,68.52,4022.45,No
CUS-04383,Female,0,No,No,56,Yes,Yes,Fiber optic,No,No,No internet service,Month-to-month,No,Credit card (automatic),116.26,6760.1,Yes
CUS-04384,Male,0,Yes,No,35,Yes,No,No,No internet service,Yes,No internet service,Two year,No,Credit card (automatic),40.52,1474.8,No
CUS-04385,Male,0,Yes,Yes,13,No,Yes,Fiber optic,Yes,Yes,No,Two year,No,Electronic check,47.2,627.96,No
CUS-04386,Male,0,Yes,Yes,26,Yes,No phone service,Fiber optic,Yes,No,No,Two year,Yes,Electronic check,82.04,2193.25,No
CUS-04387,Male,0,Yes,No,64,Yes,Yes,No,No internet service,No,No,Month-to-month,Yes,Bank transfer (automatic),53.53,3377.98,No
CUS-04388,Male,0,No,Yes,11,Yes,Yes,Fiber optic,Yes,Yes,Yes,Month-to-month,Yes,Electronic check,54.12,597.94,Yes
CUS-04389,Female,0,Yes,No,62,Yes,No,Fiber optic,No,No,Yes,Two year,Yes,Bank transfer (automatic),102.39,6547.97,No
CUS-04390,Female,0,No,No,47,Yes,No,Fiber optic,No,No internet service,No,Month-to-month,No,Bank transfer (automatic),20.92,982.17,No
CUS-04391,Female,0,Yes,No,70,Yes,No phone service,No,No,No internet service,Yes,Month-to-month,No,Bank transfer (automatic),84.62,6063.76,Yes
CUS-04392,Female,0,Yes,No,58,Yes,No,Fiber optic,No,Yes,No,Two year,No,Electronic check,106.03,6102.64,Yes
CUS-04393,Female,0,No,No,10,Yes,No,Fiber optic,No,Yes,No,Month-to-month,Yes,Electronic check,35.43,348.85,Yes
CUS-04394,Female,0,No,Yes,16,Yes,No,Fiber optic,Yes,Yes,No internet service,Two year,No,Mailed check,58.35,965.98,No
CUS-04395,Male,0,Yes,No,12,Yes,No,No,No internet service,No internet service,No,One year,Yes,Mailed check,98.91,1167.06,No
CUS-04396,Female,0,No,No,71,Yes,No,Fiber optic,No,Yes,No internet service,One year,No,Mailed check,71.51,5064.82,No
CUS-04397,Female,0,Yes,No,50,Yes,Yes,No,No,Yes,No,Two year,Yes,Electronic check,53.77,2583.15,No
CUS-04398,Male,0,No,No,15,Yes,No,DSL,No,Yes,No internet service,Month-to-month,Yes,Credit card (automatic),80.59,1210.05,Yes
CUS-04399,Male,0,No,No,59,Yes,No,Fiber optic,No internet service,No internet service,No internet service,One year,Yes,Mailed check,50.47,3009.21,No
CUS-04400,Female,1,Yes,No,70,Yes,No,Fiber optic,No internet service,No,Yes,One year,No,Electronic check,80.63,5582.39,Yes
CUS-04401,Male,0,No,No,62,Yes,No,Fiber optic,No,No,No internet service,Month-to-month,Yes,Bank transfer (automatic),32.5,2044.56,No
CUS-04402,Female,0,No,No,62,No,No,Fiber optic,No internet service,No internet service,Yes,Month-to-month,No,Bank transfer (automatic),40.54,2498.73,No
CUS-04403,Male,0,No,No,50,Yes,No,DSL,No,No,No,Two year,Yes,Electronic check,19.47,966.32,No
CUS-04404,Female,0,No,Yes,54,Yes,Yes,Fiber optic,No internet service,No,No internet service,Month-to-month,No,Electronic check,36.45,1953.07,Yes
CUS-04405,Male,0,Yes,No,54,Yes,Yes,No,Yes,Yes,Yes,Month-to-month,Yes,Mailed check,31.07,1738.11,No
CUS-04406,Male,0,No,No,28,Yes,Yes,Fiber optic,No,No,No internet service,Month-to-month,No,Electronic check,77.81,2228.29,Yes
CUS-04407,Female,0,No,No,51,Yes,No phone service,DSL,No,No,No internet service,Two year,No,Electronic check,112.44,5709.59,No
CUS-04408,Female,0,No,Yes,33,No,Yes,No,No,No,No internet service,Month-to-month,Yes,Credit card (automatic),39.54,1322.92,Yes
CUS-04409,Female,0,Yes,No,1,Yes,Yes,Fiber optic,Yes,Yes,No internet service,Two year,Yes,Electronic check,30.93,31.93,No
CUS-04410,Female,0,No,No,69,Yes,Yes,Fiber optic,No,Yes,Yes,Month-to-month,Yes,Electronic check,71.53,4913.84,No
CUS-04411,Female,1,No,No,1,Yes,Yes,Fiber optic,No,No internet service,No,Month-to-month,Yes,Electronic check,36.11,37.35,No
CUS-04412,Male,0,No,No,55,Yes,Yes,Fiber optic,Yes,No,No,Month-to-month,Yes,Credit card (automatic),72.16,3840.65,No
CUS-04413,Female,0,Yes,Yes,45,No,Yes,DSL,Yes,No,Yes,Two year,No,Credit card (automatic),68.45,3108.88,No
CUS-04414,Female,0,Yes,No,40,Yes,Yes,No,No,No,No internet service,One year,Yes,Electronic check,19.94,786.44,No
CUS-04415,Male,0,Yes,No,61,Yes,No phone service,DSL,No internet service,Yes,Yes,Two year,Yes,Credit card (automatic),114.43,6700.51,No
CUS-04416,Male,1,Yes,No,36,No,No,Fiber optic,No,Yes,No,Month-to-month,No,Electronic check,38.14,1426.83,No
CUS-04417,Female,1,No,No,24,No,No,Fiber optic,No,No,Yes,Two year,Yes,Mailed check,107.48,2576.84,No
CUS-04418,Male,0,No,Yes,14,Yes,No,No,Yes,No,Yes,Month-to-month,Yes,Bank transfer (automatic),56.31,791.53,Yes
CUS-04419,Male,0,No,No,1,Yes,No,DSL,No internet service,No internet service,No,One year,Yes,Mailed check,33.84,33.9,No
CUS-04420,Female,0,No,No,47,Yes,No phone service,Fiber optic,Yes,Yes,No,Month-to-month,No,Electronic check,28.68,1353.72,No
CUS-04421,Male,0,Yes,Yes,21,Yes,No phone service,Fiber optic,No,Yes,Yes,Two year,Yes,Credit card (automatic),69.07,1462.93,Yes
CUS-04422,Male,0,Yes,No,39,Yes,Yes,Fiber optic,Yes,Yes,Yes,Two year,Yes,Bank transfer (automatic),54.18,2191.53,No
CUS-04423,Female,1,No,No,3,No,No,No,No,No,No,One year,Yes,Credit card (automatic),109.75,343.99,No
CUS-04424,Female,1,No,No,16,Yes,Yes,DSL,No,Yes,No internet service,Month-to-month,Yes,Mailed check,38.14,617.53,No
CUS-04425,Male,1,No,No,68,Yes,Yes,Fiber optic,No internet service,Yes,Yes,Two year,Yes,Mailed check,90.36,6068.26,No
CUS-04426,Male,0,Yes,No,26,Yes,Yes,DSL,Yes,Yes,No,Two year,Yes,Mailed check,36.58,952.51,Yes
CUS-04427,Female,0,No,No,54,Yes,No,No,No internet service,Yes,No,One year,Yes,Electronic check,105.17,5794.41,No
CUS-04428,Male,0,Yes,No,13,Yes,No,DSL,No,No,No internet service,Two year,Yes,Electronic check,69.05,900.27,No
CUS-04429,Male,0,No,Yes,61,Yes,Yes,No,No,No,Yes,One year,No,Bank transfer (automatic),101.12,6020.64,No
CUS-04430,Male,0,No,No,20,Yes,No,DSL,No,No,Yes,One year,No,Electronic check,61.75,1248.21,No
CUS-04431,Female,0,No,No,27,Yes,No,Fiber optic,No internet service,Yes,Yes,One year,Yes,Mailed check,35.53,996.61,No
CUS-04432,Male,0,Yes,Yes,2,Yes,Yes,DSL,No,No,No internet service,Month-to-month,No,Credit card (automatic),71.93,138.2,No
CUS-04433,Male,0,No,No,10,Yes,Yes,Fiber optic,Yes,No internet service,No internet service,One year,Yes,Electronic check,45.25,433.08,No
CUS-04434,Female,1,Yes,No,60,Yes,No,Fiber optic,No internet service,Yes,No internet service,One year,No,Mailed check,36.46,2291.52,No
CUS-04435,Male,1,Yes,No,19,Yes,Yes,DSL,No,No internet service,No,One year,Yes,Mailed check,108.38,2121.68,No
CUS-04436,Male,1,No,Yes,15,Yes,Yes,DSL,No internet service,No,Yes,Two year,No,Credit card (automatic),73.14,1087.51,No
CUS-04437,Female,0,Yes,No,47,Yes,No phone service,DSL,No,Yes,Yes,Month-to-month,No,Credit card (automatic),98.03,4390.33,Yes
CUS-04438,Female,0,No,No,24,Yes,No,DSL,No,Yes,No internet service,Month-to-month,No,Electronic check,95.6,2393.89,No
CUS-04439,Female,0,Yes,No,16,Yes,Yes,DSL,Yes,Yes,No,Month-to-month,Yes,Electronic check,18.11,298.29,Yes
CUS-04440,Female,0,No,No,60,No,No,Fiber optic,No,No,No,Month-to-month,Yes,Electronic check,106.59,6464.11,Yes
CUS-04441,Male,1,No,No,49,Yes,Yes,Fiber optic,No,No,No,Month-to-month,No,Electronic check,95.34,4808.19,No
CUS-04442,Male,1,Yes,Yes,4,Yes,No,No,No,No internet service,Yes,One year,No,Electronic check,44.87,181.79,Yes
CUS-04443,Female,0,No,No,66,Yes,No,DSL,Yes,No,No internet service,Two year,Yes,Electronic check,40.93,2748.32,No
CUS-04444,Female,0,No,Yes,49,Yes,Yes,DSL,No,No,No,One year,No,Mailed check,23.68,1207.27,No
CUS-04445,Male,0,No,No,31,Yes,Yes,Fiber optic,Yes,No,No,Month-to-month,Yes,Credit card (automatic),27.25,836.86,Yes
CUS-04446,Female,0,No,Yes,66,Yes,Yes,Fiber optic,No,No,No,Month-to-month,No,Credit card (automatic),37.46,2479.32,No
CUS-04447,Male,1,No,No,54,Yes,No,DSL,Yes,Yes,No internet service,One year,Yes,Electronic check,18.35,1018.75,No
CUS-04448,Female,0,Yes,No,2,Yes,No phone service,Fiber optic,No,Yes,Yes,One year,No,Bank transfer (automatic),49.58,96.89,No
CUS-04449,Male,0,Yes,No,61,Yes,No phone service,DSL,No,No,Yes,One year,Yes,Credit card (automatic),110.22,6791.63,Yes
CUS-04450,Female,0,Yes,No,15,Yes,No phone service,DSL,No internet service,Yes,Yes,Two year,Yes,Credit card (automatic),73.52,1086.25,No
CUS-04451,Female,0,No,Yes,60,Yes,No phone service,Fiber optic,No,No,Yes,Month-to-month,No,Mailed check,76.06,4358.59,No
CUS-04452,Male,0,No,No,43,Yes,Yes,DSL,No internet service,No,No,Month-to-month,No,Electronic check,41.68,1730.34,No
CUS-04453,Female,1,No,No,40,Yes,No,No,No,No,No,Month-to-month,No,Bank transfer (automatic),40.51,1557.77,Yes
CUS-04454,Male,0,No,No,30,Yes,Yes,No,No,Yes,No internet service,Month-to-month,No,Bank transfer (automatic),54.73,1649.93,No
CUS-04455,Male,0,No,Yes,63,No,No,Fiber optic,No,Yes,No,Month-to-month,No,Electronic check,44.22,2679.97,No
CUS-04456,Male,0,Yes,Yes,24,Yes,No,DSL,No,Yes,No,Month-to-month,No,Electronic check,103.84,2502.8,Yes
CUS-04457,Male,0,Yes,No,44,Yes,No,DSL,Yes,Yes,No internet service,Month-to-month,No,Bank transfer (automatic),35.75,1609.8,No
CUS-04458,Male,0,No,No,14,Yes,No,Fiber optic,Yes,No,No internet service,Month-to-month,Yes,Credit card (automatic),85.49,1212.67,No
CUS-04459,Female,0,Yes,No,28,Yes,Yes,Fiber optic,Yes,No,No,Month-to-month,No,Electronic check,66.96,1921.58,Yes
CUS-04460,Female,0,No,Yes,14,Yes,Yes,No,No,Yes,Yes,One year,No,Credit card (automatic),85.72,1199.05,No
CUS-04461,Male,0,Yes,No,56,Yes,No phone service,DSL,No,Yes,Yes,Two year,Yes,Electronic check,101.47,5817.65,No
CUS-04462,Female,0,Yes,No,34,Yes,No,Fiber optic,No,No,Yes,Month-to-month,No,Mailed check,52.14,1824.44,Yes
CUS-04463,Male,0,No,Yes,12,Yes,Yes,Fiber optic,No,Yes,No internet service,Month-to-month,Yes,Electronic check,72.07,843.29,No
CUS-04464,Female,0,Yes,No,56,Yes,Yes,No,No,Yes,No,Month-to-month,No,Electronic check,67.89,3937.36,No
CUS-04465,Female,0,No,No,61,Yes,Yes,Fiber optic,No,No,No,Month-to-month,Yes,Electronic check,55.32,3521.75,No
CUS-04466,Female,0,Yes,No,61,No,No phone service,Fiber optic,Yes,Yes,No internet service,Month-to-month,No,Mailed check,99.19,6190.53,No
CUS-04467,Female,0,No,Yes,40,Yes,No phone service,No,Yes,No internet service,No,Month-to-month,Yes,Credit card (automatic),19.03,797.07,Yes
CUS-04468,Male,0,No,No,20,Yes,No,DSL,No,No,Yes,Two year,Yes,Electronic check,49.01,937.53,No
CUS-04469,Male,0,No,Yes,42,Yes,No,DSL,No,No,Yes,One year,No,Mailed check,101.21,4102.12,No
CUS-04470,Female,1,No,No,7,Yes,No,Fiber optic,No,Yes,No internet service,Month-to-month,Yes,Mailed check,105.21,766.14,Yes
CUS-04471,Female,0,Yes,No,68,Yes,Yes,Fiber optic,Yes,Yes,No,Month-to-month,Yes,Credit card (automatic),87.37,5662.45,Yes
CUS-04472,Male,0,Yes,No,31,Yes,No phone service,DSL,No internet service,Yes,No,One year,No,Electronic check,52.08,1628.7,No
CUS-04473,Female,1,Yes,Yes,70,No,No,DSL,No internet service,Yes,Yes,One year,Yes,Mailed check,100.23,6853.86,No
CUS-04474,Male,0,No,No,47,Yes,Yes,DSL,No,No,Yes,Month-to-month,Yes,Electronic check,26.4,1235.23,Yes
CUS-04475,Male,0,No,Yes,51,Yes,Yes,Fiber optic,No internet service,Yes,Yes,Month-to-month,No,Credit card (automatic),44.54,2245.72,No
CUS-04476,Male,0,Yes,No,58,Yes,No,Fiber optic,No,No internet service,No,Month-to-month,No,Bank transfer (automatic),27.25,1531.23,No
CUS-04477,Female,0,No,Yes,22,Yes,Yes,No,No,No internet service,No,Month-to-month,Yes,Bank transfer (automatic),29.03,644.14,No
CUS-04478,Male,0,Yes,No,24,Yes,No,Fiber optic,No internet service,No,No internet service,Month-to-month,Yes,Electronic check,77.3,1800.02,Yes
CUS-04479,Female,0,Yes,No,34,Yes,No,Fiber optic,No,No internet service,No internet service,Month-to-month,No,Electronic check,25.21,849.18,Yes
CUS-04480,Male,0,No,Yes,63,No,No,Fiber optic,No,Yes,No,One year,No,Credit card (automatic),85.98,5563.23,Yes
CUS-04481,Female,1,Yes,No,60,Yes,No,Fiber optic,Yes,No,No internet service,Month-to-month,No,Mailed check,52.88,3226.55,Yes
CUS-04482,Female,0,Yes,No,19,Yes,No,Fiber optic,Yes,Yes,No internet service,Two year,Yes,Electronic check,23.57,454.53,No
CUS-04483,Female,0,No,No,24,Yes,Yes,DSL,Yes,No internet service,No,One year,No,Mailed check,46.56,1117.46,No
CUS-04484,Male,0,No,Yes,64,Yes,No,No,No,No,No,Two year,No,Credit card (automatic),57.93,3592.11,Yes
CUS-04485,Male,0,Yes,No,20,Yes,Yes,No,No,No,No,Two year,Yes,Electronic check,54.66,1087.22,No
CUS-04486,Female,0,No,Yes,27,Yes,No phone service,DSL,Yes,No,Yes,Two year,No,Credit card (automatic),69.01,1857.63,No
CUS-04487,Female,0,No,No,58,Yes,No phone service,No,No,Yes,No internet service,Month-to-month,Yes,Bank transfer (automatic),68.28,3842.58,No
CUS-04488,Female,0,Yes,No,44,Yes,Yes,DSL,No,No,No internet service,Month-to-month,Yes,Electronic check,53.96,2398.35,Yes
CUS-04489,Male,0,No,No,65,Yes,No,Fiber optic,No,No internet service,Yes,Month-to-month,Yes,Credit card (automatic),107.92,7024.02,No
CUS-04490,Male,1,Yes,No,46,Yes,No,Fiber optic,No internet service,Yes,Yes,Month-to-month,No,Bank transfer (automatic),40.0,1808.19,Yes
CUS-04491,Male,0,Yes,No,54,Yes,No phone service,DSL,No,No,No,Month-to-month,Yes,Bank transfer (automatic),52.03,2727.39,Yes
CUS-04492,Male,0,Yes,Yes,39,Yes,No,DSL,No,No,No,Month-to-month,Yes,Bank transfer (automatic),73.37,2759.09,No
CUS-04493,Female,0,No,No,7,Yes,No,Fiber optic,No,No,Yes,Two year,No,Electronic check,42.53,309.04,No
CUS-04494,Female,0,Yes,No,54,Yes,No,Fiber optic,Yes,No,No internet service,One year,No,Bank transfer (automatic),33.02,1861.38,No
CUS-04495,Male,0,Yes,No,43,No,Yes,DSL,No,No internet service,Yes,Two year,Yes,Bank transfer (automatic),18.63,826.64,No
CUS-04496,Male,0,Yes,Yes,20,Yes,Yes,DSL,No,Yes,Yes,Month-to-month,Yes,Electronic check,112.53,2271.76,Yes
CUS-04497,Female,0,Yes,No,25,Yes,Yes,No,No,Yes,No internet service,Month-to-month,No,Bank transfer (automatic),96.42,2521.78,Yes
CUS-04498,Male,0,No,No,43,Yes,Yes,Fiber optic,No,No,No,Month-to-month,No,Bank transfer (automatic),106.89,4581.24,Yes
CUS-04499,Male,0,Yes,No,27,Yes,Yes,DSL,Yes,No,No,Month-to-month,Yes,Electronic check,22.02,567.47,No
CUS-04500,Male,0,No,No,25,Yes,No,Fiber optic,No,No,No internet service,Month-to-month,No,Electronic check,25.34,625.49,Yes
CUS-04501,Male,0,No,No,36,Yes,No,DSL,No,No internet service,No internet service,Two year,No,Mailed check,73.2,2550.63,No
CUS-04502,Male,0,No,No,66,Yes,No phone service,DSL,No internet service,No,Yes,Month-to-month,Yes,Mailed check,20.32,1366.81,No
CUS-04503,Male,0,No,No,9,Yes,Yes,No,No internet service,No,Yes,Month-to-month,Yes,Credit card (automatic),45.14,397.97,No
CUS-04504,Female,0,Yes,No,53,Yes,No phone service,No,No,Yes,No,Month-to-month,No,Mailed check,115.26,6090.13,No
CUS-04505,Male,0,Yes,Yes,21,Yes,No,DSL,No internet service,Yes,No internet service,Two year,Yes,Bank transfer (automatic),53.75,1177.78,No
CUS-04506,Male,0,No,No,50,Yes,No,No,No,No,No internet service,One year,Yes,Mailed check,115.94,6082.51,No
CUS-04507,Female,0,Yes,No,16,Yes,No,No,No,No internet service,Yes,Two year,No,Electronic check,29.85,479.27,No
CUS-04508,Female,0,No,No,66,No,No,Fiber optic,No,No,No,Month-to-month,Yes,Bank transfer (automatic),56.51,3645.88,No
CUS-04509,Female,0,Yes,No,26,Yes,Yes,Fiber optic,Yes,No,No,One year,Yes,Credit card (automatic),18.58,480.16,No
CUS-04510,Male,0,Yes,Yes,44,Yes,No,DSL,No,No,Yes,One year,Yes,Mailed check,77.15,3522.01,No
CUS-04511,Female,0,Yes,No,29,Yes,No,DSL,Yes,Yes,No,Month-to-month,Yes,Bank transfer (automatic),52.18,1473.59,No
CUS-04512,Male,1,Yes,No,46,Yes,No phone service,Fiber optic,No internet service,Yes,Yes,One year,No,Bank transfer (automatic),68.4,3008.76,No
CUS-04513,Male,1,No,No,71,Yes,No phone service,No,No,No,Yes,One year,Yes,Mailed check,97.47,7140.4,No
CUS-04514,Male,0,Yes,No,49,Yes,No,Fiber optic,Yes,No internet service,No,Month-to-month,No,Electronic check,73.12,3593.59,Yes
CUS-04515,Female,0,No,Yes,15,Yes,No,DSL,No internet service,No internet service,No internet service,Month-to-month,Yes,Credit card (automatic),84.53,1318.28,Yes
CUS-04516,Female,0,No,Yes,17,Yes,No phone service,DSL,No internet service,No,No internet service,Month-to-month,Yes,Credit card (automatic),65.22,1129.29,Yes
CUS-04517,Female,0,No,No,9,Yes,No phone service,Fiber optic,No internet service,No,No internet service,One year,Yes,Credit card (automatic),92.79,796.32,No
CUS-04518,Female,0,Yes,Yes,32,Yes,No,Fiber optic,No,No,No internet service,One year,No,Credit card (automatic),78.25,2575.94,No
CUS-04519,Female,0,No,Yes,66,Yes,No,DSL,No,No,Yes,Month-to-month,No,Electronic check,104.58,6688.87,Yes
CUS-04520,Male,1,Yes,No,59,Yes,Yes,Fiber optic,No,No,No internet service,Month-to-month,Yes,Mailed check,93.59,5315.71,Yes
CUS-04521,Male,1,No,No,32,Yes,No,Fiber optic,Yes,No,Yes,Month-to-month,Yes,Electronic check,41.2,1326.62,Yes
CUS-04522,Male,0,Yes,Yes,43,Yes,Yes,DSL,No,Yes,No internet service,Month-to-month,Yes,Electronic check,70.45,3011.38,No
CUS-04523,Male,0,Yes,Yes,59,Yes,No,DSL,No,Yes,No,One year,Yes,Bank transfer (automatic),105.5,6101.09,No
CUS-04524,Female,0,No,No,30,No,Yes,DSL,No,No,Yes,Two year,Yes,Mailed check,103.89,3144.33,No
CUS-04525,Female,0,No,Yes,11,Yes,Yes,No,No,No,No,Month-to-month,No,Electronic check,65.71,740.39,Yes
CUS-04526,Male,0,Yes,No,26,No,Yes,Fiber optic,Yes,Yes,No,Month-to-month,Yes,Mailed check,49.38,1283.03,No
CUS-04527,Female,0,Yes,No,2,Yes,No,Fiber optic,Yes,No internet service,No,Two year,No,Credit card (automatic),39.06,80.37,No
CUS-04528,Female,0,No,No,34,Yes,No,Fiber optic,No,No internet service,No,Month-to-month,Yes,Electronic check,37.43,1262.26,Yes
CUS-04529,Male,0,No,No,41,Yes,No,Fiber optic,Yes,No,No internet service,One year,No,Mailed check,32.38,1327.43,No
CUS-04530,Male,0,Yes,Yes,31,Yes,No,DSL,Yes,No,No,Month-to-month,No,Bank transfer (automatic),117.96,3673.0,No
CUS-04531,Female,1,No,Yes,63,Yes,No phone service,Fiber optic,No,Yes,No,One year,No,Electronic check,84.26,5210.42,No
CUS-04532,Female,0,No,No,55,Yes,Yes,Fiber optic,Yes,No internet service,No internet service,Month-to-month,No,Credit card (automatic),49.46,2683.15,Yes
CUS-04533,Male,0,No,No,61,Yes,No,DSL,No internet service,Yes,Yes,Month-to-month,No,Bank transfer (automatic),47.33,2890.46,No
CUS-04534,Male,0,No,No,36,Yes,No,DSL,No,Yes,Yes,Two year,No,Electronic check,48.55,1814.8,No
CUS-04535,Male,0,Yes,Yes,40,Yes,No phone service,Fiber optic,No,No,No internet service,Month-to-month,Yes,Mailed check,105.25,4231.19,No
CUS-04536,Female,0,No,No,23,Yes,Yes,Fiber optic,Yes,No,No,Month-to-month,Yes,Mailed check,69.32,1531.97,Yes
CUS-04537,Male,0,Yes,No,26,Yes,No phone service,DSL,No,No internet service,No,Two year,No,Electronic check,45.15,1201.01,No
CUS-04538,Male,1,Yes,No,18,Yes,Yes,Fiber optic,No,No,Yes,Month-to-month,No,Electronic check,97.84,1764.0,Yes
CUS-04539,Female,0,No,Yes,34,Yes,Yes,No,No internet service,Yes,Yes,Month-to-month,Yes,Mailed check,93.02,3130.88,No
CUS-04540,Female,0,Yes,No,28,Yes,Yes,DSL,No,No internet service,Yes,One year,Yes,Electronic check,64.76,1847.98,No
CUS-04541,Female,0,No,Yes,49,No,No,Fiber optic,No,No,Yes,Two year,No,Electronic check,86.88,4115.27,Yes
CUS-04542,Female,1,Yes,No,64,Yes,No,Fiber optic,Yes,No,Yes,One year,No,Mailed check,91.81,6043.49,No
CUS-04543,Female,0,Yes,No,71,No,No,DSL,No,No,Yes,Two year,Yes,Mailed check,22.95,1664.7,No
CUS-04544,Male,0,No,No,63,Yes,Yes,Fiber optic,Yes,No internet service,Yes,Two year,No,Electronic check,105.55,6440.44,No
CUS-04545,Male,0,Yes,No,62,No,No,No,Yes,Yes,No internet service,Month-to-month,Yes,Bank transfer (automatic),46.7,2995.69,Yes
CUS-04546,Female,0,Yes,No,42,Yes,No,No,No,Yes,Yes,One year,Yes,Electronic check,116.11,4726.79,No
CUS-04547,Female,0,No,Yes,24,Yes,No,DSL,Yes,No,No,One year,Yes,Electronic check,108.82,2658.02,No
CUS-04548,Female,0,Yes,Yes,35,Yes,No,No,No,No internet service,Yes,Month-to-month,Yes,Electronic check,19.93,688.33,Yes
CUS-04549,Female,0,Yes,Yes,55,Yes,No phone service,Fiber optic,No internet service,Yes,No,Month-to-month,Yes,Bank transfer (automatic),80.09,4517.57,Yes
CUS-04550,Female,0,No,Yes,49,Yes,No,DSL,No,Yes,Yes,One year,Yes,Bank transfer (automatic),114.51,5362.98,Yes
CUS-04551,Male,0,Yes,Yes,59,Yes,Yes,DSL,No,No,Yes,Two year,Yes,Electronic check,74.5,4285.54,No
CUS-04552,Male,0,No,No,22,Yes,Yes,No,Yes,No,No internet service,One year,Yes,Mailed check,79.56,1745.16,No
CUS-04553,Male,0,Yes,No,61,Yes,Yes,Fiber optic,No,No,No,One year,Yes,Bank transfer (automatic),111.1,6922.58,Yes
CUS-04554,Male,0,Yes,Yes,30,No,No,No,No,No internet service,No,Month-to-month,No,Electronic check,75.28,2284.47,No
CUS-04555,Female,0,Yes,Yes,69,Yes,No phone service,DSL,No,Yes,Yes,Month-to-month,Yes,Bank transfer (automatic),42.44,3061.32,Yes
CUS-04556,Male,0,Yes,No,60,Yes,No,Fiber optic,No,No,No,One year,Yes,Electronic check,64.03,3864.48,Yes
CUS-04557,Female,1,Yes,No,6,Yes,Yes,DSL,No,No,No,Month-to-month,Yes,Electronic check,53.0,311.7,Yes
CUS-04558,Female,1,Yes,Yes,11,Yes,No,DSL,Yes,No,Yes,One year,Yes,Credit card (automatic),34.71,379.28,No
CUS-04559,Female,0,Yes,No,24,Yes,No,No,No,Yes,No,Month-to-month,Yes,Bank transfer (automatic),39.41,905.68,Yes
CUS-04560,Male,0,Yes,No,51,Yes,No phone service,DSL,No internet service,No,Yes,Month-to-month,Yes,Mailed check,24.11,1182.51,Yes
CUS-04561,Female,0,No,No,19,Yes,Yes,Fiber optic,Yes,Yes,No,Month-to-month,No,Credit card (automatic),34.88,663.89,Yes
CUS-04562,Male,1,No,No,50,Yes,No,No,No,No,No internet service,Month-to-month,Yes,Electronic check,43.93,2300.99,Yes
CUS-04563,Male,0,Yes,No,3,Yes,No phone service,No,No,No,Yes,One year,Yes,Electronic check,93.83,274.3,No
CUS-04564,Female,0,No,Yes,3,Yes,No phone service,Fiber optic,No,No,No,Month-to-month,Yes,Credit card (automatic),54.6,168.34,Yes
CUS-04565,Female,0,No,Yes,31,Yes,Yes,Fiber optic,No,No,No,Month-to-month,Yes,Electronic check,87.1,2664.08,Yes
CUS-04566,Female,1,No,No,47,Yes,Yes,Fiber optic,No internet service,No,Yes,Month-to-month,No,Bank transfer (automatic),117.62,5269.3,No
CUS-04567,Male,0,No,No,8,Yes,No,DSL,No,No internet service,No internet service,One year,Yes,Credit card (automatic),76.17,588.88,No
CUS-04568,Female,0,No,No,17,Yes,No,DSL,No,No,Yes,Month-to-month,Yes,Electronic check,79.41,1366.39,Yes
CUS-04569,Male,0,Yes,Yes,45,Yes,Yes,DSL,No,No,No,One year,Yes,Credit card (automatic),73.22,3205.62,No
CUS-04570,Female,0,No,No,60,Yes,No phone service,Fiber optic,No internet service,Yes,Yes,Month-to-month,No,Mailed check,57.55,3574.35,Yes
CUS-04571,Female,0,No,No,21,Yes,Yes,DSL,No internet service,Yes,Yes,Month-to-month,Yes,Credit card (automatic),36.57,757.75,Yes
CUS-04572,Male,0,Yes,No,70,Yes,No,DSL,No internet service,Yes,No,Two year,Yes,Electronic check,115.75,7880.17,No
CUS-04573,Male,0,Yes,No,21,Yes,No,Fiber optic,Yes,No,No,Month-to-month,No,Mailed check,65.8,1420.34,Yes
CUS-04574,Male,1,No,No,58,Yes,Yes,Fiber optic,Yes,No,No internet service,Month-to-month,No,Credit card (automatic),111.59,6251.43,No
CUS-04575,Male,0,No,No,55,Yes,Yes,Fiber optic,No,No,No,Two year,Yes,Electronic check,43.98,2528.42,No
CUS-04576,Male,0,Yes,No,28,Yes,No,DSL,Yes,No,No,Two year,No,Electronic check,28.85,786.62,No
CUS-04577,Male,0,Yes,No,46,No,No,No,No,No internet service,No,Month-to-month,Yes,Electronic check,81.69,3876.21,No
CUS-04578,Female,0,No,Yes,44,Yes,Yes,No,Yes,Yes,No,Month-to-month,Yes,Credit card (automatic),103.13,4545.36,Yes
CUS-04579,Female,0,Yes,No,25,Yes,No,DSL,No,No internet service,No internet service,Month-to-month,No,Electronic check,84.22,2155.85,Yes
CUS-04580,Male,0,No,Yes,71,Yes,No,DSL,No,No,No,One year,Yes,Electronic check,92.28,6314.67,Yes
CUS-04581,Female,0,Yes,No,49,No,No,Fiber optic,No,Yes,Yes,One year,No,Credit card (automatic),78.84,3750.48,No
CUS-04582,Male,1,Yes,No,46,Yes,No phone service,No,Yes,No,No,One year,No,Mailed check,92.64,4132.85,Yes
CUS-04583,Female,1,Yes,Yes,63,Yes,No,DSL,No internet service,No,No,One year,No,Bank transfer (automatic),52.45,3183.51,No
CUS-04584,Female,1,Yes,Yes,12,Yes,No,DSL,No,No,Yes,Two year,Yes,Bank transfer (automatic),56.95,667.34,No
CUS-04585,Male,0,Yes,No,57,Yes,No,DSL,No,Yes,Yes,Two year,Yes,Bank transfer (automatic),96.03,5659.75,No
CUS-04586,Male,0,No,No,64,Yes,No,Fiber optic,No,No,No,Month-to-month,Yes,Mailed check,98.15,6437.13,No
CUS-04587,Male,0,No,Yes,31,Yes,Yes,No,No,Yes,No internet service,Month-to-month,No,Credit card (automatic),26.26,798.3,Yes
CUS-04588,Female,0,Yes,Yes,4,Yes,No,Fiber optic,No,Yes,Yes,Month-to-month,Yes,Electronic check,19.69,77.7,Yes
CUS-04589,Male,0,No,No,54,Yes,Yes,Fiber optic,Yes,No internet service,Yes,Month-to-month,Yes,Credit card (automatic),84.65,4678.34,Yes
CUS-04590,Female,0,No,No,65,Yes,No,Fiber optic,No internet service,No,No,Two year,No,Electronic check,26.44,1774.24,No
CUS-04591,Male,0,Yes,No,6,Yes,No,DSL,No,No,Yes,Month-to-month,Yes,Electronic check,35.14,209.24,No
CUS-04592,Female,0,Yes,No,65,No,Yes,Fiber optic,No,No,No internet service,One year,Yes,Bank transfer (automatic),37.72,2510.8,No
CUS-04593,Female,0,Yes,No,22,Yes,Yes,DSL,No,No internet service,No,Two year,Yes,Credit card (automatic),68.93,1526.94,Yes
CUS-04594,Male,0,No,Yes,17,Yes,Yes,DSL,No internet service,No,No,Month-to-month,Yes,Mailed check,38.11,679.76,Yes
CUS-04595,Female,0,No,No,59,Yes,Yes,DSL,Yes,No,Yes,Two year,No,Electronic check,36.09,2169.88,Yes
CUS-04596,Female,0,Yes,No,29,No,No,Fiber optic,No,No,Yes,Two year,Yes,Mailed check,19.06,565.89,No
CUS-04597,Male,0,No,Yes,67,Yes,No,Fiber optic,No internet service,Yes,Yes,Month-to-month,Yes,Credit card (automatic),94.65,6558.98,Yes
CUS-04598,Female,0,Yes,No,17,Yes,Yes,Fiber optic,No,No,No,Month-to-month,No,Mailed check,31.59,517.84,No
CUS-04599,Male,1,Yes,No,2,No,Yes,DSL,No,No,No internet service,Month-to-month,Yes,Electronic check,74.88,147.78,No
CUS-04600,Male,0,Yes,No,32,Yes,No,DSL,No,No,No,Month-to-month,No,Mailed check,47.97,1533.73,No
CUS-04601,Male,1,No,No,22,Yes,Yes,DSL,No,No internet service,No,One year,Yes,Mailed check,36.3,770.87,Yes
CUS-04602,Male,0,Yes,No,58,Yes,No phone service,DSL,Yes,No internet service,No internet service,Two year,Yes,Electronic check,52.69,3013.82,No
CUS-04603,Female,0,No,No,53,No,Yes,Fiber optic,Yes,No internet service,No internet service,Month-to-month,No,Credit card (automatic),43.75,2361.8,Yes
CUS-04604,Female,0,Yes,No,47,Yes,No,DSL,No,Yes,No,Month-to-month,Yes,Bank transfer (automatic),61.32,2810.14,No
CUS-04605,Female,0,Yes,No,4,Yes,Yes,Fiber optic,No internet service,Yes,Yes,Month-to-month,Yes,Electronic check,87.02,347.43,Yes
CUS-04606,Male,0,No,No,38,Yes,Yes,Fiber optic,No,No,Yes,Two year,Yes,Credit card (automatic),23.09,845.53,Yes
CUS-04607,Female,0,No,No,13,Yes,Yes,Fiber optic,No,No,Yes,One year,Yes,Bank transfer (automatic),36.33,454.06,No
CUS-04608,Female,0,No,No,61,Yes,No,Fiber optic,No,No,Yes,Month-to-month,Yes,Bank transfer (automatic),26.03,1566.76,Yes
CUS-04609,Male,0,No,Yes,64,Yes,Yes,DSL,No internet service,No internet service,No,Two year,Yes,Bank transfer (automatic),114.78,7512.63,No
CUS-04610,Male,0,No,Yes,33,Yes,No,Fiber optic,No internet service,Yes,No internet service,Two year,Yes,Credit card (automatic),75.39,2494.37,No
CUS-04611,Female,0,Yes,No,38,Yes,Yes,No,No,Yes,No,Month-to-month,Yes,Credit card (automatic),100.03,3849.93,No
CUS-04612,Male,0,Yes,No,29,Yes,No,Fiber optic,Yes,Yes,No,Month-to-month,No,Electronic check,44.67,1282.87,Yes
CUS-04613,Male,0,No,Yes,61,Yes,No,DSL,No,No,No,Month-to-month,Yes,Electronic check,107.54,6616.5,No
CUS-04614,Male,0,No,Yes,32,Yes,Yes,No,Yes,No,Yes,Month-to-month,No,Mailed check,80.9,2584.68,Yes
CUS-04615,Male,0,No,No,11,Yes,Yes,Fiber optic,No internet service,Yes,Yes,Month-to-month,Yes,Electronic check,58.6,637.98,Yes
CUS-04616,Female,0,Yes,No,18,Yes,No,Fiber optic,No,No,No,Month-to-month,No,Mailed check,78.06,1338.21,No
CUS-04617,Male,0,Yes,No,45,Yes,No,Fiber optic,No,No,Yes,Two year,Yes,Electronic check,30.75,1431.54,No
CUS-04618,Male,1,No,Yes,21,Yes,No phone service,DSL,No internet service,Yes,No,Month-to-month,No,Credit card (automatic),49.31,1082.35,Yes
CUS-04619,Male,0,Yes,No,12,Yes,No,Fiber optic,No internet service,Yes,Yes,Month-to-month,No,Electronic check,71.92,865.62,No
CUS-04620,Male,0,Yes,No,20,Yes,Yes,Fiber optic,No internet service,No internet service,Yes,Month-to-month,Yes,Electronic check,82.04,1632.09,No
CUS-04621,Male,0,Yes,Yes,7,Yes,Yes,No,Yes,No internet service,Yes,Month-to-month,Yes,Mailed check,39.68,285.11,Yes
CUS-04622,Male,0,Yes,No,71,Yes,Yes,DSL,Yes,Yes,Yes,One year,No,Electronic check,117.19,7915.16,No
CUS-04623,Male,0,No,No,2,Yes,Yes,Fiber optic,Yes,Yes,No internet service,Month-to-month,No,Bank transfer (automatic),101.31,195.29,Yes
CUS-04624,Male,0,No,Yes,43,Yes,Yes,No,No,No,No,Two year,Yes,Mailed check,76.0,3195.3,No
CUS-04625,Female,0,Yes,No,21,Yes,Yes,DSL,No,No,No,Month-to-month,Yes,Bank transfer (automatic),115.33,2321.17,No
CUS-04626,Male,0,Yes,No,29,Yes,Yes,No,Yes,No,No,Month-to-month,Yes,Electronic check,69.26,1917.33,Yes
CUS-04627,Female,0,No,Yes,32,Yes,Yes,DSL,No,No,No,Two year,No,Bank transfer (automatic),112.72,3765.31,No
CUS-04628,Male,0,Yes,Yes,45,Yes,Yes,DSL,Yes,No,No,Two year,Yes,Electronic check,93.18,4060.88,No
CUS-04629,Male,0,No,Yes,59,Yes,Yes,DSL,No,No internet service,No internet service,Two year,Yes,Bank transfer (automatic),39.73,2365.85,No
CUS-04630,Male,0,No,No,3,Yes,Yes,Fiber optic,No,No,Yes,Two year,Yes,Electronic check,58.55,176.33,No
CUS-04631,Male,1,No,Yes,39,Yes,No,DSL,No,Yes,No internet service,Two year,No,Credit card (automatic),44.28,1689.99,No
CUS-04632,Female,0,No,No,51,Yes,Yes,Fiber optic,No internet service,No,No internet service,Two year,No,Credit card (automatic),90.18,4667.04,No
CUS-04633,Male,0,Yes,No,8,No,Yes,DSL,No,Yes,Yes,Month-to-month,Yes,Electronic check,94.66,744.06,Yes
CUS-04634,Male,0,No,No,46,Yes,Yes,DSL,No,No,Yes,Two year,Yes,Credit card (automatic),86.42,3958.47,No
CUS-04635,Female,1,Yes,No,66,Yes,No,Fiber optic,Yes,No,No,Month-to-month,Yes,Electronic check,72.56,4731.85,No
CUS-04636,Female,0,Yes,No,6,Yes,No,DSL,No,No,No internet service,Month-to-month,Yes,Credit card (automatic),58.21,363.6,Yes
CUS-04637,Male,0,Yes,No,58,Yes,Yes,DSL,No internet service,Yes,Yes,Month-to-month,No,Electronic check,116.43,7043.63,No
CUS-04638,Female,0,Yes,No,41,Yes,No,Fiber optic,No internet service,No internet service,No,One year,Yes,Electronic check,20.8,842.06,Yes
CUS-04639,Female,0,Yes,No,54,Yes,No,Fiber optic,No internet service,No,No internet service,One year,Yes,Credit card (automatic),30.39,1599.54,Yes
CUS-04640,Female,0,Yes,No,41,Yes,No,DSL,No,Yes,Yes,Two year,Yes,Electronic check,77.87,3268.19,No
CUS-04641,Male,0,No,No,48,Yes,No,Fiber optic,No,Yes,Yes,Month-to-month,Yes,Bank transfer (automatic),93.58,4408.78,No
CUS-04642,Male,1,No,No,70,Yes,No,DSL,No,Yes,No internet service,Month-to-month,Yes,Bank transfer (automatic),113.76,7947.99,No
CUS-04643,Male,0,Yes,No,27,Yes,Yes,Fiber optic,No,No,No internet service,Month-to-month,No,Credit card (automatic),67.05,1818.27,No
CUS-04644,Female,0,No,No,47,Yes,Yes,No,Yes,Yes,No,Month-to-month,No,Credit card (automatic),44.59,2197.78,No
CUS-04645,Male,0,Yes,No,23,Yes,No,No,Yes,Yes,No,One year,Yes,Mailed check,104.33,2371.51,No
CUS-04646,Female,0,No,No,14,Yes,No phone service,DSL,No,Yes,No internet service,Month-to-month,Yes,Bank transfer (automatic),62.06,861.01,Yes
CUS-04647,Male,1,Yes,Yes,61,Yes,No,Fiber optic,Yes,No,No internet service,Month-to-month,Yes,Electronic check,30.91,1804.09,Yes
CUS-04648,Male,0,No,No,67,Yes,Yes,Fiber optic,No internet service,No,No,Month-to-month,No,Electronic check,70.21,4780.72,Yes
CUS-04649,Female,0,Yes,Yes,25,Yes,Yes,No,No,Yes,No,One year,No,Mailed check,70.55,1709.26,No
CUS-04650,Male,0,No,Yes,65,Yes,No,No,No,No internet service,No,Month-to-month,Yes,Electronic check,40.92,2690.01,No
CUS-04651,Female,0,Yes,No,24,Yes,No,Fiber optic,Yes,No internet service,Yes,Month-to-month,No,Electronic check,32.2,752.86,No
CUS-04652,Female,0,Yes,No,53,Yes,No,No,No,No,Yes,Month-to-month,Yes,Electronic check,32.25,1785.23,No
CUS-04653,Male,1,Yes,No,50,Yes,No,No,No,No,No internet service,Two year,Yes,Electronic check,100.33,4806.1,No
CUS-04654,Female,1,Yes,No,1,Yes,Yes,Fiber optic,No,No,Yes,Two year,No,Bank transfer (automatic),68.1,71.03,No
CUS-04655,Male,0,No,Yes,39,Yes,No,Fiber optic,No,No,Yes,One year,Yes,Electronic check,91.64,3592.1,Yes
CUS-04656,Male,0,No,No,44,Yes,No,Fiber optic,No internet service,No,No,Two year,Yes,Credit card (automatic),114.25,5246.75,Yes
CUS-04657,Female,0,Yes,No,5,Yes,No,Fiber optic,No,No,Yes,Month-to-month,Yes,Electronic check,97.2,485.67,No
CUS-04658,Male,1,No,Yes,68,Yes,No,Fiber optic,No,No,Yes,Month-to-month,Yes,Electronic check,33.7,2187.34,No
CUS-04659,Female,0,Yes,No,65,Yes,No,Fiber optic,Yes,No,No,One year,Yes,Mailed check,59.99,3781.53,No
CUS-04660,Male,0,No,No,15,Yes,Yes,DSL,No,No,No,One year,No,Bank transfer (automatic),67.61,999.08,No
CUS-04661,Male,0,Yes,No,50,Yes,Yes,No,No internet service,No internet service,Yes,Month-to-month,No,Bank transfer (automatic),88.13,4599.33,No
CUS-04662,Male,0,No,No,6,Yes,Yes,No,No internet service,Yes,No,Month-to-month,No,Electronic check,114.49,704.75,No
CUS-04663,Male,1,Yes,No,66,Yes,No phone service,DSL,Yes,No internet service,Yes,Month-to-month,No,Electronic check,46.51,3100.86,No
CUS-04664,Male,0,No,No,69,Yes,Yes,No,No internet service,No internet service,Yes,One year,Yes,Credit card (automatic),104.12,7140.92,No
CUS-04665,Female,0,Yes,No,39,Yes,Yes,Fiber optic,Yes,No internet service,No internet service,Two year,No,Mailed check,25.22,978.35,No
CUS-04666,Female,0,No,No,29,Yes,No,Fiber optic,No,Yes,Yes,Two year,No,Mailed check,105.2,3097.36,No
CUS-04667,Female,0,No,No,46,Yes,Yes,Fiber optic,No internet service,Yes,No,One year,Yes,Bank transfer (automatic),87.46,4111.78,No
CUS-04668,Female,0,Yes,No,31,Yes,Yes,Fiber optic,No,No internet service,No,Month-to-month,Yes,Mailed check,20.85,644.89,No
CUS-04669,Female,0,No,Yes,24,Yes,No,Fiber optic,No,No internet service,Yes,Two year,Yes,Mailed check,79.08,1954.52,No
CUS-04670,Female,0,No,No,15,Yes,No,No,No,Yes,Yes,Month-to-month,No,Credit card (automatic),111.13,1671.02,Yes
CUS-04671,Male,0,No,No,20,Yes,No,Fiber optic,No,No,No internet service,Two year,Yes,Credit card (automatic),61.26,1227.02,No
CUS-04672,Male,0,No,No,4,Yes,No,Fiber optic,No internet service,Yes,No,Month-to-month,Yes,Mailed check,29.73,120.69,No
CUS-04673,Female,0,No,No,58,Yes,No,Fiber optic,No internet service,Yes,No,Month-to-month,No,Electronic check,116.86,6977.28,Yes
CUS-04674,Female,0,No,No,61,Yes,No,No,No internet service,Yes,No,One year,No,Credit card (automatic),59.67,3675.19,No
CUS-04675,Male,0,No,No,10,Yes,No,DSL,No,Yes,Yes,Month-to-month,Yes,Bank transfer (automatic),70.78,737.73,Yes
CUS-04676,Male,0,Yes,No,41,Yes,Yes,Fiber optic,No internet service,No,No,Two year,No,Bank transfer (automatic),114.73,4881.08,No
CUS-04677,Male,0,No,No,53,No,No,No,Yes,Yes,No,Month-to-month,Yes,Bank transfer (automatic),76.48,4162.84,Yes
CUS-04678,Female,0,No,No,71,Yes,Yes,Fiber optic,Yes,No internet service,No,Month-to-month,No,Bank transfer (automatic),85.62,6056.06,Yes
CUS-04679,Female,0,No,No,48,Yes,Yes,No,No,No,No,Month-to-month,No,Bank transfer (automatic),88.99,4319.71,Yes
CUS-04680,Female,1,Yes,No,15,Yes,Yes,DSL,No,No,No,One year,Yes,Credit card (automatic),93.35,1401.18,No
CUS-04681,Male,0,Yes,No,7,Yes,Yes,No,Yes,No internet service,Yes,Month-to-month,Yes,Credit card (automatic),98.02,652.26,Yes
CUS-04682,Male,0,No,No,71,Yes,No,No,Yes,No,No,Month-to-month,No,Mailed check,25.48,1838.55,Yes
CUS-04683,Female,0,No,Yes,43,Yes,No,No,No,Yes,No internet service,Month-to-month,Yes,Electronic check,111.43,4990.62,No
CUS-04684,Female,0,Yes,Yes,4,Yes,Yes,Fiber optic,No,No,No,Month-to-month,Yes,Mailed check,72.54,290.71,Yes
CUS-04685,Male,1,Yes,No,51,Yes,No phone service,DSL,Yes,No,No,Month-to-month,Yes,Bank transfer (automatic),71.39,3520.93,Yes
CUS-04686,Male,0,Yes,No,71,No,No,Fiber optic,No,No,Yes,Month-to-month,No,Mailed check,101.55,7180.83,Yes
CUS-04687,Male,1,No,No,59,Yes,No,Fiber optic,No,No,No,Month-to-month,Yes,Credit card (automatic),48.68,2729.39,No
CUS-04688,Male,0,Yes,No,41,Yes,No,Fiber optic,No,No,No internet service,Month-to-month,No,Electronic check,83.59,3509.4,Yes
CUS-04689,Female,1,No,No,61,Yes,Yes,Fiber optic,No internet service,No,No,Month-to-month,Yes,Bank transfer (automatic),49.7,3082.78,Yes
CUS-04690,Male,1,No,No,30,Yes,No phone service,Fiber optic,No,No,No,Month-to-month,No,Electronic check,94.09,2865.51,Yes
CUS-04691,Male,1,No,Yes,18,Yes,No,DSL,No internet service,No,No internet service,Month-to-month,Yes,Credit card (automatic),61.29,1095.94,Yes
CUS-04692,Male,0,Yes,No,30,Yes,No,Fiber optic,Yes,Yes,Yes,Two year,Yes,Mailed check,36.66,1087.92,No
CUS-04693,Female,0,No,No,7,Yes,Yes,DSL,Yes,No internet service,No,Two year,Yes,Credit card (automatic),108.89,744.9,No
CUS-04694,Female,0,No,No,52,Yes,Yes,DSL,No,No,No,Month-to-month,No,Bank transfer (automatic),93.33,5055.12,No
CUS-04695,Male,0,Yes,No,48,Yes,No,Fiber optic,No,No,No,Month-to-month,No,Bank transfer (automatic),19.42,919.93,No
CUS-04696,Male,1,No,Yes,23,No,Yes,Fiber optic,No,No,Yes,Two year,No,Electronic check,24.45,565.43,No
CUS-04697,Male,0,No,No,37,Yes,No,No,No,Yes,No,Month-to-month,Yes,Bank transfer (automatic),55.91,2059.84,No
CUS-04698,Female,1,No,Yes,71,Yes,No,Fiber optic,No internet service,No,Yes,Two year,No,Mailed check,96.01,6926.33,Yes
CUS-04699,Female,0,No,No,53,Yes,Yes,No,No internet service,No,No internet service,One year,Yes,Electronic check,45.6,2533.23,No
CUS-04700,Female,0,Yes,No,45,Yes,No,DSL,No internet service,No,No internet service,Month-to-month,Yes,Credit card (automatic),117.08,5310.71,Yes
CUS-04701,Male,0,Yes,No,49,Yes,No,No,No,No,Yes,Two year,Yes,Electronic check,109.91,5335.69,No
CUS-04702,Female,0,Yes,No,49,Yes,Yes,No,No,No,No,Month-to-month,No,Electronic check,104.46,5172.96,No
CUS-04703,Male,0,No,No,47,Yes,No,Fiber optic,No internet service,No,No internet service,One year,No,Mailed check,18.91,847.36,No
CUS-04704,Male,0,No,Yes,25,Yes,No,DSL,No internet service,No,Yes,Month-to-month,Yes,Bank transfer (automatic),114.4,2975.7,No
CUS-04705,Male,1,Yes,No,27,Yes,No,Fiber optic,No internet service,No,Yes,Month-to-month,Yes,Electronic check,77.14,2013.69,Yes
CUS-04706,Female,0,Yes,No,12,Yes,No,DSL,No internet service,Yes,No,Month-to-month,Yes,Mailed check,77.13,929.28,No
CUS-04707,Male,0,No,Yes,23,Yes,Yes,Fiber optic,No,No,No,Month-to-month,No,Mailed check,27.87,633.3,No
CUS-04708,Female,0,No,No,17,Yes,Yes,DSL,No,No,No,Month-to-month,Yes,Mailed check,78.94,1389.04,No
CUS-04709,Female,0,Yes,No,44,Yes,No phone service,Fiber optic,No,No,No internet service,Month-to-month,No,Electronic check,70.87,3262.61,No
CUS-04710,Male,0,No,No,71,Yes,No,DSL,No internet service,No,No internet service,Two year,Yes,Electronic check,72.14,4897.66,No
CUS-04711,Male,0,No,No,24,Yes,Yes,DSL,No,No internet service,No internet service,Month-to-month,No,Electronic check,37.14,865.23,No
CUS-04712,Female,0,Yes,No,71,Yes,No,DSL,Yes,Yes,Yes,Two year,No,Electronic check,72.31,5313.36,No
CUS-04713,Male,0,Yes,Yes,60,Yes,No,DSL,No,No,Yes,Two year,Yes,Electronic check,25.23,1506.85,No
CUS-04714,Female,0,Yes,Yes,53,Yes,Yes,Fiber optic,No internet service,No,No internet service,Month-to-month,Yes,Mailed check,20.14,1081.56,Yes
CUS-04715,Male,1,Yes,No,16,Yes,No,DSL,No internet service,Yes,No,Month-to-month,No,Electronic check,39.32,621.01,Yes
CUS-04716,Female,0,No,No,25,Yes,Yes,Fiber optic,Yes,No internet service,No,One year,Yes,Credit card (automatic),98.17,2462.68,Yes
CUS-04717,Female,0,Yes,Yes,66,Yes,No,Fiber optic,Yes,Yes,No,One year,Yes,Bank transfer (automatic),78.35,5050.55,No
CUS-04718,Female,0,Yes,Yes,50,Yes,No,DSL,No,No,No internet service,Month-to-month,Yes,Mailed check,107.43,5419.88,Yes
CUS-04719,Female,0,No,No,69,Yes,Yes,DSL,No,No internet service,Yes,Month-to-month,Yes,Electronic check,56.9,3899.78,Yes
CUS-04720,Male,0,Yes,No,40,No,No,Fiber optic,Yes,Yes,No internet service,Month-to-month,No,Mailed check,52.98,2157.64,Yes
CUS-04721,Male,0,No,No,6,Yes,No,No,No internet service,No,No,One year,No,Mailed check,88.0,533.71,No
CUS-04722,Female,0,Yes,Yes,64,Yes,No,Fiber optic,No,No,No internet service,Month-to-month,No,Credit card (automatic),58.71,3619.81,No
CUS-04723,Female,0,No,No,28,Yes,Yes,Fiber optic,No,No internet service,Yes,One year,Yes,Electronic check,56.12,1522.73,No
CUS-04724,Male,0,No,No,9,Yes,No phone service,Fiber optic,No internet service,No,No,Month-to-month,Yes,Electronic check,64.6,553.68,No
CUS-04725,Male,0,Yes,No,6,Yes,Yes,No,No,Yes,No,One year,No,Bank transfer (automatic),29.47,174.31,No
CUS-04726,Male,0,No,No,17,Yes,No,No,No,No internet service,No,Two year,No,Credit card (automatic),38.28,635.98,No
CUS-04727,Male,0,Yes,Yes,40,Yes,No phone service,Fiber optic,No,No,No,Two year,Yes,Bank transfer (automatic),78.33,3002.32,No
CUS-04728,Male,0,No,No,45,Yes,Yes,DSL,No internet service,No,No,Month-to-month,No,Electronic check,78.85,3611.45,No
CUS-04729,Male,0,No,No,43,Yes,Yes,Fiber optic,Yes,No,Yes,Two year,No,Credit card (automatic),77.02,3383.38,No
CUS-04730,Female,0,Yes,No,46,Yes,No phone service,DSL,No,Yes,No internet service,One year,Yes,Bank transfer (automatic),37.98,1775.43,No
CUS-04731,Male,0,No,Yes,63,Yes,No phone service,Fiber optic,No,No internet service,No internet service,Two year,No,Electronic check,61.56,3774.75,No
CUS-04732,Male,0,Yes,No,1,Yes,No,Fiber optic,No internet service,Yes,Yes,One year,No,Electronic check,110.1,111.51,No
CUS-04733,Female,1,No,No,59,Yes,No,Fiber optic,No internet service,No,No internet service,Month-to-month,No,Bank transfer (automatic),104.1,6068.05,Yes
CUS-04734,Male,0,Yes,Yes,63,Yes,No,Fiber optic,Yes,No internet service,No,One year,No,Electronic check,73.75,4418.7,Yes
CUS-04735,Male,0,No,No,18,Yes,Yes,DSL,Yes,No,No,Month-to-month,Yes,Mailed check,108.08,2036.4,Yes
CUS-04736,Male,0,Yes,No,65,Yes,No,No,Yes,No,Yes,Month-to-month,No,Electronic check,85.5,5678.52,No
CUS-04737,Male,0,No,No,20,Yes,No,DSL,No,Yes,No,Month-to-month,No,Mailed check,59.23,1153.64,Yes
CUS-04738,Male,0,No,Yes,56,Yes,Yes,DSL,No internet service,No,No,Two year,No,Electronic check,95.64,5253.77,No
CUS-04739,Female,0,No,No,54,Yes,No,Fiber optic,Yes,Yes,No,Two year,No,Mailed check,48.2,2706.42,No
CUS-04740,Male,0,Yes,Yes,48,Yes,No,No,No,No internet service,No,Two year,Yes,Credit card (automatic),103.47,4844.86,No
CUS-04741,Female,1,No,Yes,54,Yes,No,Fiber optic,No internet service,No,Yes,Two year,No,Bank transfer (automatic),50.95,2639.14,Yes
CUS-04742,Female,0,Yes,No,16,Yes,No,Fiber optic,No internet service,No,No,Two year,No,Credit card (automatic),97.46,1612.55,No
CUS-04743,Male,0,Yes,No,20,No,No,Fiber optic,No,Yes,No,Month-to-month,Yes,Mailed check,46.13,940.83,Yes
CUS-04744,Female,0,Yes,Yes,47,Yes,Yes,DSL,No internet service,No,No internet service,Month-to-month,No,Bank transfer (automatic),109.69,5177.44,Yes
CUS-04745,Male,0,Yes,No,7,Yes,Yes,Fiber optic,No,No internet service,Yes,One year,No,Mailed check,36.48,256.75,No
CUS-04746,Female,0,No,Yes,23,Yes,No,Fiber optic,No,No internet service,Yes,Month-to-month,Yes,Electronic check,89.9,2106.54,Yes
CUS-04747,Female,0,Yes,No,33,Yes,Yes,No,Yes,Yes,No,Month-to-month,No,Electronic check,58.87,2022.52,Yes
CUS-04748,Male,0,No,Yes,40,Yes,Yes,DSL,No,No internet service,Yes,One year,Yes,Electronic check,19.85,819.61,No
CUS-04749,Male,0,Yes,No,5,No,No,DSL,No,Yes,No,Month-to-month,No,Electronic check,51.18,249.07,Yes
CUS-04750,Male,0,Yes,No,45,Yes,Yes,Fiber optic,No,No,Yes,Month-to-month,No,Mailed check,38.26,1746.44,No
CUS-04751,Male,0,No,No,41,Yes,No phone service,Fiber optic,Yes,No internet service,No,One year,No,Mailed check,73.52,3065.96,No
CUS-04752,Male,1,Yes,No,8,No,No,Fiber optic,Yes,No internet service,No,Month-to-month,Yes,Mailed check,43.99,363.24,Yes
CUS-04753,Female,0,Yes,No,50,Yes,Yes,DSL,Yes,No,No,Month-to-month,No,Mailed check,25.26,1314.91,No
CUS-04754,Female,0,Yes,No,31,Yes,No,DSL,No internet service,Yes,Yes,Month-to-month,No,Bank transfer (automatic),113.31,3357.56,No
CUS-04755,Female,0,No,Yes,4,Yes,No,No,No internet service,Yes,No internet service,One year,No,Mailed check,102.51,393.41,No
CUS-04756,Female,0,No,Yes,66,Yes,No,Fiber optic,Yes,No,No internet service,Month-to-month,Yes,Bank transfer (automatic),22.53,1426.79,No
CUS-04757,Female,0,Yes,No,56,Yes,No,Fiber optic,Yes,Yes,Yes,One year,No,Credit card (automatic),45.14,2576.41,No
CUS-04758,Female,0,Yes,Yes,5,Yes,No,Fiber optic,No internet service,No,No internet service,Two year,No,Mailed check,81.05,422.6,No
CUS-04759,Female,0,No,No,54,Yes,Yes,Fiber optic,Yes,Yes,No,Two year,Yes,Mailed check,50.14,2729.79,No
CUS-04760,Male,0,No,No,1,No,Yes,Fiber optic,No internet service,Yes,No,Two year,Yes,Bank transfer (automatic),46.18,46.49,No
CUS-04761,Male,0,Yes,No,61,Yes,No,Fiber optic,No,No internet service,Yes,Two year,Yes,Mailed check,77.59,4893.83,No
CUS-04762,Female,0,No,No,7,Yes,Yes,DSL,No,No,No,Month-to-month,Yes,Electronic check,37.43,274.91,Yes
CUS-04763,Female,0,Yes,Yes,30,Yes,No,Fiber optic,No,Yes,Yes,Two year,Yes,Electronic check,82.85,2595.33,No
CUS-04764,Male,0,Yes,Yes,15,Yes,No,DSL,Yes,No,No,Month-to-month,No,Electronic check,26.93,408.27,No
CUS-04765,Male,1,Yes,Yes,4,Yes,No,Fiber optic,Yes,No internet service,No internet service,Month-to-month,Yes,Bank transfer (automatic),50.5,212.05,Yes
CUS-04766,Male,0,No,Yes,63,Yes,Yes,Fiber optic,No internet service,No,No,One year,No,Electronic check,29.56,1903.85,Yes
CUS-04767,Male,1,Yes,No,70,Yes,No,DSL,No internet service,No,No internet service,Month-to-month,No,Credit card (automatic),47.66,3403.12,Yes
CUS-04768,Female,0,No,No,38,Yes,Yes,Fiber optic,No,No internet service,No,Month-to-month,Yes,Bank transfer (automatic),86.28,3146.73,No
CUS-04769,Male,0,Yes,No,47,Yes,No,DSL,No internet service,No,Yes,One year,Yes,Bank transfer (automatic),94.39,4346.3,No
CUS-04770,Female,0,Yes,No,60,Yes,No,No,No internet service,No,Yes,Month-to-month,No,Credit card (automatic),32.5,1966.25,No
CUS-04771,Female,0,No,Yes,2,Yes,No,DSL,Yes,No,Yes,Month-to-month,Yes,Mailed check,92.62,188.9,Yes
CUS-04772,Female,0,Yes,Yes,69,Yes,Yes,No,No,No internet service,No,Two year,No,Electronic check,26.43,1769.25,No
CUS-04773,Male,0,Yes,No,8,Yes,No,Fiber optic,Yes,No,No,Month-to-month,No,Credit card (automatic),39.65,327.0,Yes
CUS-04774,Male,0,Yes,Yes,51,Yes,No,DSL,Yes,No internet service,No,Two year,Yes,Credit card (automatic),68.03,3599.86,No
CUS-04775,Female,1,Yes,No,19,No,Yes,DSL,No,No,No,Month-to-month,Yes,Electronic check,115.13,2264.41,Yes
CUS-04776,Female,0,Yes,No,31,Yes,No phone service,DSL,Yes,No,Yes,Two year,Yes,Bank transfer (automatic),115.36,3589.55,No
CUS-04777,Female,0,Yes,No,22,Yes,No,DSL,Yes,No,Yes,Month-to-month,Yes,Electronic check,65.83,1425.06,Yes
CUS-04778,Male,0,Yes,No,33,Yes,No,DSL,No,No internet service,No,Month-to-month,No,Electronic check,98.5,3361.64,Yes
CUS-04779,Female,0,Yes,Yes,37,Yes,No,DSL,Yes,No,No,Month-to-month,Yes,Bank transfer (automatic),73.34,2779.27,No
CUS-04780,Male,0,No,No,12,Yes,No phone service,DSL,Yes,Yes,No internet service,Two year,Yes,Electronic check,93.17,1066.37,No
CUS-04781,Female,0,Yes,No,69,Yes,No,Fiber optic,Yes,Yes,Yes,Month-to-month,Yes,Credit card (automatic),83.31,5749.06,No
CUS-04782,Female,0,Yes,Yes,64,Yes,No,Fiber optic,No internet service,No,No,One year,No,Mailed check,87.72,5795.45,No
CUS-04783,Female,0,No,No,25,Yes,No,Fiber optic,No,Yes,No internet service,Month-to-month,Yes,Bank transfer (automatic),61.96,1559.72,No
CUS-04784,Male,0,No,Yes,54,Yes,Yes,DSL,No internet service,No,Yes,Two year,Yes,Electronic check,101.31,5343.9,No
CUS-04785,Male,1,Yes,No,29,Yes,Yes,No,No internet service,No,No internet service,Month-to-month,Yes,Credit card (automatic),62.57,1726.8,No
CUS-04786,Female,0,Yes,No,13,Yes,Yes,Fiber optic,No internet service,No,Yes,Month-to-month,No,Electronic check,88.58,1120.07,Yes
CUS-04787,Male,0,No,Yes,26,Yes,Yes,Fiber optic,Yes,Yes,No internet service,One year,Yes,Mailed check,105.02,2761.06,No
CUS-04788,Female,0,Yes,Yes,22,Yes,No,DSL,No internet service,Yes,Yes,One year,No,Bank transfer (automatic),83.56,1792.93,No
CUS-04789,Male,1,No,Yes,10,Yes,Yes,Fiber optic,No,No,No,One year,Yes,Electronic check,68.98,656.09,Yes
CUS-04790,Male,0,No,Yes,48,Yes,No,Fiber optic,Yes,No,No internet service,Month-to-month,Yes,Credit card (automatic),70.83,3253.63,Yes
CUS-04791,Male,1,No,Yes,42,Yes,No,No,No,Yes,Yes,One year,No,Electronic check,88.88,3688.11,No
CUS-04792,Female,1,Yes,Yes,59,Yes,Yes,No,No,Yes,Yes,Month-to-month,Yes,Bank transfer (automatic),27.22,1600.33,No
CUS-04793,Male,1,No,Yes,53,Yes,Yes,Fiber optic,Yes,Yes,Yes,Two year,Yes,Bank transfer (automatic),81.66,4440.11,No
CUS-04794,Male,0,No,No,40,Yes,No,Fiber optic,Yes,No internet service,Yes,Month-to-month,Yes,Electronic check,55.49,2228.81,No
CUS-04795,Female,0,No,No,62,Yes,Yes,Fiber optic,No,No,No,Month-to-month,Yes,Credit card (automatic),31.52,2008.73,Yes
CUS-04796,Female,0,Yes,No,6,Yes,No,DSL,No internet service,No,No internet service,Two year,Yes,Electronic check,109.25,632.55,No
CUS-04797,Female,0,No,Yes,4,Yes,No,Fiber optic,No,No internet service,Yes,Month-to-month,No,Electronic check,67.76,266.98,Yes
CUS-04798,Female,0,No,Yes,55,Yes,No,DSL,No,No,Yes,Two year,No,Electronic check,63.7,3509.62,No
CUS-04799,Male,0,No,No,69,Yes,No,Fiber optic,Yes,No internet service,Yes,One year,No,Electronic check,72.24,4743.13,No
CUS-04800,Male,0,No,No,3,Yes,No,DSL,No,No,Yes,One year,No,Bank transfer (automatic),80.25,251.84,No
CUS-04801,Male,0,Yes,No,7,Yes,No,DSL,Yes,Yes,No internet service,Month-to-month,Yes,Electronic check,37.46,273.3,No
CUS-04802,Male,0,No,Yes,12,Yes,Yes,Fiber optic,No internet service,No,Yes,One year,Yes,Mailed check,80.55,982.46,Yes
CUS-04803,Male,0,Yes,No,17,No,No phone service,DSL,No internet service,Yes,No,Month-to-month,Yes,Credit card (automatic),53.25,879.31,Yes
CUS-04804,Female,0,No,No,67,Yes,No,Fiber optic,No,No,Yes,Two year,Yes,Credit card (automatic),89.47,5777.42,Yes
CUS-04805,Male,0,Yes,No,70,Yes,No,Fiber optic,No internet service,No,Yes,Month-to-month,Yes,Bank transfer (automatic),95.19,6921.94,No
CUS-04806,Male,0,Yes,No,36,Yes,No,No,No,Yes,Yes,Month-to-month,No,Electronic check,18.75,660.67,Yes
CUS-04807,Male,1,No,No,17,Yes,No,Fiber optic,Yes,Yes,Yes,Month-to-month,No,Mailed check,89.63,1504.9,Yes
CUS-04808,Female,0,Yes,No,1,Yes,No phone service,Fiber optic,No,No,Yes,Two year,Yes,Mailed check,53.25,52.69,No
CUS-04809,Female,0,No,No,67,Yes,Yes,No,No internet service,No internet service,No internet service,One year,No,Credit card (automatic),48.37,3147.83,No
CUS-04810,Male,0,No,Yes,49,Yes,No,DSL,No,Yes,No,One year,Yes,Mailed check,55.29,2770.05,Yes
CUS-04811,Female,0,Yes,Yes,51,Yes,Yes,Fiber optic,No,Yes,No,Month-to-month,Yes,Mailed check,75.56,3882.47,Yes
CUS-04812,Female,0,Yes,No,71,No,Yes,Fiber optic,No,No internet service,Yes,Month-to-month,No,Electronic check,29.45,2172.24,Yes
CUS-04813,Female,0,No,Yes,43,Yes,No,DSL,No,No,Yes,Month-to-month,Yes,Mailed check,87.83,3670.73,Yes
CUS-04814,Female,0,Yes,No,31,No,Yes,DSL,Yes,No internet service,Yes,Month-to-month,Yes,Electronic check,62.52,1907.01,Yes
CUS-04815,Female,0,No,No,24,Yes,No,Fiber optic,No,No,Yes,Two year,Yes,Mailed check,33.98,815.09,No
CUS-04816,Female,0,No,No,37,Yes,No,DSL,No,No internet service,Yes,Month-to-month,Yes,Credit card (automatic),68.94,2543.71,No
CUS-04817,Female,0,No,No,65,Yes,No,DSL,No internet service,Yes,No internet service,Month-to-month,Yes,Credit card (automatic),75.41,5137.73,No
CUS-04818,Male,0,No,No,63,Yes,Yes,Fiber optic,No,Yes,Yes,Two year,Yes,Credit card (automatic),52.63,3347.57,No
CUS-04819,Male,0,No,No,56,Yes,Yes,Fiber optic,No,No internet service,Yes,Two year,Yes,Credit card (automatic),107.96,5991.52,No
CUS-04820,Female,0,No,No,18,Yes,No phone service,Fiber optic,Yes,No internet service,No,One year,No,Mailed check,87.72,1545.05,Yes
CUS-04821,Male,0,No,No,65,Yes,No,DSL,No internet service,No,No,Month-to-month,No,Bank transfer (automatic),84.13,5510.75,Yes
CUS-04822,Male,0,No,No,29,Yes,Yes,DSL,No,No,No,Month-to-month,Yes,Mailed check,23.33,679.72,No
CUS-04823,Female,1,Yes,No,4,Yes,Yes,Fiber optic,No,Yes,Yes,Month-to-month,Yes,Electronic check,68.16,272.86,No
CUS-04824,Male,0,Yes,No,12,Yes,Yes,Fiber optic,Yes,No,No,One year,No,Credit card (automatic),103.08,1291.85,No
CUS-04825,Female,0,No,No,56,No,Yes,No,Yes,No,No,Month-to-month,Yes,Electronic check,84.83,4752.48,Yes
CUS-04826,Female,1,No,No,48,Yes,No,Fiber optic,Yes,No,No,Month-to-month,No,Electronic check,41.28,1927.55,Yes
CUS-04827,Female,0,Yes,No,19,Yes,No,No,No internet service,No,No internet service,Month-to-month,Yes,Electronic check,104.12,1910.22,Yes
CUS-04828,Male,0,Yes,No,26,Yes,No,DSL,No,Yes,No,One year,Yes,Electronic check,54.95,1487.23,No
CUS-04829,Male,1,No,Yes,38,Yes,No,Fiber optic,No,No,No,Month-to-month,Yes,Electronic check,109.5,4368.15,Yes
CUS-04830,Male,0,Yes,No,25,No,Yes,Fiber optic,No internet service,No,No,Month-to-month,No,Bank transfer (automatic),69.23,1746.73,No
CUS-04831,Male,0,Yes,No,56,No,No,Fiber optic,Yes,No,No internet service,One year,Yes,Credit card (automatic),96.66,5535.9,No
CUS-04832,Female,0,Yes,No,28,No,No,No,Yes,Yes,No,Month-to-month,Yes,Credit card (automatic),79.2,2199.97,Yes
CUS-04833,Female,0,No,No,61,Yes,Yes,Fiber optic,Yes,No,No internet service,Month-to-month,Yes,Bank transfer (automatic),47.14,2979.58,No
CUS-04834,Male,0,No,No,51,No,Yes,Fiber optic,No,Yes,Yes,Month-to-month,Yes,Bank transfer (automatic),83.38,4187.19,No
CUS-04835,Female,1,Yes,No,12,Yes,No,No,No internet service,Yes,No internet service,Two year,Yes,Mailed check,18.96,216.58,No
CUS-04836,Female,0,Yes,No,8,No,Yes,DSL,No internet service,Yes,No,Two year,No,Credit card (automatic),101.52,774.65,Yes
CUS-04837,Male,0,No,Yes,58,Yes,No,DSL,No,Yes,No internet service,Two year,Yes,Mailed check,114.58,6862.01,No
CUS-04838,Female,1,No,No,23,Yes,No,Fiber optic,No,Yes,Yes,Month-to-month,No,Electronic check,38.7,883.05,No
CUS-04839,Male,1,No,Yes,37,Yes,Yes,DSL,No internet service,Yes,Yes,Two year,Yes,Bank transfer (automatic),106.36,4119.39,No
CUS-04840,Female,0,Yes,No,11,Yes,Yes,Fiber optic,No,No,No internet service,Month-to-month,Yes,Credit card (automatic),34.78,379.43,Yes
CUS-04841,Male,0,Yes,Yes,17,Yes,Yes,No,Yes,Yes,Yes,One year,No,Electronic check,67.15,1192.46,No
CUS-04842,Female,0,No,No,56,Yes,No,Fiber optic,No,No internet service,No,One year,Yes,Electronic check,47.26,2638.76,Yes
CUS-04843,Female,0,Yes,Yes,53,Yes,Yes,Fiber optic,No,Yes,No internet service,Month-to-month,No,Bank transfer (automatic),37.18,2014.23,No
CUS-04844,Male,0,No,No,67,Yes,No,DSL,No,No,Yes,Month-to-month,No,Bank transfer (automatic),93.57,6139.56,Yes
CUS-04845,Male,1,Yes,No,2,Yes,No,DSL,Yes,No,No,Two year,Yes,Credit card (automatic),98.66,198.28,Yes
CUS-04846,Male,1,Yes,No,29,Yes,Yes,DSL,No,No,Yes,One year,Yes,Mailed check,101.86,2902.41,Yes
CUS-04847,Male,0,Yes,No,57,Yes,No,Fiber optic,No,Yes,Yes,Month-to-month,No,Bank transfer (automatic),18.85,1093.46,Yes
CUS-04848,Female,0,No,No,34,No,No,DSL,Yes,Yes,No,Month-to-month,No,Electronic check,102.78,3399.4,Yes
CUS-04849,Female,0,Yes,Yes,2,Yes,Yes,Fiber optic,No,No,Yes,One year,Yes,Credit card (automatic),23.15,45.64,No
CUS-04850,Male,0,Yes,Yes,31,No,No,Fiber optic,Yes,No,No,Two year,Yes,Mailed check,62.84,1974.13,No
CUS-04851,Female,0,Yes,Yes,44,Yes,No,Fiber optic,No,No,No internet service,One year,No,Mailed check,35.53,1532.63,Yes
CUS-04852,Male,0,Yes,No,56,Yes,Yes,DSL,Yes,No,Yes,One year,No,Bank transfer (automatic),108.67,5951.12,No
CUS-04853,Male,0,Yes,Yes,54,Yes,Yes,DSL,No internet service,No,No internet service,Two year,Yes,Electronic check,75.67,4037.3,No
CUS-04854,Female,0,Yes,Yes,53,Yes,Yes,Fiber optic,Yes,No internet service,No,One year,Yes,Electronic check,64.85,3478.87,Yes
CUS-04855,Female,0,Yes,No,46,No,Yes,No,No,No,Yes,Two year,Yes,Mailed check,62.42,2823.42,No
CUS-04856,Male,0,No,Yes,54,Yes,Yes,Fiber optic,Yes,No,Yes,Month-to-month,Yes,Electronic check,58.44,3135.09,Yes
CUS-04857,Male,0,No,Yes,31,No,No,Fiber optic,Yes,No internet service,Yes,One year,Yes,Electronic check,65.39,1929.98,No
CUS-04858,Male,0,Yes,No,24,Yes,Yes,No,No,No,No,One year,No,Credit card (automatic),74.56,1825.23,No
CUS-04859,Female,0,Yes,No,25,Yes,Yes,DSL,Yes,No,No,One year,Yes,Electronic check,99.71,2570.47,No
CUS-04860,Female,0,No,No,35,Yes,Yes,Fiber optic,No,No internet service,No,Month-to-month,No,Mailed check,41.77,1509.77,No
CUS-04861,Female,0,Yes,Yes,57,Yes,No,Fiber optic,Yes,No,Yes,Two year,No,Mailed check,98.44,5638.88,Yes
CUS-04862,Female,0,Yes,No,69,No,Yes,DSL,No,No,No,Month-to-month,Yes,Credit card (automatic),101.05,6920.11,No
CUS-04863,Male,0,No,Yes,28,Yes,Yes,No,No,No,Yes,Month-to-month,No,Electronic check,103.13,2796.98,Yes
CUS-04864,Male,0,No,No,33,Yes,No,Fiber optic,No internet service,No,No,One year,No,Bank transfer (automatic),112.16,3759.0,No
CUS-04865,Male,0,Yes,No,53,Yes,No,DSL,No,No internet service,Yes,Month-to-month,No,Mailed check,113.66,6070.18,Yes
CUS-04866,Male,0,Yes,No,16,Yes,No,DSL,No internet service,Yes,No,Month-to-month,Yes,Credit card (automatic),28.79,457.41,No
CUS-04867,Male,0,No,No,26,Yes,Yes,Fiber optic,No internet service,No,No,Two year,No,Bank transfer (automatic),105.77,2781.56,No
CUS-04868,Male,1,Yes,No,12,Yes,Yes,Fiber optic,No,Yes,No internet service,Month-to-month,No,Electronic check,102.55,1286.5,Yes
CUS-04869,Female,0,No,No,31,Yes,Yes,No,No internet service,Yes,No internet service,Month-to-month,Yes,Electronic check,55.74,1665.02,Yes
CUS-04870,Female,1,Yes,No,27,No,No,Fiber optic,No,No,No,Month-to-month,Yes,Electronic check,87.14,2462.1,No
CUS-04871,Male,0,Yes,No,36,Yes,Yes,Fiber optic,Yes,No,No internet service,Two year,No,Bank transfer (automatic),110.67,4012.1,No
CUS-04872,Male,0,No,Yes,59,Yes,Yes,DSL,No internet service,Yes,No,Month-to-month,Yes,Mailed check,27.13,1653.81,No
CUS-04873,Female,0,No,No,3,Yes,No,DSL,Yes,No internet service,No,Month-to-month,No,Electronic check,53.45,168.27,Yes
CUS-04874,Female,0,No,Yes,32,Yes,Yes,Fiber optic,No,No,No,One year,No,Electronic check,115.4,3851.03,Yes
CUS-04875,Female,0,Yes,No,15,Yes,No,No,No,No,No internet service,Month-to-month,Yes,Credit card (automatic),72.82,1081.29,Yes
CUS-04876,Female,0,No,No,66,Yes,Yes,Fiber optic,No,No,No,Two year,No,Credit card (automatic),27.18,1786.32,No
CUS-04877,Male,0,No,No,63,Yes,No phone service,Fiber optic,No,Yes,No internet service,Two year,Yes,Electronic check,114.1,7264.4,Yes
CUS-04878,Male,0,No,No,1,Yes,No phone service,Fiber optic,Yes,No,Yes,Month-to-month,Yes,Mailed check,108.27,109.76,Yes
CUS-04879,Male,0,No,No,5,Yes,No,Fiber optic,No,No,No internet service,One year,No,Bank transfer (automatic),98.64,479.8,No
CUS-04880,Male,1,Yes,Yes,6,Yes,No phone service,DSL,Yes,No,Yes,Month-to-month,Yes,Mailed check,97.36,610.32,Yes
CUS-04881,Male,1,Yes,No,5,Yes,Yes,Fiber optic,Yes,Yes,No,Month-to-month,Yes,Electronic check,66.6,343.92,Yes
CUS-04882,Female,0,No,No,28,Yes,No,Fiber optic,No internet service,No,No internet service,Month-to-month,No,Mailed check,105.52,2845.32,Yes
CUS-04883,Male,0,No,No,69,Yes,Yes,Fiber optic,No,No internet service,No internet service,One year,Yes,Electronic check,48.57,3515.99,Yes
CUS-04884,Female,1,Yes,No,44,Yes,No,Fiber optic,No,Yes,Yes,Month-to-month,No,Electronic check,53.86,2487.39,Yes
CUS-04885,Male,0,Yes,Yes,16,Yes,Yes,DSL,Yes,Yes,No internet service,One year,No,Electronic check,39.6,624.37,Yes
CUS-04886,Male,0,No,No,71,No,Yes,Fiber optic,No,Yes,Yes,Month-to-month,Yes,Electronic check,58.31,4284.2,No
CUS-04887,Male,0,No,No,22,Yes,No phone service,Fiber optic,No,No internet service,Yes,Month-to-month,Yes,Mailed check,41.36,888.14,No
CUS-04888,Male,0,No,Yes,23,Yes,Yes,DSL,No,No,No internet service,Two year,Yes,Bank transfer (automatic),51.98,1154.91,No
CUS-04889,Male,0,Yes,No,43,Yes,No,Fiber optic,Yes,No internet service,No internet service,Month-to-month,No,Electronic check,87.04,3875.37,No
CUS-04890,Female,1,No,No,68,Yes,No,Fiber optic,No,No internet service,No,One year,Yes,Mailed check,61.01,4174.07,No
CUS-04891,Female,0,Yes,Yes,43,Yes,Yes,No,No,No internet service,No internet service,Two year,Yes,Electronic check,94.77,3896.4,No
CUS-04892,Female,0,Yes,No,26,Yes,No,No,No internet service,No,Yes,Month-to-month,Yes,Electronic check,65.9,1770.39,No
CUS-04893,Male,1,Yes,Yes,41,Yes,Yes,Fiber optic,Yes,No,Yes,Two year,No,Electronic check,31.92,1293.47,No
CUS-04894,Male,1,No,Yes,70,Yes,No phone service,DSL,Yes,No internet service,No internet service,One year,Yes,Bank transfer (automatic),92.21,6240.99,No
CUS-04895,Female,0,No,No,31,Yes,No phone service,Fiber optic,No internet service,No,No,One year,Yes,Electronic check,24.59,764.36,No
CUS-04896,Male,0,No,No,17,Yes,No,Fiber optic,No,Yes,No internet service,Month-to-month,Yes,Mailed check,112.24,1902.39,Yes
CUS-04897,Male,0,Yes,Yes,9,Yes,No,Fiber optic,No,No,No internet service,One year,No,Electronic check,102.1,946.79,Yes
CUS-04898,Female,0,No,No,55,Yes,Yes,DSL,No internet service,No,No,Two year,Yes,Credit card (automatic),114.31,6273.69,Yes
CUS-04899,Male,0,No,Yes,6,Yes,Yes,Fiber optic,No,Yes,No,One year,No,Electronic check,42.87,261.44,No
CUS-04900,Female,0,No,No,70,Yes,Yes,Fiber optic,Yes,No internet service,Yes,One year,Yes,Mailed check,66.12,4560.79,No
CUS-04901,Male,1,No,No,64,Yes,No,DSL,Yes,No internet service,Yes,One year,Yes,Bank transfer (automatic),37.3,2293.99,No
CUS-04902,Female,0,Yes,No,4,Yes,Yes,No,No,Yes,No,Two year,Yes,Bank transfer (automatic),60.25,230.0,Yes
CUS-04903,Male,0,No,Yes,67,No,No,Fiber optic,No internet service,Yes,No internet service,Month-to-month,Yes,Electronic check,42.37,2787.86,Yes
CUS-04904,Male,0,No,No,56,Yes,No,Fiber optic,No,Yes,No,One year,Yes,Electronic check,103.28,5881.17,Yes
CUS-04905,Female,0,No,Yes,18,Yes,Yes,Fiber optic,No,No,Yes,Two year,Yes,Mailed check,30.16,516.32,Yes
CUS-04906,Male,0,No,No,32,Yes,Yes,DSL,Yes,No,Yes,One year,Yes,Bank transfer (automatic),40.51,1263.78,No
CUS-04907,Male,1,Yes,No,48,Yes,Yes,Fiber optic,No,No,Yes,Month-to-month,No,Bank transfer (automatic),44.41,2057.39,Yes
CUS-04908,Female,0,No,Yes,29,Yes,No,DSL,No internet service,No internet service,No,Two year,No,Bank transfer (automatic),91.82,2652.77,No
CUS-04909,Male,0,No,No,32,Yes,Yes,No,No internet service,Yes,No,Two year,Yes,Bank transfer (automatic),81.04,2657.15,No
CUS-04910,Female,0,Yes,Yes,25,Yes,Yes,Fiber optic,No,No,No,One year,Yes,Mailed check,31.63,794.92,Yes
CUS-04911,Male,0,No,No,63,Yes,No,DSL,No,No,No,Month-to-month,Yes,Mailed check,78.56,5002.86,No
CUS-04912,Male,0,Yes,Yes,9,Yes,Yes,Fiber optic,No,No,Yes,Month-to-month,No,Mailed check,102.64,964.98,Yes
CUS-04913,Male,0,Yes,No,71,Yes,No,Fiber optic,No,No,No internet service,Month-to-month,Yes,Bank transfer (automatic),63.22,4469.44,Yes
CUS-04914,Male,0,No,No,14,Yes,No,Fiber optic,No,No,Yes,One year,Yes,Electronic check,79.18,1143.33,No
CUS-04915,Female,0,No,No,20,Yes,No,Fiber optic,No,Yes,No,One year,Yes,Electronic check,71.2,1401.76,Yes
CUS-04916,Male,0,Yes,Yes,10,Yes,No,DSL,Yes,Yes,No,Month-to-month,No,Credit card (automatic),53.78,544.27,Yes
CUS-04917,Female,0,Yes,Yes,11,Yes,Yes,No,Yes,No,Yes,Month-to-month,No,Bank transfer (automatic),18.26,206.25,Yes
CUS-04918,Male,0,Yes,Yes,39,Yes,Yes,DSL,Yes,No,Yes,Month-to-month,Yes,Bank transfer (automatic),36.63,1475.3,No
CUS-04919,Male,0,Yes,Yes,19,Yes,No,Fiber optic,Yes,Yes,No internet service,One year,Yes,Electronic check,112.72,2082.14,No
CUS-04920,Male,0,Yes,Yes,19,Yes,Yes,DSL,No,No internet service,Yes,Month-to-month,No,Mailed check,53.46,990.85,No
CUS-04921,Male,0,Yes,No,43,Yes,No,DSL,Yes,No internet service,Yes,Month-to-month,Yes,Mailed check,47.71,2026.29,No
CUS-04922,Female,0,Yes,No,61,Yes,Yes,Fiber optic,Yes,No,Yes,Month-to-month,Yes,Bank transfer (automatic),79.39,4721.8,Yes
CUS-04923,Female,0,No,No,70,Yes,Yes,DSL,Yes,Yes,No internet service,Two year,Yes,Mailed check,108.38,7616.94,No
CUS-04924,Female,0,No,No,65,Yes,Yes,No,No,No,Yes,Month-to-month,Yes,Mailed check,48.25,3232.54,No
CUS-04925,Female,1,No,No,23,Yes,No,Fiber optic,No,Yes,No,One year,Yes,Electronic check,40.31,895.0,No
CUS-04926,Male,0,No,No,60,Yes,No,No,No internet service,No,Yes,Month-to-month,Yes,Credit card (automatic),108.2,6431.85,Yes
CUS-04927,Female,0,Yes,No,10,Yes,No,Fiber optic,No,No,No internet service,Month-to-month,Yes,Credit card (automatic),95.35,975.12,Yes
CUS-04928,Female,0,No,No,63,Yes,No,DSL,Yes,Yes,No internet service,One year,Yes,Mailed check,88.26,5673.59,No
CUS-04929,Male,1,No,No,2,Yes,Yes,Fiber optic,No,Yes,No,Month-to-month,Yes,Mailed check,73.72,143.59,Yes
CUS-04930,Male,0,Yes,No,36,No,No,DSL,No internet service,No,No internet service,Month-to-month,No,Electronic check,60.56,2215.13,Yes
CUS-04931,Male,0,Yes,No,57,Yes,Yes,Fiber optic,No,No,Yes,One year,Yes,Electronic check,81.79,4879.58,No
CUS-04932,Male,1,Yes,No,66,Yes,Yes,Fiber optic,No,Yes,Yes,Month-to-month,Yes,Mailed check,39.69,2652.62,Yes
CUS-04933,Female,1,No,No,20,Yes,Yes,Fiber optic,No internet service,Yes,No,Month-to-month,Yes,Electronic check,99.74,1960.31,Yes
CUS-04934,Female,0,Yes,No,42,Yes,Yes,DSL,No,Yes,Yes,Two year,No,Bank transfer (automatic),59.64,2508.63,No
CUS-04935,Male,0,No,No,21,Yes,Yes,Fiber optic,No internet service,No,Yes,One year,No,Mailed check,93.47,1931.06,No
CUS-04936,Male,1,Yes,No,66,No,Yes,Fiber optic,No internet service,No,No internet service,Month-to-month,No,Bank transfer (automatic),99.17,6566.01,Yes
CUS-04937,Male,0,Yes,No,38,Yes,Yes,Fiber optic,No,No internet service,Yes,Month-to-month,Yes,Electronic check,25.53,1003.2,No
CUS-04938,Female,0,No,No,69,Yes,No,DSL,No,No,Yes,Two year,Yes,Bank transfer (automatic),85.55,5686.83,Yes
CUS-04939,Female,0,No,Yes,24,Yes,No,Fiber optic,Yes,No,No,Month-to-month,Yes,Electronic check,48.28,1148.63,No
CUS-04940,Male,0,Yes,No,26,Yes,No phone service,Fiber optic,No,Yes,Yes,Two year,Yes,Mailed check,53.88,1419.65,No
CUS-04941,Male,0,No,No,2,Yes,Yes,Fiber optic,No,Yes,No,One year,Yes,Credit card (automatic),91.34,182.04,No
CUS-04942,Female,0,Yes,Yes,46,Yes,Yes,Fiber optic,No,No,Yes,Month-to-month,No,Bank transfer (automatic),113.74,5379.36,Yes
CUS-04943,Male,1,No,No,34,Yes,No,Fiber optic,Yes,Yes,Yes,Two year,Yes,Credit card (automatic),98.37,3231.33,No
CUS-04944,Male,0,No,No,62,Yes,No,DSL,No,No internet service,No,Month-to-month,No,Electronic check,47.17,3034.09,Yes
CUS-04945,Female,0,No,No,41,No,No,No,No,No,Yes,Month-to-month,Yes,Bank transfer (automatic),88.78,3814.07,Yes
CUS-04946,Male,0,Yes,No,15,Yes,No,Fiber optic,No,Yes,No,Month-to-month,Yes,Mailed check,50.78,751.03,No
CUS-04947,Female,1,Yes,No,55,No,No,Fiber optic,No,No internet service,No internet service,One year,Yes,Electronic check,61.96,3276.22,Yes
CUS-04948,Male,0,No,No,3,Yes,No,Fiber optic,No,Yes,No,Month-to-month,Yes,Mailed check,30.31,95.36,No
CUS-04949,Male,0,Yes,No,38,No,No,DSL,No,Yes,No,Month-to-month,No,Electronic check,101.43,3796.86,Yes
CUS-04950,Female,0,No,No,51,Yes,No phone service,Fiber optic,No,Yes,Yes,One year,No,Bank transfer (automatic),82.69,4213.88,No
CUS-04951,Female,0,No,Yes,17,Yes,No phone service,Fiber optic,No,No,No internet service,Month-to-month,No,Bank transfer (automatic),104.3,1727.48,Yes
CUS-04952,Male,1,Yes,No,49,Yes,No,DSL,No,No internet service,No internet service,Month-to-month,No,Electronic check,40.35,1889.26,Yes
CUS-04953,Female,0,No,No,21,Yes,Yes,DSL,No internet service,Yes,No,Month-to-month,No,Mailed check,30.93,625.2,No
CUS-04954,Male,0,Yes,No,24,Yes,Yes,Fiber optic,No,No,Yes,Two year,No,Electronic check,99.55,2326.55,Yes
CUS-04955,Male,0,No,Yes,40,Yes,Yes,DSL,No internet service,Yes,No,Two year,Yes,Electronic check,105.9,4442.68,Yes
CUS-04956,Female,0,No,Yes,20,No,Yes,No,No,No internet service,Yes,One year,Yes,Electronic check,35.19,724.66,Yes
CUS-04957,Male,0,No,No,35,Yes,Yes,DSL,Yes,No internet service,No internet service,Month-to-month,No,Bank transfer (automatic),82.19,2853.8,No
CUS-04958,Male,0,Yes,No,48,Yes,Yes,No,No,No,No,Month-to-month,Yes,Electronic check,34.51,1626.55,Yes
CUS-04959,Female,0,No,No,33,Yes,No,No,Yes,No,No,Month-to-month,No,Electronic check,19.45,618.98,No
CUS-04960,Female,0,No,No,56,Yes,Yes,Fiber optic,No internet service,Yes,Yes,Two year,No,Electronic check,72.23,4038.8,No
CUS-04961,Male,0,Yes,Yes,41,Yes,No,No,No,Yes,Yes,One year,Yes,Bank transfer (automatic),113.03,4822.9,No
CUS-04962,Female,0,Yes,No,54,Yes,Yes,No,No,No,No,Month-to-month,No,Mailed check,77.05,4365.93,No
CUS-04963,Female,0,Yes,No,44,Yes,No,DSL,No,No,No,Month-to-month,Yes,Bank transfer (automatic),60.91,2787.74,No
CUS-04964,Female,0,No,No,11,Yes,No,No,Yes,No,Yes,Month-to-month,No,Electronic check,46.21,486.24,Yes
CUS-04965,Female,0,No,No,14,No,Yes,DSL,No,Yes,Yes,Two year,No,Mailed check,46.15,624.01,No
CUS-04966,Male,0,No,No,42,Yes,No phone service,DSL,No internet service,No,Yes,Two year,Yes,Electronic check,44.31,1794.32,No
CUS-04967,Male,1,No,Yes,12,Yes,Yes,Fiber optic,No internet service,No,Yes,Month-to-month,Yes,Credit card (automatic),38.92,451.23,Yes
CUS-04968,Male,0,Yes,No,17,No,No,DSL,No,No,No internet service,Two year,No,Mailed check,24.65,403.31,No
CUS-04969,Female,0,Yes,No,25,No,No,DSL,No,No internet service,No,Month-to-month,Yes,Credit card (automatic),93.71,2248.19,No
CUS-04970,Female,1,Yes,No,26,No,Yes,No,No internet service,No,No internet service,Month-to-month,Yes,Electronic check,49.54,1268.77,No
CUS-04971,Female,1,Yes,No,47,Yes,Yes,No,Yes,Yes,No,Month-to-month,Yes,Bank transfer (automatic),33.61,1525.64,No
CUS-04972,Female,1,No,No,25,Yes,Yes,No,Yes,Yes,No internet service,Month-to-month,No,Bank transfer (automatic),78.42,1890.85,Yes
CUS-04973,Female,0,No,Yes,60,Yes,No,Fiber optic,Yes,Yes,Yes,Month-to-month,No,Bank transfer (automatic),111.44,6702.76,Yes
CUS-04974,Female,0,No,No,60,Yes,No,No,No internet service,Yes,No,Month-to-month,No,Mailed check,86.85,5056.32,Yes
CUS-04975,Female,0,Yes,No,27,Yes,Yes,DSL,Yes,No,Yes,Two year,No,Electronic check,37.18,954.28,No
CUS-04976,Male,0,No,No,43,Yes,No,No,No,No internet service,No,Month-to-month,Yes,Electronic check,59.41,2604.73,No
CUS-04977,Male,0,No,Yes,20,Yes,Yes,Fiber optic,No,No internet service,No,Month-to-month,No,Electronic check,100.52,1975.93,Yes
CUS-04978,Female,1,No,No,63,No,Yes,No,Yes,No,No,Month-to-month,No,Electronic check,23.06,1487.22,No
CUS-04979,Female,0,No,No,25,No,No phone service,Fiber optic,No internet service,No internet service,No internet service,Two year,No,Electronic check,51.66,1342.27,No
CUS-04980,Female,0,Yes,Yes,27,Yes,No,No,No,No internet service,No,Month-to-month,No,Electronic check,56.78,1598.26,No
CUS-04981,Male,1,No,Yes,52,Yes,Yes,No,No,No,No internet service,Month-to-month,Yes,Mailed check,63.26,3183.51,Yes
CUS-04982,Male,0,No,No,10,Yes,No phone service,No,Yes,No internet service,No,Two year,Yes,Bank transfer (automatic),73.86,751.35,No
CUS-04983,Female,0,No,No,50,Yes,Yes,Fiber optic,No,No internet service,No,One year,No,Electronic check,67.37,3225.33,Yes
CUS-04984,Female,0,Yes,No,30,Yes,Yes,No,No,No internet service,No,Month-to-month,Yes,Bank transfer (automatic),34.27,1024.32,No
CUS-04985,Male,0,Yes,Yes,1,Yes,Yes,Fiber optic,No,No,No,Month-to-month,Yes,Bank transfer (automatic),59.69,59.25,Yes
CUS-04986,Male,0,Yes,No,54,Yes,No,DSL,No,No,No,Month-to-month,Yes,Mailed check,54.9,2876.6,No
CUS-04987,Male,1,No,No,4,Yes,No,Fiber optic,Yes,No,Yes,One year,No,Mailed check,110.93,455.92,No
CUS-04988,Male,1,No,No,7,Yes,Yes,DSL,No internet service,No internet service,No internet service,One year,No,Electronic check,92.28,672.66,Yes
CUS-04989,Female,1,Yes,Yes,30,Yes,No,No,No,Yes,No,Month-to-month,Yes,Mailed check,104.61,3062.38,No
CUS-04990,Male,0,No,No,65,Yes,No,DSL,No,No internet service,No,Two year,Yes,Bank transfer (automatic),88.96,5637.44,No
CUS-04991,Male,1,Yes,Yes,29,Yes,No,No,Yes,Yes,Yes,Month-to-month,Yes,Mailed check,23.69,666.1,No
CUS-04992,Female,0,Yes,Yes,25,No,No,Fiber optic,No,Yes,Yes,Month-to-month,No,Mailed check,65.41,1665.82,No
CUS-04993,Male,0,No,No,40,Yes,Yes,DSL,Yes,No internet service,Yes,Month-to-month,Yes,Bank transfer (automatic),95.8,3662.01,No
CUS-04994,Male,0,No,No,26,No,Yes,No,No,No internet service,No,Month-to-month,Yes,Credit card (automatic),77.14,1918.15,No
CUS-04995,Male,0,Yes,No,17,Yes,No,DSL,No,No,Yes,Month-to-month,Yes,Credit card (automatic),93.85,1543.45,Yes
CUS-04996,Female,0,Yes,Yes,31,Yes,Yes,Fiber optic,No internet service,No internet service,No internet service,Two year,No,Credit card (automatic),114.19,3556.09,Yes
CUS-04997,Male,0,No,No,61,Yes,Yes,Fiber optic,No internet service,No internet service,No internet service,Month-to-month,Yes,Credit card (automatic),42.74,2542.66,No
CUS-04998,Female,0,Yes,No,8,Yes,Yes,DSL,No,No internet service,No,Month-to-month,No,Electronic check,116.34,976.07,No
CUS-04999,Female,0,No,No,69,Yes,No,Fiber optic,No,No,Yes,Month-to-month,Yes,Credit card (automatic),30.05,2051.72,No
CUS-05000,Male,0,No,Yes,1,Yes,Yes,Fiber optic,No,No internet service,No,Month-to-month,Yes,Electronic check,110.0,109.67,No
CUS-05001,Male,0,Yes,Yes,71,Yes,Yes,No,Yes,No internet service,No,One year,Yes,Credit card (automatic),37.32,2534.55,No
CUS-05002,Male,0,Yes,Yes,46,Yes,Yes,DSL,No internet service,No internet service,Yes,Month-to-month,Yes,Bank transfer (automatic),89.94,4222.27,No
CUS-05003,Male,0,No,No,20,Yes,No,DSL,No,Yes,No,Month-to-month,Yes,Credit card (automatic),96.33,1982.2,Yes
CUS-05004,Female,0,No,No,40,No,No,Fiber optic,No,No,No internet service,Two year,No,Credit card (automatic),99.11,3898.68,No
CUS-05005,Male,0,No,No,2,Yes,Yes,Fiber optic,No internet service,No internet service,No,Month-to-month,Yes,Credit card (automatic),61.77,126.33,Yes
CUS-05006,Male,0,Yes,No,61,Yes,No,Fiber optic,No internet service,No,No,Month-to-month,No,Credit card (automatic),34.94,2073.3,Yes
CUS-05007,Male,0,No,No,71,Yes,No,DSL,No,No internet service,No internet service,Two year,Yes,Electronic check,97.6,7136.14,Yes
CUS-05008,Female,1,Yes,No,30,No,No,Fiber optic,No,No internet service,Yes,Month-to-month,No,Credit card (automatic),82.45,2483.95,Yes
CUS-05009,Male,0,No,No,30,Yes,Yes,No,No internet service,No internet service,No,Month-to-month,No,Electronic check,43.79,1300.2,No
CUS-05010,Male,0,No,Yes,45,Yes,No,DSL,No,No,No,Month-to-month,Yes,Mailed check,57.26,2633.44,No
CUS-05011,Female,0,Yes,No,24,No,No phone service,DSL,No internet service,Yes,No internet service,Two year,No,Mailed check,47.76,1159.37,Yes
CUS-05012,Female,0,No,No,56,Yes,Yes,Fiber optic,Yes,Yes,No internet service,Month-to-month,Yes,Mailed check,109.48,6150.74,No
CUS-05013,Male,0,Yes,No,61,Yes,Yes,DSL,No,No,No,Two year,Yes,Bank transfer (automatic),98.37,5827.16,Yes
CUS-05014,Male,0,No,Yes,13,Yes,Yes,Fiber optic,No,Yes,No,One year,No,Mailed check,106.25,1429.52,Yes
CUS-05015,Male,0,Yes,Yes,56,Yes,No,DSL,No,Yes,Yes,Two year,No,Mailed check,23.16,1288.12,No
CUS-05016,Male,1,No,No,15,Yes,No,Fiber optic,No internet service,No,No,Two year,No,Bank transfer (automatic),84.1,1254.63,No
CUS-05017,Male,0,Yes,Yes,11,No,Yes,Fiber optic,No,No internet service,Yes,Two year,Yes,Bank transfer (automatic),44.76,477.65,No
CUS-05018,Female,0,No,No,12,No,Yes,Fiber optic,No internet service,Yes,No,Month-to-month,Yes,Mailed check,92.82,1161.89,No
CUS-05019,Female,0,No,Yes,3,Yes,No phone service,No,No,Yes,No,One year,Yes,Electronic check,107.11,323.08,Yes
CUS-05020,Male,0,No,Yes,24,Yes,No,No,Yes,No,No,Two year,No,Electronic check,94.59,2261.72,No
CUS-05021,Male,1,No,Yes,9,Yes,No phone service,Fiber optic,Yes,Yes,No,Month-to-month,Yes,Credit card (automatic),109.09,1028.68,No
CUS-05022,Female,0,Yes,Yes,46,Yes,No,Fiber optic,Yes,Yes,Yes,One year,No,Credit card (automatic),57.87,2626.35,No
CUS-05023,Male,0,Yes,Yes,71,Yes,Yes,DSL,No,Yes,No,Month-to-month,Yes,Bank transfer (automatic),80.42,5442.43,Yes
CUS-05024,Male,0,Yes,No,60,Yes,Yes,Fiber optic,Yes,No,Yes,Two year,Yes,Electronic check,65.49,3823.06,No
CUS-05025,Male,0,No,No,11,Yes,No,Fiber optic,No,Yes,Yes,One year,Yes,Electronic check,101.01,1138.5,No
CUS-05026,Male,1,Yes,No,10,Yes,Yes,DSL,No internet service,No internet service,Yes,Two year,Yes,Credit card (automatic),74.31,717.55,No
CUS-05027,Male,0,Yes,Yes,3,Yes,No,DSL,Yes,Yes,No,One year,No,Credit card (automatic),88.99,257.78,Yes
CUS-05028,Female,1,Yes,No,19,Yes,No,DSL,Yes,No internet service,No,Two year,Yes,Mailed check,81.09,1533.89,Yes
CUS-05029,Male,1,No,No,2,Yes,No phone service,DSL,No,No,Yes,Month-to-month,Yes,Bank transfer (automatic),104.21,207.44,Yes
CUS-05030,Male,0,Yes,Yes,17,Yes,Yes,Fiber optic,No,No internet service,No internet service,Two year,No,Credit card (automatic),70.83,1199.28,No
CUS-05031,Male,0,Yes,No,2,Yes,Yes,No,No internet service,Yes,No,Two year,Yes,Electronic check,28.88,56.14,No
CUS-05032,Female,0,Yes,Yes,53,Yes,No,Fiber optic,No,No,No,Two year,Yes,Bank transfer (automatic),112.89,5784.82,No
CUS-05033,Female,1,No,No,16,Yes,No,Fiber optic,No internet service,No internet service,No,One year,Yes,Credit card (automatic),73.59,1209.12,Yes
CUS-05034,Female,0,No,Yes,10,Yes,No phone service,Fiber optic,Yes,No,No internet service,Two year,No,Credit card (automatic),96.28,972.8,Yes
CUS-05035,Female,0,Yes,No,68,Yes,No,Fiber optic,No,No,Yes,Month-to-month,Yes,Electronic check,85.9,5736.73,Yes
CUS-05036,Male,0,No,No,43,Yes,Yes,Fiber optic,No internet service,Yes,No,Month-to-month,Yes,Credit card (automatic),61.16,2550.22,Yes
CUS-05037,Female,0,Yes,No,58,No,Yes,Fiber optic,No internet service,No,Yes,Two year,Yes,Electronic check,113.13,6809.33,No
CUS-05038,Male,0,Yes,No,60,Yes,No phone service,DSL,No,Yes,Yes,One year,Yes,Electronic check,91.29,5278.32,No
CUS-05039,Male,0,Yes,No,24,Yes,No,Fiber optic,No,No internet service,No internet service,Month-to-month,Yes,Electronic check,41.15,995.88,No
CUS-05040,Female,1,No,No,16,Yes,No,Fiber optic,Yes,No,No,Month-to-month,Yes,Electronic check,117.58,1902.02,Yes
CUS-05041,Female,0,No,No,9,Yes,Yes,DSL,No,Yes,Yes,One year,No,Bank transfer (automatic),117.99,1099.8,Yes
CUS-05042,Female,0,Yes,No,6,Yes,Yes,DSL,Yes,No,No internet service,One year,Yes,Electronic check,46.95,269.22,No
CUS-05043,Female,0,No,No,65,No,No,DSL,Yes,No,No internet service,Month-to-month,No,Credit card (automatic),116.52,7428.18,No
CUS-05044,Female,0,Yes,No,24,Yes,No,Fiber optic,No,Yes,Yes,Month-to-month,Yes,Credit card (automatic),79.74,2002.95,Yes
CUS-05045,Male,0,No,Yes,10,Yes,No phone service,Fiber optic,Yes,No,Yes,Two year,Yes,Electronic check,36.52,367.72,No
CUS-05046,Female,0,No,No,27,Yes,No,DSL,No,Yes,No internet service,Two year,Yes,Mailed check,115.82,3101.42,No
CUS-05047,Female,0,No,Yes,3,Yes,No,DSL,No internet service,No,No,One year,Yes,Bank transfer (automatic),28.19,83.02,No
CUS-05048,Female,1,No,No,38,Yes,No,DSL,No,No,No internet service,One year,Yes,Bank transfer (automatic),81.74,2997.16,Yes
CUS-05049,Male,0,No,Yes,17,Yes,No,No,Yes,No,No,Month-to-month,Yes,Electronic check,101.71,1674.97,No
CUS-05050,Female,0,No,No,48,Yes,Yes,DSL,No,No,No,Month-to-month,Yes,Electronic check,100.93,4979.95,No
CUS-05051,Male,0,No,Yes,49,Yes,No phone service,DSL,No internet service,No internet service,Yes,Month-to-month,No,Bank transfer (automatic),18.62,889.05,No
CUS-05052,Female,0,Yes,Yes,43,Yes,No,Fiber optic,Yes,No,No,Month-to-month,No,Bank transfer (automatic),60.52,2529.46,No
CUS-05053,Female,1,Yes,Yes,7,Yes,No phone service,DSL,No internet service,No,No internet service,Month-to-month,Yes,Credit card (automatic),26.88,184.76,Yes
CUS-05054,Male,0,Yes,No,68,Yes,No,Fiber optic,Yes,No internet service,Yes,Month-to-month,Yes,Electronic check,43.96,3065.9,No
CUS-05055,Female,0,No,Yes,21,Yes,Yes,DSL,No,Yes,No,Month-to-month,Yes,Mailed check,111.8,2329.1,No
CUS-05056,Male,0,Yes,No,25,Yes,Yes,No,Yes,Yes,Yes,Two year,Yes,Credit card (automatic),106.44,2535.52,No
CUS-05057,Male,0,No,No,61,Yes,Yes,No,No,No internet service,No,Month-to-month,Yes,Credit card (automatic),83.92,5125.8,Yes
CUS-05058,Male,0,No,No,28,Yes,Yes,Fiber optic,No,No,Yes,Month-to-month,Yes,Electronic check,107.84,2952.52,Yes
CUS-05059,Female,0,No,Yes,52,Yes,No,Fiber optic,No,No internet service,No,One year,Yes,Bank transfer (automatic),49.62,2569.45,Yes
CUS-05060,Female,0,Yes,No,13,Yes,No,Fiber optic,No,Yes,No,Month-to-month,Yes,Electronic check,100.81,1360.77,No
CUS-05061,Female,0,No,No,34,Yes,No,No,No internet service,No internet service,No,One year,Yes,Mailed check,86.5,2851.84,No
CUS-05062,Male,0,Yes,Yes,67,Yes,Yes,Fiber optic,Yes,Yes,No,Month-to-month,No,Mailed check,91.4,6024.94,No
CUS-05063,Female,0,No,No,4,Yes,No phone service,DSL,No,No internet service,Yes,One year,Yes,Mailed check,26.57,111.01,No
CUS-05064,Male,0,No,No,44,Yes,No,DSL,Yes,No internet service,Yes,Two year,Yes,Bank transfer (automatic),52.9,2391.21,No
CUS-05065,Female,0,Yes,No,15,Yes,No,DSL,No,No,No,One year,Yes,Electronic check,22.87,335.31,No
CUS-05066,Male,0,No,Yes,8,Yes,Yes,Fiber optic,No,No,No internet service,Month-to-month,Yes,Credit card (automatic),33.05,253.99,No
CUS-05067,Male,0,Yes,No,5,No,No,DSL,Yes,No,No,Two year,Yes,Electronic check,45.15,235.55,Yes
CUS-05068,Male,0,No,No,66,Yes,Yes,Fiber optic,Yes,Yes,No,Month-to-month,No,Electronic check,76.57,4874.42,No
CUS-05069,Female,0,Yes,Yes,46,Yes,No,Fiber optic,No internet service,No,No,One year,Yes,Mailed check,93.99,4265.05,No
CUS-05070,Male,0,No,No,65,Yes,No,No,No,No,No,One year,No,Mailed check,28.85,1843.71,No
CUS-05071,Male,0,Yes,No,66,Yes,No phone service,Fiber optic,No,No internet service,No,Two year,Yes,Electronic check,23.47,1489.54,No
CUS-05072,Male,0,No,No,26,Yes,Yes,Fiber optic,No,No internet service,Yes,Month-to-month,Yes,Credit card (automatic),106.36,2654.97,Yes
CUS-05073,Male,0,Yes,No,31,No,Yes,Fiber optic,Yes,No,No internet service,Month-to-month,No,Bank transfer (automatic),31.04,941.3,Yes
CUS-05074,Male,1,Yes,No,51,Yes,No,No,Yes,No,Yes,Month-to-month,Yes,Mailed check,62.83,3162.1,No
CUS-05075,Male,0,No,No,41,Yes,Yes,DSL,No,Yes,No,Month-to-month,No,Electronic check,29.27,1256.34,No
CUS-05076,Female,0,Yes,No,51,Yes,Yes,DSL,Yes,No,Yes,Two year,No,Credit card (automatic),71.5,3659.76,No
CUS-05077,Female,0,No,No,19,Yes,No,Fiber optic,No internet service,No,No internet service,Month-to-month,Yes,Credit card (automatic),28.63,566.22,Yes
CUS-05078,Male,0,Yes,No,3,Yes,Yes,Fiber optic,No internet service,No internet service,No,Two year,No,Electronic check,94.23,272.19,Yes
CUS-05079,Female,0,Yes,No,38,Yes,Yes,Fiber optic,No,No,Yes,Month-to-month,Yes,Bank transfer (automatic),26.56,982.89,Yes
CUS-05080,Female,0,No,No,70,No,Yes,Fiber optic,Yes,Yes,No internet service,One year,Yes,Electronic check,61.02,4127.38,No
CUS-05081,Male,0,No,No,45,Yes,Yes,DSL,No,Yes,No,Month-to-month,Yes,Electronic check,60.06,2668.94,No
CUS-05082,Male,1,No,No,71,Yes,No,DSL,Yes,No,No,One year,Yes,Mailed check,110.08,8141.99,No
CUS-05083,Male,0,No,No,41,Yes,Yes,No,No,Yes,No internet service,Two year,No,Bank transfer (automatic),60.98,2448.68,Yes
CUS-05084,Female,0,Yes,No,25,Yes,No,DSL,Yes,No internet service,Yes,One year,No,Credit card (automatic),25.09,633.24,No
CUS-05085,Male,0,Yes,Yes,50,Yes,No phone service,Fiber optic,No,No,Yes,One year,Yes,Credit card (automatic),72.34,3767.3,No
CUS-05086,Female,0,Yes,No,1,Yes,Yes,No,Yes,No,No,One year,Yes,Bank transfer (automatic),90.5,90.52,Yes
CUS-05087,Male,0,No,No,54,Yes,No,DSL,No,No,No,One year,Yes,Bank transfer (automatic),51.74,2801.7,No
CUS-05088,Female,0,No,No,13,Yes,No phone service,DSL,Yes,No,Yes,One year,No,Mailed check,78.86,1030.56,No
CUS-05089,Male,0,Yes,Yes,40,No,No,DSL,No,No,No internet service,Two year,No,Electronic check,30.17,1180.29,No
CUS-05090,Male,0,Yes,No,21,Yes,No phone service,Fiber optic,Yes,No,No,Month-to-month,No,Electronic check,60.53,1260.76,Yes
CUS-05091,Female,0,Yes,No,41,Yes,Yes,DSL,No internet service,No,No internet service,Month-to-month,Yes,Credit card (automatic),34.59,1467.46,No
CUS-05092,Female,1,No,Yes,61,Yes,No,DSL,No,No internet service,Yes,Two year,Yes,Mailed check,45.37,2739.82,No
CUS-05093,Female,0,No,No,33,Yes,No,DSL,Yes,No internet service,No,Two year,No,Bank transfer (automatic),82.1,2687.32,No
CUS-05094,Female,1,Yes,No,29,Yes,Yes,DSL,No,No,Yes,One year,No,Electronic check,93.36,2603.48,Yes
CUS-05095,Female,0,No,No,55,Yes,No,DSL,Yes,No internet service,No,Month-to-month,No,Mailed check,49.15,2693.39,No
CUS-05096,Female,0,Yes,No,32,Yes,No,DSL,No,Yes,Yes,Two year,No,Electronic check,116.98,3587.33,No
CUS-05097,Male,0,No,No,11,No,Yes,DSL,Yes,No internet service,No,One year,Yes,Credit card (automatic),46.48,499.38,No
CUS-05098,Female,0,No,No,52,Yes,Yes,Fiber optic,No,Yes,Yes,Two year,Yes,Electronic check,33.01,1798.82,No
CUS-05099,Male,1,Yes,No,36,Yes,No,DSL,No,Yes,Yes,Month-to-month,No,Bank transfer (automatic),104.75,3923.7,Yes
CUS-05100,Male,0,No,Yes,31,No,No,Fiber optic,No,No internet service,Yes,Month-to-month,No,Electronic check,82.97,2603.27,Yes
CUS-05101,Female,1,No,Yes,14,Yes,No,Fiber optic,No,No,No,Month-to-month,No,Credit card (automatic),85.96,1229.05,No
CUS-05102,Male,0,Yes,No,63,Yes,No,No,No internet service,No,Yes,Two year,Yes,Mailed check,97.43,5977.03,Yes
CUS-05103,Female,0,No,No,52,No,Yes,DSL,No internet service,Yes,No,Two year,No,Mailed check,117.95,5915.06,No
CUS-05104,Female,0,Yes,No,54,Yes,No,DSL,No internet service,Yes,No,Month-to-month,No,Electronic check,46.41,2518.92,Yes
CUS-05105,Male,0,No,No,50,Yes,No,No,Yes,Yes,Yes,Month-to-month,No,Bank transfer (automatic),72.81,3785.4,No
CUS-05106,Male,0,Yes,Yes,54,Yes,No,No,No,Yes,Yes,Month-to-month,No,Electronic check,88.43,4933.92,No
CUS-05107,Female,0,Yes,No,35,Yes,No,DSL,No,No,No,Two year,No,Credit card (automatic),32.62,1151.88,No
CUS-05108,Female,0,No,Yes,30,No,No phone service,DSL,No,No,No,Month-to-month,No,Bank transfer (automatic),48.68,1531.19,Yes
CUS-05109,Male,0,No,No,55,Yes,No,No,No internet service,No,Yes,Two year,Yes,Mailed check,48.66,2608.86,No
CUS-05110,Male,1,Yes,Yes,1,Yes,Yes,DSL,Yes,No,No internet service,Month-to-month,Yes,Credit card (automatic),50.75,52.1,Yes
CUS-05111,Male,0,No,No,15,Yes,Yes,No,No,No internet service,No,Month-to-month,Yes,Credit card (automatic),89.82,1318.15,No
CUS-05112,Male,1,Yes,Yes,25,Yes,Yes,No,No,No,Yes,One year,No,Electronic check,77.25,2022.88,No
CUS-05113,Female,0,Yes,No,20,Yes,No,DSL,Yes,Yes,No internet service,Month-to-month,Yes,Credit card (automatic),89.59,1749.62,No
CUS-05114,Female,0,No,No,71,No,No,No,No internet service,No internet service,No internet service,Month-to-month,Yes,Electronic check,69.24,4849.95,Yes
CUS-05115,Female,1,Yes,Yes,16,Yes,Yes,Fiber optic,No,No,No,Two year,Yes,Bank transfer (automatic),113.55,1812.51,No
CUS-05116,Female,0,Yes,Yes,52,Yes,No,No,No,No internet service,No internet service,Month-to-month,Yes,Electronic check,70.07,3578.67,No
CUS-05117,Male,1,No,Yes,65,Yes,No,Fiber optic,No internet service,No,Yes,Two year,Yes,Credit card (automatic),78.35,4978.44,No
CUS-05118,Male,0,Yes,No,70,Yes,No,DSL,No,No,No internet service,Month-to-month,No,Electronic check,47.83,3338.21,No
CUS-05119,Female,0,No,No,1,Yes,Yes,Fiber optic,No internet service,Yes,Yes,Month-to-month,Yes,Electronic check,23.88,24.64,No
CUS-05120,Female,0,Yes,No,16,Yes,Yes,DSL,Yes,No internet service,No,One year,Yes,Mailed check,99.55,1636.4,No
CUS-05121,Female,0,No,Yes,27,Yes,No,No,No,Yes,Yes,Month-to-month,No,Bank transfer (automatic),103.65,2782.97,No
CUS-05122,Female,0,Yes,No,18,Yes,No,Fiber optic,No,Yes,Yes,Month-to-month,No,Mailed check,103.09,1820.91,Yes
CUS-05123,Female,0,Yes,No,44,Yes,No,DSL,No,Yes,No internet service,One year,No,Bank transfer (automatic),98.17,4160.27,No
CUS-05124,Female,0,No,No,50,Yes,No,DSL,Yes,No,Yes,Month-to-month,No,Electronic check,44.86,2325.92,No
CUS-05125,Female,1,No,No,14,Yes,Yes,No,No,No,No internet service,Month-to-month,Yes,Mailed check,75.48,1097.5,Yes
CUS-05126,Female,0,No,Yes,52,No,Yes,DSL,Yes,No internet service,Yes,Month-to-month,No,Bank transfer (automatic),99.49,4949.33,Yes
CUS-05127,Female,0,Yes,No,50,Yes,No,No,Yes,No internet service,No,Two year,No,Electronic check,80.54,4127.13,No
CUS-05128,Male,0,No,No,17,Yes,Yes,DSL,No,No internet service,Yes,Two year,Yes,Bank transfer (automatic),113.86,2009.93,No
CUS-05129,Female,0,Yes,No,3,Yes,No,Fiber optic,No,No internet service,No,Two year,Yes,Bank transfer (automatic),85.77,263.39,Yes
CUS-05130,Male,1,No,Yes,62,Yes,No,No,No internet service,No internet service,No internet service,Month-to-month,No,Mailed check,74.07,4518.69,No
CUS-05131,Male,0,No,No,21,Yes,No,DSL,No,No internet service,No,Month-to-month,Yes,Electronic check,117.54,2450.8,No
CUS-05132,Female,0,Yes,No,33,Yes,No,DSL,No,No internet service,Yes,Month-to-month,Yes,Mailed check,71.45,2310.83,Yes
CUS-05133,Female,0,No,No,1,Yes,No phone service,No,Yes,No internet service,Yes,One year,Yes,Electronic check,114.7,115.19,No
CUS-05134,Male,0,Yes,No,70,Yes,No,Fiber optic,Yes,No,Yes,One year,No,Bank transfer (automatic),19.21,1397.13,Yes
CUS-05135,Male,1,No,No,56,Yes,No,Fiber optic,No,Yes,No internet service,Month-to-month,Yes,Bank transfer (automatic),73.01,4158.63,No
CUS-05136,Female,0,No,No,4,Yes,Yes,No,Yes,No,No,Month-to-month,Yes,Electronic check,46.9,186.82,Yes
CUS-05137,Male,1,Yes,Yes,22,Yes,Yes,Fiber optic,No,Yes,No,Month-to-month,Yes,Mailed check,57.56,1311.95,Yes
CUS-05138,Female,0,No,No,58,No,No phone service,No,Yes,Yes,Yes,Month-to-month,Yes,Credit card (automatic),26.79,1476.27,No
CUS-05139,Female,1,Yes,Yes,44,Yes,Yes,Fiber optic,No,No,No,One year,Yes,Credit card (automatic),44.42,1910.41,No
CUS-05140,Female,0,No,Yes,57,Yes,No,Fiber optic,No,No,No,One year,Yes,Credit card (automatic),74.97,4245.91,No
CUS-05141,Male,1,Yes,No,40,Yes,Yes,DSL,No internet service,No,Yes,Month-to-month,Yes,Credit card (automatic),90.13,3638.55,Yes
CUS-05142,Male,1,No,No,56,Yes,No,No,No,No internet service,Yes,Two year,Yes,Electronic check,109.03,6408.28,Yes
CUS-05143,Female,1,Yes,No,63,Yes,Yes,No,Yes,No,Yes,Month-to-month,Yes,Bank transfer (automatic),41.18,2630.54,Yes
CUS-05144,Male,0,Yes,Yes,39,Yes,No,DSL,No internet service,No,No,Two year,No,Bank transfer (automatic),97.54,3759.0,No
CUS-05145,Male,0,No,No,7,Yes,No phone service,Fiber optic,No,Yes,No,Month-to-month,No,Electronic check,20.45,146.37,Yes
CUS-05146,Male,0,Yes,Yes,14,Yes,Yes,Fiber optic,No internet service,No,Yes,Month-to-month,Yes,Bank transfer (automatic),107.38,1576.1,Yes
CUS-05147,Male,0,Yes,No,18,Yes,Yes,Fiber optic,Yes,Yes,Yes,Month-to-month,No,Electronic check,77.48,1410.16,No
CUS-05148,Male,0,No,No,55,Yes,No,No,No,Yes,Yes,Two year,Yes,Credit card (automatic),102.57,5557.68,No
CUS-05149,Male,0,No,No,56,Yes,Yes,DSL,Yes,Yes,Yes,Month-to-month,No,Credit card (automatic),43.52,2481.51,No
CUS-05150,Male,0,No,No,57,No,No phone service,No,Yes,No internet service,No,One year,No,Bank transfer (automatic),55.3,3140.79,No
CUS-05151,Female,0,Yes,No,58,Yes,Yes,DSL,Yes,No,Yes,Month-to-month,No,Bank transfer (automatic),27.71,1612.93,Yes
CUS-05152,Male,0,No,No,25,Yes,Yes,Fiber optic,No,No,No,Two year,Yes,Mailed check,25.89,676.72,No
CUS-05153,Male,0,Yes,Yes,70,Yes,No,Fiber optic,No internet service,No internet service,No,Month-to-month,Yes,Credit card (automatic),100.65,7000.83,Yes
CUS-05154,Male,0,No,No,3,Yes,No,DSL,No,Yes,No internet service,One year,Yes,Credit card (automatic),47.7,140.43,Yes
CUS-05155,Male,0,No,No,21,Yes,No,Fiber optic,No,No,Yes,Month-to-month,Yes,Electronic check,53.26,1133.53,Yes
CUS-05156,Male,0,No,No,32,Yes,Yes,No,No internet service,Yes,Yes,One year,No,Electronic check,71.06,2289.46,No
CUS-05157,Male,0,Yes,No,2,Yes,Yes,DSL,Yes,No internet service,Yes,Month-to-month,No,Electronic check,85.07,168.39,No
CUS-05158,Male,1,No,No,20,Yes,Yes,DSL,Yes,No,Yes,Month-to-month,Yes,Electronic check,22.66,444.26,Yes
CUS-05159,Male,1,No,No,18,Yes,Yes,Fiber optic,Yes,Yes,No,Month-to-month,No,Credit card (automatic),75.42,1360.98,No
CUS-05160,Female,1,No,Yes,54,Yes,No,Fiber optic,No internet service,Yes,No,Two year,Yes,Bank transfer (automatic),79.01,4122.95,No
CUS-05161,Male,1,Yes,No,36,Yes,Yes,No,No,No internet service,Yes,Month-to-month,No,Bank transfer (automatic),103.04,3623.33,Yes
CUS-05162,Male,0,No,No,61,Yes,Yes,DSL,No,Yes,Yes,Two year,No,Mailed check,33.46,2112.63,No
CUS-05163,Male,0,No,No,60,Yes,No,No,No internet service,No internet service,No,Month-to-month,No,Bank transfer (automatic),63.03,3936.52,Yes
CUS-05164,Male,0,Yes,Yes,36,No,Yes,Fiber optic,Yes,No,Yes,Month-to-month,No,Mailed check,65.42,2329.99,Yes
CUS-05165,Female,0,Yes,Yes,44,Yes,No,DSL,Yes,Yes,No internet service,Month-to-month,Yes,Bank transfer (automatic),102.76,4672.53,No
CUS-05166,Female,0,Yes,No,68,Yes,No,No,No,No,Yes,One year,Yes,Credit card (automatic),54.25,3542.62,No
CUS-05167,Female,0,Yes,No,66,Yes,Yes,DSL,No internet service,No,No,One year,Yes,Bank transfer (automatic),26.1,1673.73,No
CUS-05168,Female,0,Yes,No,44,Yes,No,Fiber optic,Yes,No,Yes,Month-to-month,No,Bank transfer (automatic),78.13,3470.93,No
CUS-05169,Female,0,Yes,No,29,Yes,No,No,Yes,No,No internet service,Month-to-month,Yes,Bank transfer (automatic),84.2,2485.24,Yes
CUS-05170,Female,0,No,No,48,Yes,No,Fiber optic,No,No,No,Month-to-month,No,Mailed check,76.24,3568.68,Yes
CUS-05171,Female,0,No,No,36,Yes,No,Fiber optic,Yes,No,Yes,Month-to-month,Yes,Credit card (automatic),66.99,2517.69,Yes
CUS-05172,Female,0,Yes,Yes,8,Yes,No,Fiber optic,No,Yes,No,One year,No,Electronic check,39.31,318.36,No
CUS-05173,Female,0,No,No,5,Yes,Yes,DSL,No,No,No,Month-to-month,No,Electronic check,71.86,374.44,Yes
CUS-05174,Female,0,No,No,47,Yes,Yes,Fiber optic,No,No,Yes,One year,Yes,Credit card (automatic),21.61,975.64,Yes
CUS-05175,Female,0,Yes,No,43,Yes,Yes,No,No internet service,No,No internet service,Month-to-month,No,Electronic check,74.67,3237.58,Yes
CUS-05176,Female,1,Yes,No,10,Yes,No,Fiber optic,No,Yes,No,One year,No,Mailed check,66.91,658.51,No
CUS-05177,Female,0,No,No,10,Yes,No phone service,No,Yes,No,No,Month-to-month,Yes,Mailed check,113.26,1174.12,No
CUS-05178,Female,0,No,No,6,Yes,Yes,Fiber optic,No,No,No,Two year,No,Mailed check,50.0,285.4,No
CUS-05179,Female,0,No,No,16,Yes,Yes,Fiber optic,No,No,No,One year,Yes,Credit card (automatic),20.18,331.5,No
CUS-05180,Female,0,No,No,60,Yes,No,Fiber optic,No internet service,No,No,Month-to-month,Yes,Bank transfer (automatic),94.01,5451.11,No
CUS-05181,Male,0,Yes,No,26,No,Yes,DSL,No,No internet service,Yes,One year,Yes,Credit card (automatic),34.77,939.28,No
CUS-05182,Female,0,No,Yes,21,Yes,Yes,No,No,Yes,No,Two year,Yes,Credit card (automatic),72.45,1515.72,No
CUS-05183,Male,0,Yes,Yes,58,Yes,Yes,No,No internet service,No internet service,No internet service,Two year,Yes,Credit card (automatic),39.48,2214.77,No
CUS-05184,Female,1,Yes,No,41,Yes,Yes,No,No,No,No internet service,Month-to-month,Yes,Credit card (automatic),71.94,3043.3,No
CUS-05185,Female,1,Yes,No,30,Yes,No phone service,Fiber optic,No internet service,No,Yes,Two year,Yes,Mailed check,76.1,2283.72,Yes
CUS-05186,Male,0,Yes,Yes,5,Yes,No phone service,No,Yes,No,No,Month-to-month,Yes,Electronic check,84.17,402.4,Yes
CUS-05187,Female,0,No,Yes,10,Yes,Yes,Fiber optic,Yes,No,Yes,Month-to-month,Yes,Bank transfer (automatic),55.3,527.16,Yes
CUS-05188,Male,0,No,No,11,Yes,No phone service,Fiber optic,No,Yes,Yes,Month-to-month,No,Credit card (automatic),24.11,258.68,No
CUS-05189,Male,0,No,No,63,Yes,Yes,No,Yes,No internet service,Yes,Month-to-month,Yes,Credit card (automatic),77.69,4999.03,Yes
CUS-05190,Male,0,Yes,No,7,Yes,No,Fiber optic,No,No,Yes,Month-to-month,Yes,Bank transfer (automatic),104.45,726.34,Yes
CUS-05191,Female,0,No,Yes,59,Yes,Yes,Fiber optic,No,No,No internet service,One year,No,Bank transfer (automatic),70.54,4172.81,No
CUS-05192,Female,0,No,Yes,12,Yes,No,DSL,No,No,No,Month-to-month,Yes,Electronic check,43.02,497.46,Yes
CUS-05193,Female,1,Yes,No,64,No,Yes,No,No internet service,No,Yes,One year,Yes,Electronic check,59.35,3882.06,No
CUS-05194,Male,0,No,No,41,Yes,Yes,DSL,No,No internet service,Yes,Month-to-month,No,Bank transfer (automatic),72.02,2911.85,Yes
CUS-05195,Male,0,No,No,60,Yes,No phone service,DSL,No internet service,Yes,Yes,Month-to-month,No,Electronic check,26.77,1579.67,No
CUS-05196,Female,0,Yes,No,28,Yes,Yes,DSL,No,No internet service,No,Month-to-month,Yes,Mailed check,74.81,2111.83,No
CUS-05197,Female,1,No,No,63,Yes,No phone service,Fiber optic,No,Yes,No,One year,No,Mailed check,28.93,1870.98,No
CUS-05198,Female,0,No,No,3,Yes,Yes,DSL,No,No,No,One year,Yes,Credit card (automatic),35.79,102.26,Yes
CUS-05199,Female,0,No,Yes,32,Yes,Yes,Fiber optic,No internet service,No,No internet service,One year,Yes,Credit card (automatic),57.3,1750.9,No
CUS-05200,Female,0,No,No,21,Yes,No,DSL,Yes,No,No,Two year,Yes,Electronic check,97.93,1973.45,No
CUS-05201,Male,0,Yes,Yes,55,Yes,No,Fiber optic,No,Yes,No,Month-to-month,No,Electronic check,100.38,5711.97,No
CUS-05202,Male,1,No,No,18,Yes,No,DSL,Yes,No,No internet service,Month-to-month,Yes,Electronic check,46.26,862.27,No
CUS-05203,Male,0,No,Yes,53,Yes,Yes,DSL,Yes,No internet service,No,Month-to-month,Yes,Mailed check,71.8,3858.07,Yes
CUS-05204,Female,0,Yes,Yes,61,Yes,No,No,No internet service,No,Yes,One year,Yes,Bank transfer (automatic),27.37,1593.75,No
CUS-05205,Male,0,Yes,No,50,Yes,Yes,Fiber optic,Yes,Yes,No,Month-to-month,No,Mailed check,117.77,6036.26,No
CUS-05206,Male,0,No,No,8,Yes,No,DSL,No,Yes,No,One year,Yes,Credit card (automatic),83.4,691.73,No
CUS-05207,Male,0,Yes,No,12,Yes,No,No,No,No,No,Two year,Yes,Bank transfer (automatic),40.42,505.19,No
CUS-05208,Male,0,No,No,51,No,No,DSL,No internet service,Yes,No,One year,No,Mailed check,107.97,5673.02,No
CUS-05209,Male,0,No,No,66,No,No phone service,DSL,No,Yes,No,Two year,No,Bank transfer (automatic),52.98,3478.68,No
CUS-05210,Female,0,Yes,Yes,41,Yes,No,Fiber optic,Yes,No,No internet service,One year,Yes,Credit card (automatic),45.53,1859.03,No
CUS-05211,Male,0,Yes,No,22,Yes,Yes,DSL,No,Yes,No,Two year,Yes,Electronic check,47.74,1049.97,Yes
CUS-05212,Female,1,Yes,No,9,Yes,Yes,DSL,Yes,Yes,No internet service,Two year,Yes,Electronic check,66.6,597.83,No
CUS-05213,Female,0,No,Yes,11,Yes,No,No,No,No,No,Month-to-month,No,Electronic check,21.35,235.18,Yes
CUS-05214,Female,0,No,No,13,Yes,Yes,DSL,No,Yes,No,Two year,No,Mailed check,83.15,1035.71,No
CUS-05215,Female,0,No,Yes,56,Yes,Yes,DSL,Yes,Yes,No internet service,Month-to-month,Yes,Mailed check,112.78,6514.39,No
CUS-05216,Female,0,Yes,No,28,Yes,No,No,No internet service,No,No internet service,One year,No,Electronic check,99.55,2648.84,Yes
CUS-05217,Male,0,No,No,64,Yes,No,Fiber optic,Yes,No,No,Month-to-month,No,Bank transfer (automatic),99.11,6045.6,Yes
CUS-05218,Male,0,No,No,64,Yes,No,DSL,Yes,Yes,No,Two year,Yes,Electronic check,95.41,5817.11,No
CUS-05219,Female,0,Yes,Yes,70,Yes,No,Fiber optic,Yes,No,Yes,Two year,No,Bank transfer (automatic),53.68,3907.97,No
CUS-05220,Female,0,No,No,55,Yes,No,DSL,No,No,No,Two year,Yes,Credit card (automatic),37.04,2138.13,No
CUS-05221,Female,0,Yes,No,37,Yes,No,Fiber optic,No,Yes,Yes,Month-to-month,Yes,Credit card (automatic),49.44,1792.19,Yes
CUS-05222,Male,0,No,Yes,33,Yes,No,Fiber optic,Yes,No,No,Month-to-month,Yes,Electronic check,35.28,1120.64,Yes
CUS-05223,Female,0,Yes,No,25,Yes,No,No,No internet service,No internet service,Yes,Month-to-month,No,Electronic check,103.09,2453.27,Yes
CUS-05224,Male,0,Yes,Yes,23,Yes,Yes,DSL,No internet service,No internet service,No,Two year,No,Mailed check,60.1,1437.85,No
CUS-05225,Female,0,No,Yes,60,Yes,No,Fiber optic,No,No,No internet service,Two year,No,Credit card (automatic),99.2,5867.3,No
CUS-05226,Male,0,No,Yes,56,Yes,No,DSL,No,Yes,Yes,Month-to-month,Yes,Mailed check,47.03,2631.65,No
CUS-05227,Female,1,Yes,No,63,Yes,Yes,Fiber optic,No internet service,No,Yes,Month-to-month,Yes,Bank transfer (automatic),32.38,2014.49,Yes
CUS-05228,Male,0,No,Yes,8,No,Yes,DSL,No,Yes,No internet service,Month-to-month,No,Mailed check,105.06,874.7,Yes
CUS-05229,Female,0,No,No,17,Yes,No,Fiber optic,Yes,No,No,One year,No,Electronic check,97.89,1719.47,Yes
CUS-05230,Male,0,Yes,Yes,57,Yes,No,Fiber optic,No internet service,No internet service,No,Month-to-month,Yes,Electronic check,73.61,4362.02,Yes
CUS-05231,Male,0,No,Yes,62,No,No,No,Yes,No,No,Month-to-month,Yes,Bank transfer (automatic),30.33,1867.25,Yes
CUS-05232,Male,0,No,Yes,11,Yes,Yes,No,No,No,Yes,Month-to-month,No,Bank transfer (automatic),51.63,551.85,Yes
CUS-05233,Male,0,No,No,67,No,Yes,Fiber optic,No,Yes,Yes,Month-to-month,Yes,Credit card (automatic),23.75,1607.49,No
CUS-05234,Male,0,Yes,Yes,40,Yes,Yes,DSL,No,Yes,No internet service,Two year,Yes,Bank transfer (automatic),107.82,4188.23,Yes
CUS-05235,Male,0,No,Yes,40,Yes,No,Fiber optic,Yes,No internet service,No,One year,No,Bank transfer (automatic),42.03,1651.82,Yes
CUS-05236,Male,0,No,No,56,Yes,No,No,Yes,No,Yes,One year,No,Mailed check,70.33,4113.78,No
CUS-05237,Female,0,No,No,53,Yes,No,DSL,No internet service,Yes,Yes,Two year,Yes,Mailed check,112.19,6166.72,Yes
CUS-05238,Female,0,Yes,Yes,28,Yes,No,Fiber optic,No internet service,No,No,Month-to-month,Yes,Electronic check,80.31,2234.55,Yes
CUS-05239,Female,0,No,No,42,Yes,No phone service,DSL,No,No,Yes,Month-to-month,No,Electronic check,80.31,3312.56,Yes
CUS-05240,Female,0,Yes,Yes,46,Yes,Yes,DSL,No,Yes,Yes,Month-to-month,Yes,Mailed check,101.28,4695.61,No
CUS-05241,Female,0,No,No,18,Yes,Yes,DSL,No,No,Yes,Month-to-month,No,Credit card (automatic),87.34,1613.46,Yes
CUS-05242,Male,0,No,No,23,Yes,Yes,No,No,No,Yes,Two year,Yes,Electronic check,66.58,1484.52,No
CUS-05243,Male,0,Yes,Yes,26,Yes,No,DSL,Yes,No,No,Two year,Yes,Bank transfer (automatic),30.22,817.69,No
CUS-05244,Male,0,Yes,Yes,29,Yes,Yes,DSL,No,Yes,No internet service,Two year,No,Electronic check,67.67,1901.11,No
CUS-05245,Male,0,No,No,52,Yes,No,No,No internet service,No,Yes,Month-to-month,Yes,Bank transfer (automatic),36.19,1902.6,No
CUS-05246,Male,0,No,No,46,Yes,Yes,Fiber optic,No internet service,Yes,Yes,Month-to-month,Yes,Electronic check,67.19,3106.14,Yes
CUS-05247,Female,0,Yes,Yes,1,Yes,Yes,Fiber optic,No,No internet service,Yes,One year,No,Electronic check,20.19,19.84,No
CUS-05248,Female,1,No,Yes,63,Yes,No,DSL,Yes,No,No internet service,Month-to-month,Yes,Electronic check,53.25,3375.35,No
CUS-05249,Female,1,No,No,16,Yes,Yes,Fiber optic,No internet service,No internet service,No,Month-to-month,Yes,Mailed check,23.53,390.79,No
CUS-05250,Female,0,No,No,25,Yes,No,DSL,No,No,No,Month-to-month,No,Bank transfer (automatic),32.56,800.2,No
CUS-05251,Male,0,No,Yes,62,Yes,No,Fiber optic,No,Yes,No internet service,Month-to-month,No,Electronic check,87.49,5633.35,Yes
CUS-05252,Male,0,Yes,Yes,16,Yes,Yes,Fiber optic,Yes,No,No,One year,No,Electronic check,115.63,1769.17,Yes
CUS-05253,Male,0,No,Yes,69,Yes,No,Fiber optic,No,No,No,Two year,Yes,Credit card (automatic),74.47,5155.78,No
CUS-05254,Female,0,Yes,Yes,70,Yes,No,Fiber optic,No,No,No internet service,One year,Yes,Credit card (automatic),34.95,2395.84,No
CUS-05255,Male,0,Yes,No,34,Yes,No,No,No,No,No,Month-to-month,No,Mailed check,55.65,1973.53,Yes
CUS-05256,Female,0,Yes,Yes,53,Yes,Yes,Fiber optic,No,Yes,No,Two year,Yes,Credit card (automatic),41.44,2096.86,No
CUS-05257,Male,0,No,No,23,No,No,Fiber optic,No,No,No,One year,No,Credit card (automatic),22.78,498.72,Yes
CUS-05258,Male,0,No,No,43,Yes,Yes,DSL,No,No internet service,No internet service,One year,Yes,Mailed check,109.31,4845.83,No
CUS-05259,Female,0,Yes,No,44,Yes,Yes,No,No,No,No internet service,Month-to-month,Yes,Mailed check,72.22,3253.83,No
CUS-05260,Male,0,No,No,32,Yes,Yes,Fiber optic,Yes,No internet service,No,Month-to-month,Yes,Bank transfer (automatic),32.89,1016.18,No
CUS-05261,Male,0,No,No,23,Yes,No,Fiber optic,No,Yes,No,Month-to-month,Yes,Bank transfer (automatic),92.57,2223.23,No
CUS-05262,Female,0,No,No,20,Yes,No,Fiber optic,Yes,Yes,No internet service,Two year,Yes,Credit card (automatic),35.13,728.87,No
CUS-05263,Male,0,No,No,19,Yes,No,No,No,No,No,Two year,No,Bank transfer (automatic),38.65,715.47,No
CUS-05264,Female,0,Yes,No,29,Yes,No,No,No,No,No,Month-to-month,Yes,Bank transfer (automatic),78.16,2308.44,No
CUS-05265,Male,0,Yes,No,18,Yes,No phone service,DSL,No,No,Yes,Month-to-month,No,Electronic check,60.65,1083.9,No
CUS-05266,Male,0,No,Yes,69,Yes,No,Fiber optic,No,No,No,Month-to-month,Yes,Bank transfer (automatic),107.47,7460.47,Yes
CUS-05267,Male,0,No,No,12,Yes,Yes,DSL,No,Yes,Yes,Month-to-month,Yes,Electronic check,77.67,959.16,No
CUS-05268,Male,0,Yes,No,10,Yes,No,DSL,Yes,Yes,No,Month-to-month,No,Bank transfer (automatic),36.24,367.14,No
CUS-05269,Male,1,No,Yes,37,Yes,No,No,No,Yes,No,Month-to-month,Yes,Bank transfer (automatic),65.47,2324.07,No
CUS-05270,Male,0,No,No,55,Yes,No,DSL,No,No internet service,No,Two year,No,Credit card (automatic),90.67,5039.79,No
CUS-05271,Male,0,No,No,4,Yes,No,DSL,No,No,No,Month-to-month,No,Mailed check,78.01,302.22,Yes
CUS-05272,Male,0,Yes,No,63,Yes,No,Fiber optic,No,No internet service,No,Month-to-month,Yes,Electronic check,50.12,3140.44,Yes
CUS-05273,Female,0,No,No,12,No,Yes,No,Yes,No,No,Two year,Yes,Electronic check,56.64,672.39,No
CUS-05274,Female,0,No,Yes,18,Yes,No,DSL,No,Yes,No internet service,Month-to-month,Yes,Mailed check,84.56,1458.71,No
CUS-05275,Male,0,Yes,Yes,8,Yes,Yes,DSL,No internet service,No,Yes,Two year,No,Bank transfer (automatic),69.9,536.78,Yes
CUS-05276,Male,0,Yes,No,32,Yes,Yes,DSL,No,No,No,Month-to-month,No,Electronic check,25.38,835.53,No
CUS-05277,Female,0,Yes,No,49,Yes,No,DSL,No,No,No internet service,Two year,No,Electronic check,72.87,3597.79,No
CUS-05278,Male,0,No,No,63,Yes,No,DSL,No internet service,No,No internet service,Month-to-month,No,Electronic check,63.48,4188.69,No
CUS-05279,Male,0,Yes,Yes,59,No,Yes,No,No,No,No internet service,Month-to-month,No,Electronic check,99.49,6134.88,Yes
CUS-05280,Female,0,Yes,No,67,Yes,No,DSL,No,No,No internet service,Month-to-month,Yes,Credit card (automatic),29.23,1897.82,No
CUS-05281,Male,0,Yes,Yes,39,Yes,No,Fiber optic,Yes,Yes,Yes,One year,No,Electronic check,18.1,731.0,No
CUS-05282,Male,0,Yes,No,50,No,Yes,No,Yes,No internet service,Yes,One year,No,Mailed check,100.08,4916.97,No
CUS-05283,Female,0,Yes,No,71,Yes,No,Fiber optic,No,No,Yes,Two year,No,Mailed check,39.12,2686.45,No
CUS-05284,Male,0,No,Yes,26,Yes,Yes,DSL,Yes,No,Yes,Month-to-month,Yes,Electronic check,21.15,547.25,No
CUS-05285,Male,0,No,No,23,Yes,No,Fiber optic,No,No,Yes,One year,No,Electronic check,40.1,902.49,No
CUS-05286,Female,0,No,No,63,Yes,Yes,No,Yes,Yes,No internet service,One year,Yes,Credit card (automatic),106.6,6721.53,No
CUS-05287,Male,0,Yes,No,66,Yes,No,DSL,No internet service,No internet service,No,Two year,Yes,Credit card (automatic),35.12,2352.19,No
CUS-05288,Female,0,Yes,No,39,Yes,No,DSL,No internet service,Yes,Yes,Month-to-month,Yes,Credit card (automatic),50.0,1911.63,No
CUS-05289,Male,0,Yes,Yes,66,Yes,No,DSL,No internet service,Yes,No,Month-to-month,No,Electronic check,79.06,5241.0,Yes
CUS-05290,Male,0,Yes,Yes,46,Yes,No,Fiber optic,No internet service,No internet service,Yes,Two year,Yes,Mailed check,35.95,1674.49,No
CUS-05291,Female,0,Yes,No,15,No,Yes,DSL,No internet service,No,Yes,Two year,No,Electronic check,82.51,1252.02,No
CUS-05292,Female,0,Yes,No,16,Yes,Yes,Fiber optic,No,No internet service,Yes,Month-to-month,Yes,Mailed check,88.67,1478.94,Yes
CUS-05293,Male,0,No,No,16,Yes,No,Fiber optic,No,No,No,Month-to-month,No,Credit card (automatic),41.1,667.37,No
CUS-05294,Female,0,Yes,No,39,Yes,Yes,Fiber optic,Yes,No,No internet service,Two year,Yes,Mailed check,27.62,1059.15,No
CUS-05295,Female,0,No,Yes,11,Yes,No phone service,Fiber optic,No,Yes,Yes,Month-to-month,Yes,Electronic check,58.2,614.24,No
CUS-05296,Male,0,Yes,Yes,36,Yes,Yes,DSL,No internet service,No,No,Month-to-month,Yes,Electronic check,87.86,3158.78,Yes
CUS-05297,Male,0,Yes,No,18,Yes,Yes,Fiber optic,No,Yes,Yes,One year,No,Electronic check,99.35,1801.9,No
CUS-05298,Male,0,No,No,23,Yes,No,Fiber optic,No,No internet service,Yes,Month-to-month,Yes,Electronic check,21.67,501.21,No
CUS-05299,Female,0,Yes,No,49,No,No,Fiber optic,No,No,Yes,Two year,No,Credit card (automatic),71.66,3528.95,No
CUS-05300,Female,0,Yes,No,42,Yes,Yes,DSL,Yes,No,Yes,Month-to-month,No,Bank transfer (automatic),43.74,1814.18,No
CUS-05301,Female,1,No,No,44,Yes,No phone service,Fiber optic,No,Yes,No,Month-to-month,Yes,Credit card (automatic),59.61,2742.9,No
CUS-05302,Female,0,No,No,1,Yes,No,Fiber optic,No,No internet service,No,Month-to-month,Yes,Mailed check,70.88,71.68,No
CUS-05303,Male,0,Yes,No,7,Yes,No,Fiber optic,No internet service,No internet service,Yes,Month-to-month,Yes,Bank transfer (automatic),91.52,622.85,No
CUS-05304,Female,0,Yes,Yes,48,Yes,No,DSL,No internet service,No,Yes,Month-to-month,Yes,Mailed check,21.98,1002.96,No
CUS-05305,Male,0,No,No,16,No,No,DSL,Yes,No internet service,No internet service,Two year,No,Electronic check,35.04,564.57,No
CUS-05306,Female,0,No,No,48,Yes,Yes,Fiber optic,No internet service,No internet service,Yes,Month-to-month,Yes,Bank transfer (automatic),79.63,3916.4,Yes
CUS-05307,Male,1,Yes,No,43,No,No,Fiber optic,No internet service,No,No,One year,Yes,Mailed check,62.09,2565.61,No
CUS-05308,Male,0,Yes,Yes,51,Yes,No,Fiber optic,No,Yes,No,Month-to-month,Yes,Electronic check,38.99,1981.78,Yes
CUS-05309,Male,0,No,Yes,66,Yes,No,Fiber optic,No internet service,No,Yes,Month-to-month,Yes,Credit card (automatic),24.5,1693.34,Yes
CUS-05310,Female,0,Yes,Yes,31,Yes,Yes,DSL,Yes,No,Yes,Two year,Yes,Electronic check,109.48,3391.95,No
CUS-05311,Male,0,Yes,Yes,39,No,No,DSL,No internet service,No,Yes,One year,Yes,Bank transfer (automatic),54.29,2192.17,No
CUS-05312,Male,0,No,No,9,Yes,Yes,Fiber optic,No,No internet service,No,Month-to-month,Yes,Mailed check,59.06,512.44,No
CUS-05313,Female,0,Yes,Yes,41,Yes,Yes,Fiber optic,No internet service,Yes,No,Month-to-month,Yes,Bank transfer (automatic),22.91,934.8,No
CUS-05314,Male,0,No,No,63,Yes,Yes,Fiber optic,No,No internet service,No,Month-to-month,No,Electronic check,91.86,5702.34,No
CUS-05315,Female,0,No,Yes,14,Yes,Yes,No,No internet service,No internet service,No internet service,Two year,No,Mailed check,117.22,1563.66,No
CUS-05316,Female,0,No,Yes,58,Yes,No,Fiber optic,No,No internet service,No,Month-to-month,No,Credit card (automatic),115.83,6732.34,No
CUS-05317,Male,0,Yes,No,64,Yes,Yes,DSL,No,No,No internet service,Month-to-month,No,Credit card (automatic),49.12,3111.85,No
CUS-05318,Male,0,Yes,No,28,Yes,Yes,Fiber optic,No internet service,No,No,Month-to-month,No,Bank transfer (automatic),114.11,3230.76,Yes
CUS-05319,Female,0,Yes,Yes,4,Yes,Yes,Fiber optic,No,No internet service,Yes,Month-to-month,Yes,Bank transfer (automatic),58.77,236.17,No
CUS-05320,Male,0,Yes,No,34,Yes,No,Fiber optic,No internet service,Yes,No,Two year,Yes,Mailed check,56.72,1919.51,No
CUS-05321,Female,0,No,Yes,4,Yes,No,No,No,No,No internet service,Month-to-month,Yes,Bank transfer (automatic),101.17,388.54,Yes
CUS-05322,Female,0,Yes,No,70,Yes,Yes,Fiber optic,No internet service,No,Yes,Month-to-month,No,Electronic check,97.18,6763.61,Yes
CUS-05323,Female,0,Yes,No,58,Yes,No,Fiber optic,No,No,No,Month-to-month,No,Electronic check,65.49,3977.36,No
CUS-05324,Male,0,Yes,No,4,Yes,No,No,Yes,No,Yes,One year,Yes,Mailed check,62.74,245.29,No
CUS-05325,Female,0,Yes,No,50,Yes,No,DSL,No,Yes,No internet service,One year,Yes,Mailed check,114.84,5675.95,Yes
CUS-05326,Male,1,No,No,5,Yes,Yes,DSL,Yes,No internet service,No,Two year,Yes,Mailed check,58.85,304.3,Yes
CUS-05327,Male,0,No,No,45,Yes,No,DSL,No internet service,No,Yes,One year,Yes,Bank transfer (automatic),104.17,4697.05,No
CUS-05328,Male,0,No,No,35,Yes,Yes,DSL,No,No,No internet service,Month-to-month,Yes,Mailed check,92.64,3080.94,No
CUS-05329,Male,0,No,No,27,Yes,No,DSL,No,No,Yes,Month-to-month,Yes,Electronic check,28.69,777.69,Yes
CUS-05330,Female,0,No,Yes,2,Yes,Yes,No,No,Yes,No,One year,No,Credit card (automatic),33.9,70.32,No
CUS-05331,Male,0,Yes,No,54,Yes,Yes,No,No,No,No,Month-to-month,No,Bank transfer (automatic),21.75,1196.86,No
CUS-05332,Female,1,Yes,Yes,48,Yes,No,Fiber optic,No,No,No internet service,Month-to-month,Yes,Credit card (automatic),21.52,1059.53,No
CUS-05333,Female,0,No,No,49,Yes,No,Fiber optic,No internet service,Yes,Yes,Month-to-month,Yes,Mailed check,78.45,3666.56,No
CUS-05334,Male,1,Yes,No,1,Yes,No,DSL,No,No,No internet service,Month-to-month,No,Electronic check,25.7,24.88,No
CUS-05335,Female,0,Yes,No,33,Yes,No,Fiber optic,No,No internet service,Yes,Month-to-month,No,Bank transfer (automatic),31.62,1052.35,No
CUS-05336,Female,0,No,No,35,Yes,Yes,DSL,Yes,No,Yes,Two year,No,Mailed check,42.43,1433.53,No
CUS-05337,Male,0,Yes,Yes,54,Yes,No phone service,Fiber optic,No,No,Yes,One year,Yes,Electronic check,73.33,4060.35,No
CUS-05338,Female,0,No,Yes,56,Yes,No,Fiber optic,Yes,Yes,No,Two year,Yes,Bank transfer (automatic),40.89,2227.31,No
CUS-05339,Female,0,No,No,15,Yes,Yes,Fiber optic,No,No,Yes,Month-to-month,No,Credit card (automatic),57.59,848.13,Yes
CUS-05340,Female,0,Yes,No,69,Yes,No,DSL,No,No internet service,Yes,Month-to-month,No,Electronic check,53.33,3511.11,Yes
CUS-05341,Female,0,Yes,No,4,Yes,Yes,DSL,No internet service,No,No internet service,Month-to-month,Yes,Electronic check,57.63,228.82,No
CUS-05342,Male,0,No,Yes,64,Yes,No,Fiber optic,No,Yes,Yes,One year,No,Bank transfer (automatic),110.9,6924.22,No
CUS-05343,Female,0,Yes,No,22,Yes,No,Fiber optic,No,Yes,No,One year,Yes,Credit card (automatic),114.97,2411.26,No
CUS-05344,Female,0,Yes,Yes,24,Yes,No,DSL,No,No,No,Month-to-month,Yes,Bank transfer (automatic),25.25,583.81,No
CUS-05345,Female,0,No,Yes,47,Yes,Yes,DSL,Yes,No,Yes,Month-to-month,Yes,Bank transfer (automatic),29.05,1350.66,No
CUS-05346,Female,0,Yes,No,6,Yes,No phone service,No,Yes,Yes,Yes,Month-to-month,Yes,Electronic check,23.47,138.6,No
CUS-05347,Male,0,Yes,No,27,Yes,No,DSL,No internet service,No,No,Month-to-month,Yes,Electronic check,56.76,1587.83,Yes
CUS-05348,Female,0,Yes,Yes,10,Yes,No,Fiber optic,No,No,No,Month-to-month,Yes,Credit card (automatic),103.11,1010.77,Yes
CUS-05349,Male,0,No,No,39,Yes,Yes,DSL,Yes,Yes,No internet service,Month-to-month,No,Credit card (automatic),97.98,3788.82,No
CUS-05350,Female,0,Yes,Yes,37,No,Yes,Fiber optic,Yes,Yes,No,One year,No,Credit card (automatic),53.48,1960.67,Yes
CUS-05351,Male,0,Yes,Yes,54,Yes,No,Fiber optic,No,No,No internet service,One year,Yes,Mailed check,93.07,5075.5,No
CUS-05352,Male,1,Yes,No,51,Yes,No,No,No,No,No,One year,No,Mailed check,115.9,6148.97,No
CUS-05353,Male,0,Yes,No,60,Yes,No phone service,Fiber optic,No,No,No,Month-to-month,Yes,Credit card (automatic),37.39,2282.57,Yes
CUS-05354,Male,0,No,Yes,51,Yes,Yes,DSL,Yes,No,Yes,One year,No,Credit card (automatic),114.39,6031.3,No
CUS-05355,Male,0,No,Yes,62,Yes,No,No,No,No,No,Month-to-month,Yes,Bank transfer (automatic),95.08,5710.52,Yes
CUS-05356,Female,1,Yes,Yes,49,Yes,No,Fiber optic,No internet service,No internet service,No,Month-to-month,No,Mailed check,29.47,1493.05,Yes
CUS-05357,Female,0,Yes,No,51,Yes,Yes,No,No,No internet service,No,One year,Yes,Mailed check,97.45,5069.43,No
CUS-05358,Female,0,Yes,No,28,Yes,Yes,Fiber optic,Yes,No internet service,No,Month-to-month,Yes,Electronic check,28.23,774.23,Yes
CUS-05359,Male,1,No,Yes,36,Yes,Yes,Fiber optic,No,No,No,Month-to-month,Yes,Bank transfer (automatic),20.97,784.77,No
CUS-05360,Female,1,Yes,No,25,Yes,No,No,No internet service,No internet service,No,Month-to-month,Yes,Electronic check,94.46,2400.47,No
CUS-05361,Male,1,Yes,Yes,36,Yes,No,Fiber optic,Yes,Yes,No,Two year,Yes,Electronic check,107.5,3857.53,Yes
CUS-05362,Male,0,No,No,60,Yes,No,Fiber optic,No,Yes,Yes,Month-to-month,Yes,Bank transfer (automatic),58.04,3553.59,No
CUS-05363,Female,0,Yes,Yes,7,Yes,No,Fiber optic,No internet service,No internet service,Yes,Month-to-month,Yes,Credit card (automatic),20.41,135.82,Yes
CUS-05364,Female,0,No,No,65,Yes,Yes,Fiber optic,Yes,No internet service,No internet service,Month-to-month,Yes,Bank transfer (automatic),77.76,4965.15,Yes
CUS-05365,Male,0,Yes,Yes,36,Yes,No,Fiber optic,No internet service,No internet service,No internet service,One year,Yes,Mailed check,41.33,1529.05,No
CUS-05366,Male,0,Yes,No,30,Yes,No,No,No,No internet service,No,Month-to-month,Yes,Bank transfer (automatic),72.38,2249.36,No
CUS-05367,Female,0,No,Yes,47,Yes,No,Fiber optic,No,No,No internet service,Month-to-month,No,Mailed check,49.79,2410.38,Yes
CUS-05368,Female,0,Yes,No,29,Yes,Yes,Fiber optic,No internet service,No internet service,Yes,One year,Yes,Bank transfer (automatic),80.24,2380.76,No
CUS-05369,Female,0,Yes,No,5,Yes,No phone service,Fiber optic,Yes,Yes,Yes,Two year,Yes,Bank transfer (automatic),44.03,220.1,Yes
CUS-05370,Female,0,Yes,No,65,No,No,DSL,No,No internet service,No,Two year,Yes,Electronic check,32.84,2068.34,No
CUS-05371,Male,1,No,Yes,69,Yes,No,DSL,No internet service,No,No internet service,Two year,Yes,Electronic check,93.24,6183.17,Yes
CUS-05372,Female,0,Yes,No,63,Yes,No phone service,DSL,No,Yes,No,Two year,Yes,Bank transfer (automatic),71.88,4720.44,No
CUS-05373,Female,0,No,No,56,Yes,Yes,Fiber optic,Yes,No,Yes,One year,Yes,Mailed check,49.74,2704.88,No
CUS-05374,Female,0,No,No,17,Yes,No,No,No,No,Yes,Month-to-month,Yes,Mailed check,80.79,1338.45,Yes
CUS-05375,Male,0,No,Yes,51,Yes,No,Fiber optic,Yes,Yes,No,Month-to-month,No,Bank transfer (automatic),46.72,2435.56,No
CUS-05376,Male,1,No,No,37,Yes,Yes,No,No,Yes,No internet service,Month-to-month,Yes,Mailed check,54.53,2069.23,Yes
CUS-05377,Male,0,Yes,No,9,Yes,No,DSL,No,Yes,Yes,Month-to-month,Yes,Credit card (automatic),55.58,495.63,No
CUS-05378,Male,0,Yes,Yes,38,Yes,No,Fiber optic,No,No,No,Month-to-month,No,Mailed check,40.65,1479.06,No
CUS-05379,Female,0,Yes,No,53,Yes,Yes,DSL,No,No,No internet service,One year,No,Bank transfer (automatic),62.09,3285.66,No
CUS-05380,Male,0,Yes,No,13,Yes,No phone service,DSL,Yes,No internet service,No,One year,No,Mailed check,99.53,1334.35,No
CUS-05381,Female,0,Yes,Yes,53,Yes,Yes,No,Yes,No,Yes,Month-to-month,Yes,Mailed check,115.1,6333.31,Yes
CUS-05382,Female,0,Yes,No,49,Yes,No phone service,DSL,No internet service,No internet service,No internet service,Month-to-month,No,Electronic check,39.94,1986.46,Yes
CUS-05383,Female,0,No,No,70,No,Yes,DSL,Yes,No internet service,No,Month-to-month,Yes,Credit card (automatic),111.88,7976.15,No
CUS-05384,Female,1,No,Yes,35,Yes,Yes,Fiber optic,No,Yes,Yes,Two year,No,Electronic check,45.79,1526.33,Yes
CUS-05385,Male,0,Yes,No,16,Yes,Yes,No,No internet service,Yes,Yes,Two year,Yes,Electronic check,64.99,1010.01,No
CUS-05386,Male,0,Yes,No,13,Yes,No,Fiber optic,No,No,No,Month-to-month,Yes,Electronic check,28.06,373.79,Yes
CUS-05387,Male,0,Yes,Yes,11,Yes,Yes,DSL,No,No internet service,No,One year,Yes,Mailed check,78.8,869.44,No
CUS-05388,Female,0,Yes,Yes,2,Yes,No phone service,DSL,Yes,No internet service,No,Month-to-month,Yes,Mailed check,69.08,139.36,Yes
CUS-05389,Female,0,Yes,No,19,Yes,No,DSL,Yes,No,No,Month-to-month,No,Electronic check,85.89,1682.56,No
CUS-05390,Female,0,No,No,45,Yes,No,DSL,No,Yes,No,One year,Yes,Bank transfer (automatic),78.04,3571.32,Yes
CUS-05391,Female,0,Yes,Yes,46,Yes,Yes,No,No,No internet service,Yes,Two year,Yes,Electronic check,116.14,5299.65,No
CUS-05392,Female,0,Yes,Yes,47,Yes,No,No,No internet service,No,No,Month-to-month,Yes,Electronic check,95.01,4677.14,Yes
CUS-05393,Male,0,Yes,No,49,Yes,No phone service,No,No,Yes,Yes,Month-to-month,Yes,Mailed check,114.55,5468.0,Yes
CUS-05394,Female,0,No,No,42,Yes,Yes,No,Yes,No internet service,Yes,Month-to-month,Yes,Mailed check,70.55,2915.67,Yes
CUS-05395,Male,1,No,No,33,No,Yes,No,No,No internet service,No internet service,Month-to-month,Yes,Electronic check,46.14,1548.14,Yes
CUS-05396,Female,0,No,No,41,Yes,No,No,Yes,Yes,Yes,Two year,No,Mailed check,71.2,2840.98,No
CUS-05397,Female,0,Yes,No,69,Yes,No phone service,No,Yes,Yes,Yes,One year,Yes,Mailed check,64.67,4408.91,No
CUS-05398,Male,0,Yes,No,19,No,No,No,No,No internet service,Yes,One year,No,Mailed check,60.72,1175.75,No
CUS-05399,Male,1,Yes,No,39,Yes,Yes,Fiber optic,No,No,No,Month-to-month,Yes,Bank transfer (automatic),58.11,2229.59,No
CUS-05400,Female,0,Yes,Yes,7,Yes,No,DSL,No,No internet service,Yes,One year,Yes,Mailed check,99.14,663.25,No
CUS-05401,Female,0,No,No,39,Yes,No phone service,Fiber optic,No internet service,No internet service,No,Month-to-month,Yes,Credit card (automatic),92.11,3613.84,No
CUS-05402,Female,0,Yes,No,34,No,Yes,Fiber optic,No,Yes,No internet service,Two year,No,Credit card (automatic),82.39,2876.93,No
CUS-05403,Female,0,Yes,Yes,44,Yes,Yes,Fiber optic,Yes,No,No internet service,Month-to-month,Yes,Electronic check,82.5,3718.16,Yes
CUS-05404,Male,0,No,Yes,69,Yes,Yes,Fiber optic,Yes,No,Yes,Month-to-month,Yes,Electronic check,55.39,3868.19,No
CUS-05405,Female,0,Yes,No,68,Yes,Yes,Fiber optic,No internet service,Yes,Yes,Month-to-month,No,Mailed check,61.83,4315.96,Yes
CUS-05406,Male,1,No,No,63,Yes,Yes,DSL,No internet service,Yes,Yes,Month-to-month,No,Mailed check,33.25,2031.77,Yes
CUS-05407,Female,0,Yes,No,71,Yes,Yes,DSL,No,No,Yes,Two year,Yes,Electronic check,75.9,5514.98,No
CUS-05408,Male,0,Yes,No,48,No,No,No,No,No,Yes,One year,Yes,Mailed check,32.02,1467.79,No
CUS-05409,Male,0,Yes,Yes,3,Yes,Yes,Fiber optic,No,No,No internet service,One year,Yes,Bank transfer (automatic),109.53,336.48,Yes
CUS-05410,Female,0,No,No,34,Yes,Yes,DSL,No internet service,Yes,Yes,Month-to-month,Yes,Mailed check,59.57,1934.38,No
CUS-05411,Male,0,Yes,Yes,9,Yes,No phone service,No,Yes,No,No,One year,No,Credit card (automatic),22.27,205.87,No
CUS-05412,Female,0,Yes,Yes,61,Yes,Yes,DSL,No internet service,No,No,Month-to-month,No,Mailed check,18.18,1151.67,Yes
CUS-05413,Male,0,Yes,Yes,20,Yes,Yes,Fiber optic,No internet service,No internet service,No,Month-to-month,Yes,Bank transfer (automatic),85.63,1768.95,No
CUS-05414,Female,0,No,No,40,Yes,Yes,DSL,No,No,No internet service,Month-to-month,No,Bank transfer (automatic),79.15,3118.05,No
CUS-05415,Male,0,No,Yes,12,Yes,No,No,No,No internet service,No internet service,Two year,Yes,Credit card (automatic),95.03,1194.54,Yes
CUS-05416,Female,0,Yes,No,28,Yes,No,Fiber optic,No,No,Yes,Month-to-month,Yes,Electronic check,92.94,2607.11,Yes
CUS-05417,Female,0,Yes,Yes,48,Yes,No,Fiber optic,Yes,No,Yes,Two year,Yes,Credit card (automatic),18.31,868.27,No
CUS-05418,Male,0,No,No,7,Yes,No,No,Yes,Yes,Yes,Two year,Yes,Mailed check,34.7,244.9,Yes
CUS-05419,Male,1,No,No,14,Yes,No,No,No internet service,No internet service,No,Month-to-month,Yes,Bank transfer (automatic),50.59,694.44,Yes
CUS-05420,Male,0,No,No,19,Yes,No,Fiber optic,No,No internet service,No internet service,Two year,No,Mailed check,24.15,444.09,No
CUS-05421,Male,0,Yes,No,54,Yes,Yes,No,No,No internet service,Yes,Two year,No,Electronic check,35.82,1869.16,No
CUS-05422,Female,0,Yes,No,60,Yes,Yes,Fiber optic,Yes,No,No internet service,One year,Yes,Mailed check,76.14,4417.4,No
CUS-05423,Male,0,No,No,67,Yes,No,Fiber optic,No,No,Yes,Month-to-month,Yes,Bank transfer (automatic),63.71,4152.59,No
CUS-05424,Female,0,No,No,34,Yes,No phone service,Fiber optic,No,No,No,Month-to-month,Yes,Credit card (automatic),104.06,3674.77,Yes
CUS-05425,Male,0,No,No,41,Yes,Yes,DSL,Yes,No internet service,No internet service,Month-to-month,Yes,Electronic check,40.39,1640.21,Yes
CUS-05426,Female,1,Yes,Yes,31,Yes,Yes,DSL,No,No,No internet service,Month-to-month,Yes,Mailed check,71.53,2106.58,No
CUS-05427,Female,0,No,No,39,Yes,No,No,Yes,No internet service,No,One year,Yes,Mailed check,104.17,3982.95,No
CUS-05428,Female,0,No,No,52,Yes,Yes,DSL,No,No,Yes,One year,Yes,Mailed check,24.04,1312.1,No
CUS-05429,Female,0,No,No,47,Yes,No,Fiber optic,No internet service,No internet service,No,One year,Yes,Credit card (automatic),105.01,5052.04,Yes
CUS-05430,Male,0,Yes,No,20,Yes,Yes,DSL,Yes,No,Yes,Month-to-month,Yes,Mailed check,52.4,1048.4,No
CUS-05431,Male,0,No,No,52,Yes,Yes,Fiber optic,Yes,No internet service,Yes,Month-to-month,No,Electronic check,103.95,5203.97,Yes
CUS-05432,Female,0,No,No,71,Yes,No,DSL,No,No,No internet service,Two year,No,Mailed check,86.18,6091.6,No
CUS-05433,Male,1,No,Yes,62,Yes,No,No,No,No,No,One year,No,Electronic check,85.28,5361.21,No
CUS-05434,Male,0,No,Yes,5,Yes,Yes,No,No,No,No,Two year,Yes,Mailed check,22.79,118.72,No
CUS-05435,Female,0,No,No,57,Yes,No,No,No,No internet service,No internet service,Month-to-month,Yes,Mailed check,112.12,6385.72,No
CUS-05436,Male,0,No,Yes,4,Yes,Yes,Fiber optic,Yes,No,Yes,Two year,No,Mailed check,61.11,245.62,Yes
CUS-05437,Male,0,Yes,Yes,11,Yes,No,No,No,No internet service,No,One year,Yes,Credit card (automatic),28.84,319.39,No
CUS-05438,Male,0,No,No,19,Yes,Yes,Fiber optic,Yes,Yes,No,Month-to-month,No,Credit card (automatic),94.68,1880.01,No
CUS-05439,Female,0,No,No,27,Yes,No,Fiber optic,Yes,Yes,No internet service,One year,Yes,Electronic check,104.68,2780.82,No
CUS-05440,Male,0,Yes,No,29,Yes,No,DSL,No,No,Yes,Two year,No,Electronic check,110.95,3333.56,No
CUS-05441,Female,0,Yes,No,18,Yes,Yes,No,No,No internet service,No,Month-to-month,Yes,Credit card (automatic),68.64,1227.04,Yes
CUS-05442,Male,1,Yes,No,37,Yes,Yes,DSL,Yes,Yes,No,Month-to-month,No,Mailed check,58.38,2212.08,No
CUS-05443,Male,0,No,Yes,61,Yes,No,Fiber optic,Yes,No,Yes,Two year,Yes,Electronic check,76.34,4648.88,No
CUS-05444,Male,0,Yes,Yes,47,Yes,Yes,No,No,No,No,Two year,Yes,Bank transfer (automatic),47.68,2253.12,No
CUS-05445,Female,0,No,Yes,20,Yes,No,Fiber optic,No,No,No,One year,No,Electronic check,57.28,1126.03,No
CUS-05446,Female,0,No,Yes,70,Yes,Yes,DSL,Yes,Yes,Yes,Month-to-month,Yes,Bank transfer (automatic),71.9,4990.04,No
CUS-05447,Male,0,No,No,49,Yes,No phone service,Fiber optic,Yes,Yes,No internet service,Month-to-month,Yes,Credit card (automatic),100.44,4934.03,Yes
CUS-05448,Female,0,Yes,No,15,Yes,No phone service,Fiber optic,No,No,No,One year,Yes,Electronic check,103.35,1566.42,No
CUS-05449,Male,0,Yes,No,18,Yes,Yes,DSL,Yes,No,Yes,Month-to-month,Yes,Mailed check,31.12,552.9,No
CUS-05450,Female,0,Yes,No,38,Yes,No,Fiber optic,No,Yes,Yes,Two year,Yes,Mailed check,31.39,1232.68,Yes
CUS-05451,Female,0,Yes,No,22,Yes,No,No,No,No internet service,Yes,One year,Yes,Credit card (automatic),36.42,818.79,No
CUS-05452,Male,0,No,No,60,Yes,No,No,No internet service,No internet service,No internet service,Month-to-month,No,Bank transfer (automatic),77.64,4635.82,Yes
CUS-05453,Male,0,No,Yes,66,Yes,No,Fiber optic,No internet service,No,No internet service,Month-to-month,Yes,Electronic check,38.28,2585.83,Yes
CUS-05454,Male,0,Yes,No,26,Yes,Yes,DSL,No,No,No internet service,Month-to-month,No,Electronic check,79.26,1959.1,Yes
CUS-05455,Male,0,No,No,64,Yes,Yes,Fiber optic,No,Yes,No,One year,No,Electronic check,90.54,5848.77,No
CUS-05456,Female,0,Yes,Yes,58,No,No,Fiber optic,No,No,No internet service,Month-to-month,No,Electronic check,103.85,6038.61,Yes
CUS-05457,Female,0,Yes,No,3,Yes,No,No,No,No internet service,No internet service,Month-to-month,No,Electronic check,104.73,314.65,Yes
CUS-05458,Female,0,No,No,30,No,No,No,No,No internet service,Yes,One year,No,Electronic check,39.47,1196.36,Yes
CUS-05459,Male,0,Yes,Yes,19,Yes,Yes,No,No internet service,Yes,No,Month-to-month,Yes,Electronic check,49.22,963.46,Yes
CUS-05460,Male,0,No,No,10,Yes,No,Fiber optic,No internet service,Yes,No internet service,Month-to-month,Yes,Mailed check,36.17,345.28,Yes
CUS-05461,Female,0,No,Yes,46,Yes,No,Fiber optic,No,No internet service,Yes,Month-to-month,Yes,Electronic check,86.05,3819.3,Yes
CUS-05462,Male,0,No,No,19,Yes,No,DSL,No internet service,Yes,No,Two year,Yes,Credit card (automatic),86.68,1566.16,No
CUS-05463,Female,0,Yes,No,58,Yes,No phone service,Fiber optic,No,No,No,Month-to-month,No,Bank transfer (automatic),18.4,1039.22,Yes
CUS-05464,Female,0,Yes,Yes,6,Yes,Yes,No,No,Yes,No,Month-to-month,Yes,Electronic check,34.48,216.76,Yes
CUS-05465,Female,0,Yes,Yes,51,Yes,No,Fiber optic,No,No internet service,No,One year,No,Electronic check,51.48,2592.25,No
CUS-05466,Female,0,No,No,14,Yes,No,Fiber optic,No,Yes,No,Month-to-month,Yes,Credit card (automatic),38.72,546.24,No
CUS-05467,Female,0,Yes,No,58,Yes,Yes,DSL,No internet service,No,No,Month-to-month,Yes,Electronic check,73.13,4449.42,Yes
CUS-05468,Male,0,Yes,No,8,Yes,Yes,DSL,No,Yes,Yes,One year,No,Electronic check,22.04,178.56,No
CUS-05469,Male,0,No,No,2,Yes,Yes,Fiber optic,No,Yes,No internet service,Month-to-month,Yes,Electronic check,100.62,194.62,Yes
CUS-05470,Male,0,No,No,18,Yes,No,No,No,No,No,Month-to-month,No,Bank transfer (automatic),64.61,1198.46,No
CUS-05471,Female,0,No,Yes,57,Yes,No,DSL,No,Yes,No internet service,Month-to-month,Yes,Mailed check,77.38,4433.57,No
CUS-05472,Female,0,No,No,35,Yes,No,DSL,Yes,Yes,Yes,Month-to-month,No,Electronic check,75.98,2791.03,No
CUS-05473,Female,0,Yes,No,66,Yes,Yes,Fiber optic,Yes,Yes,Yes,One year,Yes,Mailed check,63.07,4268.79,No
CUS-05474,Female,1,Yes,No,56,Yes,No phone service,DSL,No internet service,Yes,Yes,Month-to-month,No,Electronic check,74.74,4392.54,Yes
CUS-05475,Male,0,Yes,Yes,43,Yes,Yes,DSL,No internet service,No internet service,No,Month-to-month,Yes,Electronic check,25.61,1144.26,No
CUS-05476,Male,0,Yes,Yes,8,Yes,No,DSL,No internet service,No,Yes,Month-to-month,No,Electronic check,56.45,437.25,Yes
CUS-05477,Female,0,No,No,5,No,No,Fiber optic,Yes,No internet service,No,Month-to-month,No,Electronic check,88.99,455.99,No
CUS-05478,Female,0,Yes,Yes,13,Yes,Yes,Fiber optic,No,No,No,Month-to-month,No,Bank transfer (automatic),54.62,709.93,Yes
CUS-05479,Female,0,No,No,7,Yes,No,No,No,Yes,Yes,Month-to-month,Yes,Bank transfer (automatic),43.4,292.55,No
CUS-05480,Male,0,Yes,No,21,Yes,Yes,Fiber optic,No,No,No,Month-to-month,No,Bank transfer (automatic),74.51,1575.32,No
CUS-05481,Male,0,Yes,Yes,37,Yes,Yes,Fiber optic,No,Yes,No internet service,Month-to-month,No,Bank transfer (automatic),65.66,2330.71,No
CUS-05482,Male,1,No,No,45,Yes,No,DSL,Yes,No,Yes,One year,Yes,Electronic check,71.34,3294.41,No
CUS-05483,Female,0,Yes,No,52,Yes,Yes,Fiber optic,Yes,Yes,No,Two year,Yes,Mailed check,113.84,5837.54,Yes
CUS-05484,Female,0,No,Yes,48,Yes,No,Fiber optic,Yes,No,No,Two year,Yes,Mailed check,33.0,1632.94,No
CUS-05485,Male,0,No,No,62,Yes,Yes,DSL,No,No internet service,No,Month-to-month,Yes,Mailed check,79.65,5028.31,No
CUS-05486,Female,0,No,Yes,51,Yes,No,Fiber optic,No,No internet service,No,Month-to-month,No,Credit card (automatic),21.06,1114.7,Yes
CUS-05487,Male,0,Yes,Yes,4,No,Yes,DSL,No internet service,No,Yes,Month-to-month,No,Credit card (automatic),82.72,320.49,Yes
CUS-05488,Female,0,No,Yes,56,Yes,No,Fiber optic,Yes,No,No internet service,Month-to-month,Yes,Electronic check,37.73,2143.54,No
CUS-05489,Male,1,Yes,No,34,Yes,Yes,Fiber optic,No,Yes,Yes,One year,Yes,Mailed check,98.69,3477.56,Yes
CUS-05490,Female,0,No,No,45,Yes,No,Fiber optic,No internet service,No,No internet service,Two year,Yes,Electronic check,44.97,1968.57,No
CUS-05491,Male,0,Yes,No,16,Yes,No,No,No,No internet service,Yes,Two year,Yes,Bank transfer (automatic),58.11,956.09,No
CUS-05492,Male,1,Yes,Yes,9,No,Yes,No,Yes,No,Yes,Month-to-month,Yes,Bank transfer (automatic),69.58,612.75,Yes
CUS-05493,Male,0,No,No,16,Yes,No,No,No,No internet service,Yes,Month-to-month,Yes,Credit card (automatic),79.0,1303.88,No
CUS-05494,Male,0,Yes,No,31,No,Yes,No,No,No internet service,No internet service,Month-to-month,No,Mailed check,47.91,1487.52,Yes
CUS-05495,Male,0,No,No,13,Yes,Yes,DSL,Yes,No internet service,No,Month-to-month,Yes,Bank transfer (automatic),33.67,444.98,Yes
CUS-05496,Male,0,Yes,Yes,5,Yes,Yes,Fiber optic,No internet service,No,No internet service,One year,No,Electronic check,81.52,402.29,No
CUS-05497,Female,0,No,Yes,47,Yes,Yes,DSL,No,Yes,No,One year,No,Bank transfer (automatic),62.19,3018.18,No
CUS-05498,Female,0,No,No,39,Yes,No phone service,DSL,No,No,Yes,One year,Yes,Electronic check,23.76,891.72,Yes
CUS-05499,Female,0,Yes,Yes,18,Yes,Yes,Fiber optic,No,Yes,No internet service,Two year,No,Electronic check,71.69,1250.86,No
CUS-05500,Male,0,No,Yes,20,No,No,No,No internet service,No,Yes,Month-to-month,Yes,Mailed check,64.71,1241.12,Yes
CUS-05501,Male,0,No,No,2,Yes,No,Fiber optic,No,Yes,Yes,Month-to-month,No,Credit card (automatic),69.23,144.68,No
CUS-05502,Female,0,No,No,40,Yes,Yes,Fiber optic,No,No internet service,Yes,Month-to-month,No,Credit card (automatic),28.71,1144.53,Yes
CUS-05503,Male,1,Yes,No,30,Yes,No phone service,Fiber optic,No internet service,No internet service,Yes,Month-to-month,Yes,Bank transfer (automatic),65.3,1954.59,No
CUS-05504,Male,0,No,Yes,10,Yes,No phone service,Fiber optic,No internet service,No,Yes,Month-to-month,Yes,Electronic check,92.53,906.93,Yes
CUS-05505,Male,0,Yes,No,64,Yes,No phone service,No,Yes,Yes,Yes,Month-to-month,No,Bank transfer (automatic),31.27,1995.22,Yes
CUS-05506,Male,0,Yes,No,42,Yes,No,DSL,No,No internet service,Yes,One year,No,Electronic check,80.36,3285.71,No
CUS-05507,Male,0,Yes,No,53,Yes,Yes,No,Yes,No internet service,No,One year,Yes,Mailed check,35.79,1982.54,No
CUS-05508,Female,0,No,Yes,53,Yes,Yes,DSL,Yes,No,Yes,Month-to-month,Yes,Electronic check,48.91,2530.91,No
CUS-05509,Female,0,No,No,40,Yes,No,No,No internet service,No internet service,No,Two year,No,Credit card (automatic),54.27,2263.16,No
CUS-05510,Female,0,Yes,No,16,Yes,Yes,DSL,No,Yes,Yes,Month-to-month,No,Bank transfer (automatic),94.34,1507.65,No
CUS-05511,Female,0,No,No,48,Yes,No,Fiber optic,No,No,No internet service,One year,No,Electronic check,40.61,1937.03,No
CUS-05512,Female,0,No,No,61,Yes,No,No,Yes,No,Yes,One year,No,Credit card (automatic),44.37,2788.8,No
CUS-05513,Male,0,Yes,Yes,38,Yes,Yes,Fiber optic,No internet service,Yes,No internet service,Month-to-month,Yes,Mailed check,105.01,3988.23,No
CUS-05514,Male,0,No,Yes,44,Yes,Yes,Fiber optic,No internet service,No,No,Month-to-month,No,Bank transfer (automatic),92.34,3968.25,No
CUS-05515,Male,0,Yes,Yes,15,Yes,No phone service,Fiber optic,No,No internet service,No,One year,Yes,Bank transfer (automatic),68.62,1022.62,No
CUS-05516,Male,0,Yes,No,61,Yes,Yes,DSL,No,Yes,Yes,Two year,No,Credit card (automatic),49.6,3007.34,No
CUS-05517,Female,0,Yes,No,7,Yes,Yes,DSL,No,No internet service,Yes,Month-to-month,Yes,Mailed check,97.17,666.26,Yes
CUS-05518,Female,1,No,No,30,Yes,Yes,DSL,No,Yes,No internet service,Two year,No,Credit card (automatic),74.26,2210.07,No
CUS-05519,Female,0,No,Yes,36,Yes,Yes,DSL,Yes,No,No,Month-to-month,Yes,Electronic check,51.04,1767.64,Yes
CUS-05520,Male,0,Yes,No,11,Yes,Yes,No,No,No internet service,No,One year,No,Credit card (automatic),49.48,568.24,No
CUS-05521,Female,0,Yes,Yes,70,Yes,Yes,No,No,Yes,No internet service,Two year,Yes,Mailed check,63.73,4523.55,No
CUS-05522,Male,0,No,No,29,Yes,Yes,DSL,No,No,Yes,Month-to-month,No,Bank transfer (automatic),112.87,3172.8,No
CUS-05523,Female,0,No,Yes,6,Yes,No,No,No,No,Yes,Month-to-month,Yes,Credit card (automatic),82.33,508.28,No
CUS-05524,Female,0,No,No,51,Yes,Yes,DSL,No internet service,No,No,Month-to-month,Yes,Electronic check,85.94,4280.54,Yes
CUS-05525,Male,0,No,No,38,Yes,Yes,DSL,No,No,No,Month-to-month,No,Bank transfer (automatic),56.69,2174.96,No
CUS-05526,Male,0,No,No,22,Yes,No,Fiber optic,No,Yes,No,Two year,No,Credit card (automatic),115.66,2649.97,No
CUS-05527,Female,1,No,No,54,Yes,No,DSL,No internet service,Yes,No internet service,Month-to-month,No,Credit card (automatic),58.7,3253.89,No
CUS-05528,Female,1,No,Yes,40,Yes,Yes,DSL,No,No internet service,Yes,Two year,Yes,Electronic check,19.2,738.97,No
CUS-05529,Male,0,Yes,No,7,Yes,No,Fiber optic,No,Yes,No,One year,Yes,Electronic check,98.12,689.99,Yes
CUS-05530,Female,0,No,No,40,Yes,Yes,No,No,Yes,No,Month-to-month,No,Mailed check,69.29,2829.16,No
CUS-05531,Female,0,Yes,No,24,Yes,Yes,Fiber optic,No,Yes,No internet service,Month-to-month,No,Bank transfer (automatic),33.02,768.87,No
CUS-05532,Male,1,Yes,Yes,41,Yes,No,DSL,Yes,Yes,Yes,One year,Yes,Bank transfer (automatic),20.29,798.66,No
CUS-05533,Female,0,Yes,No,51,No,Yes,Fiber optic,No,Yes,No,One year,Yes,Bank transfer (automatic),117.22,5767.8,No
CUS-05534,Male,0,No,Yes,39,No,No,Fiber optic,No internet service,Yes,Yes,Month-to-month,No,Bank transfer (automatic),82.74,3376.33,No
CUS-05535,Female,1,No,No,43,Yes,No,Fiber optic,No,Yes,No,Two year,No,Electronic check,64.58,2872.76,No
CUS-05536,Male,0,No,Yes,69,Yes,Yes,No,No,Yes,Yes,Month-to-month,Yes,Mailed check,51.39,3672.83,Yes
CUS-05537,Female,0,Yes,No,59,Yes,Yes,No,No,Yes,No internet service,Month-to-month,No,Bank transfer (automatic),25.22,1450.22,Yes
CUS-05538,Male,0,No,No,25,Yes,Yes,No,No internet service,Yes,No,Month-to-month,Yes,Bank transfer (automatic),82.53,2075.27,No
CUS-05539,Female,1,Yes,Yes,25,Yes,Yes,Fiber optic,No,No,No,Two year,Yes,Electronic check,54.9,1370.79,Yes
CUS-05540,Male,0,No,No,24,Yes,No,Fiber optic,No,No,No internet service,Month-to-month,Yes,Bank transfer (automatic),116.97,2901.13,Yes
CUS-05541,Female,0,Yes,No,62,Yes,Yes,Fiber optic,No,No,No,Month-to-month,Yes,Credit card (automatic),28.85,1774.7,No
CUS-05542,Female,0,No,Yes,43,Yes,Yes,Fiber optic,No,No,No,Month-to-month,Yes,Bank transfer (automatic),42.61,1839.17,Yes
CUS-05543,Female,0,No,Yes,59,Yes,No,DSL,Yes,No,Yes,Month-to-month,Yes,Bank transfer (automatic),58.34,3469.97,Yes
CUS-05544,Female,0,No,No,54,Yes,Yes,Fiber optic,Yes,No,No,One year,No,Electronic check,97.74,5210.06,No
CUS-05545,Female,0,No,No,26,Yes,Yes,DSL,Yes,No internet service,Yes,Month-to-month,Yes,Credit card (automatic),95.7,2372.23,Yes
CUS-05546,Female,1,No,No,54,No,Yes,No,No,No,No internet service,One year,Yes,Bank transfer (automatic),42.42,2289.59,No
CUS-05547,Female,0,Yes,No,61,Yes,No,DSL,No,Yes,No internet service,Two year,Yes,Mailed check,54.13,3299.71,Yes
CUS-05548,Female,1,No,No,44,Yes,Yes,No,No,No,Yes,Month-to-month,No,Credit card (automatic),23.91,1003.74,Yes
CUS-05549,Female,0,Yes,Yes,9,Yes,No,Fiber optic,No,No,No internet service,Two year,No,Bank transfer (automatic),55.84,501.87,Yes
CUS-05550,Male,0,Yes,No,42,Yes,Yes,Fiber optic,Yes,No,No,Two year,Yes,Mailed check,34.83,1464.49,No
CUS-05551,Male,0,Yes,No,29,No,No,DSL,No,No,No,Month-to-month,Yes,Electronic check,109.96,3072.28,No
CUS-05552,Female,0,No,No,58,Yes,Yes,Fiber optic,Yes,No,No,Month-to-month,Yes,Mailed check,98.8,5526.4,Yes
CUS-05553,Male,0,Yes,No,63,Yes,Yes,DSL,No,Yes,No,Month-to-month,No,Electronic check,34.51,2269.04,Yes
CUS-05554,Female,0,Yes,No,49,Yes,No,Fiber optic,No,No,No internet service,Two year,Yes,Electronic check,67.08,3185.15,No
CUS-05555,Female,0,No,Yes,11,Yes,No,DSL,Yes,No internet service,No internet service,Month-to-month,Yes,Electronic check,113.83,1228.61,No
CUS-05556,Male,0,No,No,54,Yes,Yes,Fiber optic,No,No,No,Two year,Yes,Mailed check,59.06,3124.71,Yes
CUS-05557,Female,1,Yes,No,30,No,No,No,No internet service,Yes,No,Month-to-month,Yes,Bank transfer (automatic),62.81,1913.99,Yes
CUS-05558,Female,0,No,No,66,Yes,Yes,Fiber optic,No,No,Yes,Month-to-month,No,Mailed check,52.15,3490.76,Yes
CUS-05559,Male,0,Yes,Yes,65,Yes,No,DSL,No,No internet service,Yes,One year,Yes,Bank transfer (automatic),67.23,4550.31,No
CUS-05560,Male,0,No,No,58,No,No,Fiber optic,Yes,No internet service,No,One year,No,Bank transfer (automatic),77.66,4460.49,No
CUS-05561,Female,0,No,No,57,Yes,No,No,No,No,Yes,Month-to-month,Yes,Bank transfer (automatic),27.0,1582.1,Yes
CUS-05562,Male,0,No,Yes,37,Yes,No,Fiber optic,No internet service,No,No,Month-to-month,Yes,Mailed check,27.25,995.89,Yes
CUS-05563,Male,0,No,Yes,54,Yes,Yes,DSL,No,No,No,Month-to-month,Yes,Bank transfer (automatic),94.9,4991.38,Yes
CUS-05564,Female,0,Yes,No,69,No,No,DSL,Yes,No,No,Month-to-month,Yes,Credit card (automatic),116.28,8337.25,Yes
CUS-05565,Male,1,Yes,Yes,24,Yes,No,Fiber optic,No,No,No,One year,No,Bank transfer (automatic),67.12,1608.25,No
CUS-05566,Male,0,No,No,63,No,No phone service,DSL,Yes,Yes,No,One year,Yes,Bank transfer (automatic),104.14,6488.99,No
CUS-05567,Female,0,Yes,No,51,Yes,Yes,Fiber optic,No internet service,No internet service,Yes,One year,Yes,Electronic check,104.9,5566.91,No
CUS-05568,Male,0,No,No,15,Yes,No,Fiber optic,No internet service,No internet service,No,Month-to-month,Yes,Mailed check,54.96,860.62,Yes
CUS-05569,Male,0,Yes,No,47,Yes,No,DSL,No,No,Yes,Month-to-month,Yes,Mailed check,50.89,2380.21,No
CUS-05570,Female,0,Yes,No,46,Yes,No,Fiber optic,No internet service,Yes,No,One year,Yes,Mailed check,90.96,3983.19,No
CUS-05571,Female,0,No,No,30,Yes,No phone service,No,Yes,No,No,One year,Yes,Mailed check,109.05,3118.55,No
CUS-05572,Female,1,Yes,No,20,No,No,Fiber optic,Yes,No,Yes,Two year,No,Bank transfer (automatic),103.36,2089.74,No
CUS-05573,Male,0,Yes,No,57,Yes,No,DSL,No,No,Yes,Month-to-month,No,Bank transfer (automatic),49.93,2946.2,Yes
CUS-05574,Female,0,Yes,No,49,Yes,Yes,Fiber optic,No,No,Yes,Month-to-month,No,Credit card (automatic),53.5,2719.87,Yes
CUS-05575,Female,1,No,No,56,Yes,Yes,DSL,No,Yes,No internet service,Month-to-month,No,Bank transfer (automatic),91.62,5336.54,Yes
CUS-05576,Male,0,Yes,No,56,Yes,Yes,No,No,No internet service,No,Month-to-month,Yes,Credit card (automatic),49.74,2871.1,No
CUS-05577,Female,0,Yes,No,25,Yes,Yes,No,Yes,No,No,Two year,Yes,Bank transfer (automatic),103.2,2676.04,No
CUS-05578,Female,0,Yes,No,9,No,Yes,No,No internet service,Yes,No internet service,Month-to-month,No,Mailed check,68.93,641.56,Yes
CUS-05579,Female,0,Yes,No,22,Yes,Yes,Fiber optic,Yes,No,Yes,Two year,Yes,Bank transfer (automatic),47.27,1075.32,No
CUS-05580,Female,0,Yes,No,37,Yes,No,Fiber optic,No,No,No internet service,One year,No,Bank transfer (automatic),46.64,1695.91,No
CUS-05581,Male,0,No,No,28,Yes,No,No,Yes,Yes,No,Month-to-month,No,Bank transfer (automatic),96.39,2670.23,No
CUS-05582,Female,0,No,No,14,Yes,No,DSL,Yes,No internet service,No internet service,Month-to-month,No,Credit card (automatic),30.47,418.78,No
CUS-05583,Female,0,Yes,Yes,30,Yes,No,DSL,Yes,No,Yes,Month-to-month,Yes,Credit card (automatic),111.19,3220.48,Yes
CUS-05584,Male,1,No,No,39,Yes,No,Fiber optic,No,No internet service,Yes,Month-to-month,No,Electronic check,59.34,2275.39,Yes
CUS-05585,Female,0,No,No,57,Yes,Yes,No,No,No,Yes,Month-to-month,Yes,Electronic check,102.39,6074.0,Yes
CUS-05586,Male,0,Yes,Yes,5,Yes,No,Fiber optic,No,No,No,Month-to-month,Yes,Bank transfer (automatic),97.23,509.05,No
CUS-05587,Male,0,Yes,No,12,No,Yes,Fiber optic,No,No,Yes,One year,No,Electronic check,95.93,1110.92,Yes
CUS-05588,Male,0,No,Yes,35,Yes,No phone service,Fiber optic,No internet service,No internet service,No internet service,One year,Yes,Credit card (automatic),85.45,3039.21,No
CUS-05589,Female,0,No,No,41,Yes,No,Fiber optic,Yes,No,Yes,Month-to-month,Yes,Credit card (automatic),67.94,2915.61,No
CUS-05590,Male,0,Yes,No,63,Yes,Yes,DSL,Yes,Yes,Yes,Two year,Yes,Bank transfer (automatic),56.99,3485.05,Yes
CUS-05591,Male,0,Yes,Yes,42,Yes,Yes,Fiber optic,No,No internet service,Yes,One year,Yes,Credit card (automatic),76.08,3304.02,Yes
CUS-05592,Male,0,Yes,Yes,65,Yes,Yes,Fiber optic,No,Yes,No,Two year,No,Credit card (automatic),70.7,4501.97,No
CUS-05593,Female,0,Yes,No,65,Yes,Yes,Fiber optic,Yes,No internet service,No internet service,Month-to-month,No,Credit card (automatic),53.1,3420.55,Yes
CUS-05594,Female,0,No,Yes,43,No,Yes,Fiber optic,No,Yes,No internet service,Month-to-month,No,Bank transfer (automatic),67.32,3015.25,Yes
CUS-05595,Female,0,No,Yes,60,Yes,No,Fiber optic,No,No,Yes,One year,No,Mailed check,54.51,3126.08,Yes
CUS-05596,Female,0,No,Yes,20,Yes,Yes,No,No,No,Yes,Two year,Yes,Electronic check,83.79,1667.17,No
CUS-05597,Female,0,Yes,Yes,63,Yes,No,Fiber optic,No,No,No,Month-to-month,No,Electronic check,101.5,6398.15,Yes
CUS-05598,Female,0,Yes,Yes,24,Yes,No,Fiber optic,No,No internet service,No,One year,Yes,Credit card (automatic),96.69,2413.6,Yes
CUS-05599,Female,0,Yes,No,35,Yes,No,No,No internet service,No,Yes,Two year,Yes,Electronic check,52.07,1835.9,No
CUS-05600,Male,0,No,No,41,Yes,Yes,No,Yes,No,No internet service,Month-to-month,No,Electronic check,68.94,2952.35,Yes
CUS-05601,Male,1,No,Yes,16,Yes,Yes,Fiber optic,No,No,Yes,Two year,Yes,Bank transfer (automatic),19.07,299.56,No
CUS-05602,Male,1,Yes,Yes,6,Yes,Yes,DSL,Yes,Yes,No,Month-to-month,Yes,Electronic check,105.03,629.78,Yes
CUS-05603,Male,1,Yes,No,20,Yes,No,DSL,No,No,Yes,Month-to-month,Yes,Credit card (automatic),42.54,810.19,No
CUS-05604,Female,0,No,Yes,56,Yes,No,DSL,No internet service,No,No,Month-to-month,Yes,Credit card (automatic),62.11,3648.17,No
CUS-05605,Male,0,No,No,8,Yes,No,DSL,Yes,No,No,One year,No,Bank transfer (automatic),33.26,258.98,No
CUS-05606,Male,0,Yes,Yes,6,Yes,Yes,Fiber optic,No,No internet service,No internet service,Two year,No,Credit card (automatic),85.81,536.94,Yes
CUS-05607,Male,1,Yes,Yes,8,Yes,Yes,No,No internet service,Yes,No,Month-to-month,Yes,Mailed check,72.53,574.45,Yes
CUS-05608,Male,0,Yes,Yes,62,Yes,No,Fiber optic,No,No internet service,No internet service,Two year,No,Credit card (automatic),54.48,3264.67,No
CUS-05609,Female,0,No,Yes,14,Yes,No,DSL,No,No internet service,Yes,One year,No,Credit card (automatic),71.52,993.26,No
CUS-05610,Female,0,No,No,3,Yes,No phone service,DSL,No internet service,No internet service,No,Month-to-month,Yes,Electronic check,34.87,102.77,No
CUS-05611,Female,0,No,Yes,2,Yes,No phone service,Fiber optic,Yes,Yes,No,Two year,No,Credit card (automatic),95.56,199.76,No
CUS-05612,Male,0,No,No,22,Yes,No,Fiber optic,Yes,No internet service,No internet service,One year,Yes,Bank transfer (automatic),44.6,1007.81,No
CUS-05613,Female,0,No,No,70,Yes,Yes,No,No internet service,Yes,No,Two year,No,Electronic check,79.5,5402.19,Yes
CUS-05614,Male,0,Yes,No,71,Yes,Yes,No,No,No,No,Month-to-month,No,Mailed check,107.94,7694.48,No
CUS-05615,Female,0,Yes,Yes,6,Yes,Yes,No,No internet service,No internet service,No,Two year,Yes,Electronic check,21.86,133.39,No
CUS-05616,Female,0,Yes,Yes,50,Yes,No phone service,Fiber optic,No,No,No internet service,Month-to-month,No,Bank transfer (automatic),56.75,2860.01,No
CUS-05617,Female,0,Yes,No,44,Yes,Yes,Fiber optic,No internet service,No,Yes,Month-to-month,Yes,Bank transfer (automatic),31.49,1443.3,No
CUS-05618,Female,1,No,Yes,8,Yes,No,DSL,No,No,Yes,Month-to-month,No,Credit card (automatic),108.87,837.25,Yes
CUS-05619,Female,0,No,No,24,No,No phone service,DSL,No,No,No,Month-to-month,No,Bank transfer (automatic),54.01,1236.67,Yes
CUS-05620,Male,0,No,No,27,Yes,No,DSL,No,No,Yes,Month-to-month,Yes,Mailed check,39.33,1073.8,No
CUS-05621,Female,0,Yes,No,53,Yes,No,DSL,Yes,No internet service,No,Month-to-month,Yes,Electronic check,85.65,4650.81,Yes
CUS-05622,Male,0,Yes,Yes,51,Yes,Yes,DSL,Yes,Yes,Yes,Month-to-month,No,Bank transfer (automatic),72.32,3802.46,No
CUS-05623,Male,0,Yes,No,28,Yes,Yes,No,No,Yes,Yes,Two year,No,Mailed check,99.69,2710.69,No
CUS-05624,Male,0,No,No,59,Yes,No,Fiber optic,No internet service,Yes,No,Two year,No,Credit card (automatic),93.31,5334.69,No
CUS-05625,Male,0,Yes,No,69,Yes,No phone service,No,No,Yes,Yes,Two year,No,Electronic check,115.47,8237.19,No
CUS-05626,Male,0,Yes,Yes,25,Yes,No phone service,No,No internet service,Yes,Yes,Month-to-month,Yes,Electronic check,27.05,665.26,No
CUS-05627,Female,0,Yes,No,44,Yes,Yes,No,No internet service,Yes,Yes,Month-to-month,No,Bank transfer (automatic),26.03,1163.61,No
CUS-05628,Female,0,No,No,47,Yes,Yes,No,No,No,Yes,Month-to-month,No,Credit card (automatic),108.74,4932.32,No
CUS-05629,Female,0,No,No,13,Yes,No,Fiber optic,No internet service,Yes,No internet service,Month-to-month,Yes,Electronic check,113.57,1520.85,Yes
CUS-05630,Female,0,No,No,53,Yes,No,Fiber optic,Yes,No,No,One year,No,Electronic check,58.66,3252.27,Yes
CUS-05631,Male,0,No,No,53,No,Yes,Fiber optic,No,Yes,No internet service,Month-to-month,No,Credit card (automatic),63.59,3529.23,No
CUS-05632,Female,0,No,Yes,37,Yes,Yes,No,No,No internet service,No,One year,Yes,Electronic check,54.87,2034.05,No
CUS-05633,Female,0,Yes,No,63,Yes,No phone service,No,Yes,No,No internet service,Month-to-month,No,Bank transfer (automatic),95.77,5876.21,Yes
CUS-05634,Male,0,Yes,No,66,Yes,No phone service,No,No internet service,Yes,No,Two year,Yes,Electronic check,95.08,6050.0,No
CUS-05635,Male,0,No,Yes,40,Yes,No,Fiber optic,Yes,No internet service,Yes,Two year,No,Electronic check,40.04,1560.88,No
CUS-05636,Female,0,No,No,61,Yes,No,Fiber optic,No,No,Yes,Two year,No,Electronic check,56.39,3481.63,No
CUS-05637,Female,0,Yes,No,6,Yes,Yes,No,Yes,No internet service,No,One year,No,Bank transfer (automatic),39.24,233.93,No
CUS-05638,Male,0,Yes,Yes,25,Yes,No,No,No,No,Yes,Month-to-month,Yes,Bank transfer (automatic),22.66,565.22,Yes
CUS-05639,Female,0,No,Yes,46,Yes,Yes,Fiber optic,No,No,Yes,Month-to-month,No,Electronic check,23.61,1083.27,No
CUS-05640,Female,1,Yes,No,31,Yes,Yes,Fiber optic,No,No,Yes,One year,Yes,Electronic check,32.68,1042.81,Yes
CUS-05641,Female,0,No,No,63,Yes,Yes,No,No,No,No,Month-to-month,No,Credit card (automatic),20.99,1366.19,Yes
CUS-05642,Female,0,Yes,No,68,Yes,Yes,Fiber optic,No,No,No,Month-to-month,No,Bank transfer (automatic),60.32,3902.4,No
CUS-05643,Male,0,Yes,Yes,39,Yes,No,No,No,No,No internet service,One year,Yes,Bank transfer (automatic),24.4,991.4,No
CUS-05644,Male,0,Yes,Yes,36,Yes,No phone service,DSL,Yes,No,Yes,Month-to-month,Yes,Electronic check,102.74,3657.37,No
CUS-05645,Male,0,No,No,7,No,No,Fiber optic,No,No,Yes,Two year,No,Electronic check,89.21,608.28,Yes
CUS-05646,Female,0,No,No,66,Yes,No,Fiber optic,No internet service,No,No,One year,Yes,Mailed check,96.36,6675.21,No
CUS-05647,Female,0,Yes,Yes,55,Yes,Yes,Fiber optic,No,No,Yes,One year,Yes,Mailed check,79.75,4220.68,Yes
CUS-05648,Female,0,No,No,42,Yes,No,DSL,No,No,No,Two year,No,Mailed check,84.39,3480.95,No
CUS-05649,Female,0,Yes,No,27,Yes,No,DSL,Yes,No,No,Month-to-month,No,Bank transfer (automatic),29.34,824.43,Yes
CUS-05650,Female,0,Yes,Yes,2,Yes,No,No,No,Yes,No,Two year,Yes,Bank transfer (automatic),23.82,47.52,No
CUS-05651,Male,0,No,Yes,70,No,Yes,DSL,No internet service,No,No,Month-to-month,No,Mailed check,116.92,8532.9,Yes
CUS-05652,Female,0,Yes,Yes,4,Yes,No,DSL,No internet service,No internet service,Yes,Two year,Yes,Electronic check,55.29,215.44,Yes
CUS-05653,Female,0,No,No,21,Yes,Yes,Fiber optic,Yes,No,Yes,Two year,No,Bank transfer (automatic),23.13,481.23,No
CUS-05654,Male,0,No,Yes,1,Yes,Yes,Fiber optic,No,No,Yes,Month-to-month,No,Electronic check,33.96,32.44,Yes
CUS-05655,Female,0,No,No,38,Yes,No,No,No,No,No,One year,Yes,Mailed check,105.42,3987.64,Yes
CUS-05656,Male,1,No,No,60,Yes,Yes,Fiber optic,No,No,Yes,One year,Yes,Electronic check,38.58,2199.17,Yes
CUS-05657,Male,0,No,No,14,Yes,No,Fiber optic,No,No internet service,Yes,Two year,Yes,Mailed check,64.7,889.21,No
CUS-05658,Male,0,Yes,Yes,17,Yes,No,Fiber optic,No,Yes,Yes,Month-to-month,No,Bank transfer (automatic),84.75,1471.74,Yes
CUS-05659,Male,0,Yes,No,47,Yes,Yes,No,No internet service,Yes,Yes,One year,Yes,Bank transfer (automatic),114.59,5506.45,No
CUS-05660,Male,0,Yes,No,56,Yes,No phone service,DSL,No internet service,No internet service,Yes,Two year,Yes,Bank transfer (automatic),19.41,1079.11,No
CUS-05661,Female,0,No,No,53,Yes,No,Fiber optic,No internet service,No,Yes,Month-to-month,Yes,Credit card (automatic),66.76,3365.95,Yes
CUS-05662,Male,0,Yes,No,18,Yes,Yes,No,No,No,No,Two year,Yes,Bank transfer (automatic),117.6,2038.69,No
CUS-05663,Male,0,Yes,No,69,Yes,No,Fiber optic,Yes,No,Yes,Month-to-month,No,Electronic check,30.17,2028.04,Yes
CUS-05664,Female,1,No,No,48,Yes,Yes,Fiber optic,No,No,No internet service,One year,No,Bank transfer (automatic),30.37,1387.27,No
CUS-05665,Female,0,No,Yes,9,Yes,No,DSL,No,No,No,Month-to-month,Yes,Electronic check,26.7,233.5,Yes
CUS-05666,Male,0,No,No,54,Yes,No,Fiber optic,No internet service,No,No,Month-to-month,Yes,Electronic check,68.78,3722.89,No
CUS-05667,Female,1,No,No,35,Yes,Yes,DSL,No internet service,No,Yes,Month-to-month,Yes,Mailed check,52.84,1780.18,Yes
CUS-05668,Female,0,Yes,No,46,Yes,No,DSL,No,No,No,Month-to-month,Yes,Mailed check,89.63,4274.0,No
CUS-05669,Male,0,No,Yes,1,Yes,No,Fiber optic,No,No internet service,No,Two year,Yes,Mailed check,75.13,71.82,Yes
CUS-05670,Male,0,Yes,Yes,41,Yes,Yes,No,No,Yes,Yes,Two year,No,Bank transfer (automatic),76.08,3205.33,No
CUS-05671,Female,1,Yes,No,32,Yes,Yes,DSL,No,Yes,Yes,Two year,No,Mailed check,69.11,2199.64,No
CUS-05672,Male,0,No,Yes,40,Yes,Yes,DSL,Yes,No,No internet service,Month-to-month,Yes,Electronic check,117.21,4741.31,No
CUS-05673,Male,0,No,No,11,Yes,Yes,DSL,No internet service,No,No internet service,Month-to-month,Yes,Mailed check,71.9,789.59,No
CUS-05674,Female,0,No,No,62,Yes,Yes,No,No,No,No,Two year,Yes,Credit card (automatic),25.24,1553.64,No
CUS-05675,Male,0,No,No,46,Yes,Yes,Fiber optic,No internet service,Yes,No internet service,Month-to-month,No,Bank transfer (automatic),50.22,2351.78,No
CUS-05676,Male,0,No,Yes,48,Yes,Yes,Fiber optic,Yes,Yes,No,Month-to-month,No,Electronic check,96.07,4485.53,Yes
CUS-05677,Male,0,Yes,Yes,43,Yes,Yes,No,Yes,No internet service,Yes,Month-to-month,No,Credit card (automatic),80.85,3471.95,No
CUS-05678,Male,0,No,No,51,Yes,No,DSL,No,No,No,One year,No,Electronic check,86.39,4541.31,No
CUS-05679,Male,1,No,No,61,Yes,No phone service,Fiber optic,No internet service,No,No,One year,No,Bank transfer (automatic),110.18,6489.2,No
CUS-05680,Female,0,No,No,42,Yes,No phone service,DSL,No,No,No,One year,No,Electronic check,62.38,2513.26,No
CUS-05681,Female,1,Yes,No,26,Yes,Yes,DSL,No internet service,Yes,No internet service,Month-to-month,Yes,Credit card (automatic),19.95,524.07,No
CUS-05682,Male,0,Yes,No,11,Yes,No,DSL,No,No,Yes,Month-to-month,No,Bank transfer (automatic),117.01,1346.78,No
CUS-05683,Female,0,No,Yes,25,Yes,No phone service,Fiber optic,No internet service,No,Yes,Two year,Yes,Electronic check,63.46,1575.27,Yes
CUS-05684,Male,0,Yes,No,40,Yes,No phone service,Fiber optic,Yes,No,No,Two year,No,Bank transfer (automatic),27.76,1145.34,No
CUS-05685,Male,0,No,Yes,25,Yes,No,DSL,No,No,No,Month-to-month,No,Electronic check,72.86,1816.08,Yes
CUS-05686,Male,1,Yes,Yes,52,Yes,No,DSL,Yes,No,No,Month-to-month,No,Electronic check,77.02,3898.77,Yes
CUS-05687,Male,0,Yes,No,3,Yes,Yes,DSL,Yes,No,Yes,Month-to-month,No,Mailed check,74.43,222.96,Yes
CUS-05688,Male,0,No,No,39,Yes,Yes,DSL,No,No internet service,No,One year,Yes,Bank transfer (automatic),114.49,4439.16,No
CUS-05689,Female,0,Yes,No,35,Yes,No,DSL,No,Yes,Yes,Month-to-month,Yes,Electronic check,49.96,1705.3,Yes
CUS-05690,Female,0,No,No,40,Yes,Yes,DSL,No internet service,No,No,Month-to-month,Yes,Bank transfer (automatic),21.45,845.4,No
CUS-05691,Male,0,Yes,Yes,22,Yes,No phone service,No,No,No internet service,No,One year,Yes,Bank transfer (automatic),109.98,2393.45,No
CUS-05692,Female,0,Yes,No,62,Yes,Yes,Fiber optic,No,Yes,No,Month-to-month,No,Electronic check,37.12,2384.13,No
CUS-05693,Male,0,Yes,No,19,Yes,No phone service,Fiber optic,No internet service,Yes,No,Month-to-month,Yes,Mailed check,92.94,1731.86,No
CUS-05694,Female,0,No,Yes,14,Yes,No,No,No internet service,No,No,Month-to-month,No,Mailed check,38.4,560.46,Yes
CUS-05695,Male,0,Yes,No,50,No,Yes,Fiber optic,No internet service,Yes,Yes,Two year,No,Bank transfer (automatic),100.9,4799.56,No
CUS-05696,Female,0,No,No,62,Yes,Yes,Fiber optic,No,No internet service,No internet service,One year,Yes,Credit card (automatic),108.64,6485.38,No
CUS-05697,Male,0,No,No,43,Yes,Yes,Fiber optic,No,Yes,Yes,Month-to-month,No,Electronic check,28.54,1169.18,No
CUS-05698,Male,0,No,No,55,Yes,No,Fiber optic,No,No,No,One year,No,Bank transfer (automatic),32.73,1848.34,No
CUS-05699,Female,0,No,No,40,Yes,No,No,Yes,No internet service,No,Month-to-month,Yes,Electronic check,110.53,4255.21,Yes
CUS-05700,Female,0,Yes,No,12,Yes,No phone service,DSL,No,Yes,No,One year,No,Electronic check,95.07,1149.29,Yes
CUS-05701,Male,0,Yes,No,65,Yes,Yes,DSL,No,No internet service,Yes,Month-to-month,No,Credit card (automatic),21.89,1462.39,No
CUS-05702,Female,0,No,No,34,Yes,Yes,DSL,No,Yes,Yes,Month-to-month,Yes,Credit card (automatic),36.22,1230.17,No
CUS-05703,Male,0,Yes,No,23,Yes,Yes,No,No,No internet service,No,One year,No,Mailed check,59.21,1307.08,No
CUS-05704,Female,0,No,No,71,Yes,Yes,Fiber optic,Yes,No,No,Month-to-month,No,Electronic check,104.42,7664.0,Yes
CUS-05705,Female,0,No,Yes,7,Yes,No,No,No,Yes,Yes,One year,Yes,Electronic check,33.11,224.96,Yes
CUS-05706,Male,0,Yes,No,65,Yes,Yes,Fiber optic,No,No,No,Month-to-month,No,Mailed check,90.41,5638.31,No
CUS-05707,Female,0,No,No,18,Yes,No,Fiber optic,No,No,Yes,Month-to-month,Yes,Bank transfer (automatic),26.37,487.36,No
CUS-05708,Female,0,No,Yes,8,No,No,Fiber optic,No,Yes,No internet service,One year,Yes,Bank transfer (automatic),64.72,493.32,Yes
CUS-05709,Male,0,Yes,No,42,Yes,Yes,Fiber optic,Yes,No,No,Month-to-month,Yes,Bank transfer (automatic),90.9,3862.77,Yes
CUS-05710,Female,0,No,Yes,1,Yes,No,Fiber optic,No internet service,No,Yes,Two year,No,Electronic check,24.47,24.28,Yes
CUS-05711,Male,0,Yes,Yes,15,Yes,No,Fiber optic,Yes,No internet service,No,Month-to-month,Yes,Electronic check,38.42,572.52,No
CUS-05712,Male,0,No,No,28,Yes,Yes,Fiber optic,No,No internet service,Yes,Two year,Yes,Electronic check,97.18,2803.88,Yes
CUS-05713,Male,0,No,No,36,Yes,No,DSL,No internet service,No,No,Month-to-month,Yes,Electronic check,34.35,1180.54,Yes
CUS-05714,Male,0,No,No,46,Yes,Yes,Fiber optic,Yes,Yes,No,Month-to-month,No,Electronic check,84.75,3992.71,Yes
CUS-05715,Male,0,No,Yes,21,Yes,No,Fiber optic,No,No,No,Month-to-month,No,Electronic check,82.22,1762.1,Yes
CUS-05716,Female,0,No,No,49,No,No phone service,No,No,Yes,Yes,Month-to-month,Yes,Mailed check,70.04,3565.57,Yes
CUS-05717,Male,0,No,Yes,39,Yes,No,No,Yes,Yes,No internet service,Two year,Yes,Credit card (automatic),38.17,1500.12,No
CUS-05718,Male,0,No,No,38,Yes,Yes,Fiber optic,No,No,No,One year,No,Bank transfer (automatic),59.69,2191.12,No
CUS-05719,Female,0,No,No,9,Yes,No,DSL,No,No internet service,No,Month-to-month,Yes,Bank transfer (automatic),80.18,688.89,No
CUS-05720,Female,1,No,No,20,Yes,No,No,Yes,No internet service,Yes,Month-to-month,Yes,Bank transfer (automatic),106.17,2111.09,No
CUS-05721,Female,0,No,Yes,8,Yes,Yes,DSL,No,No internet service,No,Month-to-month,No,Bank transfer (automatic),97.79,799.55,No
CUS-05722,Male,0,No,No,14,Yes,No,Fiber optic,Yes,No,No,Month-to-month,No,Electronic check,78.73,1051.77,Yes
CUS-05723,Male,0,No,No,62,Yes,No,DSL,No internet service,No internet service,Yes,Month-to-month,Yes,Mailed check,40.85,2468.94,No
CUS-05724,Male,0,No,Yes,35,Yes,No,Fiber optic,No,No,No internet service,Month-to-month,No,Bank transfer (automatic),39.67,1426.05,Yes
CUS-05725,Female,0,Yes,Yes,55,Yes,Yes,Fiber optic,Yes,No internet service,Yes,One year,Yes,Bank transfer (automatic),99.39,5319.09,No
CUS-05726,Male,0,No,No,45,Yes,No phone service,Fiber optic,No internet service,Yes,Yes,One year,Yes,Bank transfer (automatic),84.44,3754.63,No
CUS-05727,Female,0,No,No,21,No,No,No,No,Yes,Yes,One year,Yes,Credit card (automatic),53.81,1157.91,Yes
CUS-05728,Male,0,No,No,53,Yes,Yes,Fiber optic,Yes,No,Yes,One year,Yes,Bank transfer (automatic),115.15,6060.49,No
CUS-05729,Female,0,Yes,Yes,54,Yes,Yes,Fiber optic,Yes,Yes,No,Month-to-month,No,Credit card (automatic),106.98,5933.68,No
CUS-05730,Male,0,No,No,43,Yes,Yes,Fiber optic,No,Yes,No,Month-to-month,No,Mailed check,85.15,3577.32,No
CUS-05731,Male,1,Yes,No,6,Yes,Yes,DSL,Yes,Yes,No internet service,Month-to-month,Yes,Electronic check,54.92,344.61,No
CUS-05732,Male,0,Yes,No,55,Yes,Yes,Fiber optic,Yes,No internet service,No,One year,Yes,Bank transfer (automatic),48.88,2579.2,No
CUS-05733,Female,0,No,No,44,Yes,Yes,Fiber optic,No,No internet service,No,Two year,No,Credit card (automatic),111.94,5049.21,No
CUS-05734,Female,0,No,No,68,Yes,No,Fiber optic,No internet service,No,Yes,Two year,Yes,Bank transfer (automatic),62.35,4059.26,No
CUS-05735,Male,0,Yes,No,4,Yes,Yes,Fiber optic,No,No internet service,No,One year,Yes,Credit card (automatic),98.0,405.53,Yes
CUS-05736,Male,1,No,No,63,Yes,Yes,Fiber optic,No,No internet service,No,One year,No,Electronic check,111.97,6797.69,Yes
CUS-05737,Male,0,Yes,No,58,Yes,No,Fiber optic,No internet service,Yes,Yes,Two year,No,Electronic check,67.2,3931.3,No
CUS-05738,Female,0,Yes,Yes,54,Yes,Yes,Fiber optic,Yes,No,No internet service,Month-to-month,Yes,Electronic check,83.31,4423.87,No
CUS-05739,Male,0,Yes,No,38,Yes,Yes,Fiber optic,Yes,No internet service,No,Two year,Yes,Mailed check,26.63,1022.54,No
CUS-05740,Male,0,No,Yes,60,Yes,Yes,No,No internet service,No internet service,No internet service,Month-to-month,Yes,Electronic check,83.26,4769.71,Yes
CUS-05741,Male,0,Yes,No,52,Yes,No,Fiber optic,No,No,No internet service,Month-to-month,Yes,Credit card (automatic),39.51,2132.87,Yes
CUS-05742,Male,0,Yes,No,29,Yes,Yes,DSL,Yes,No,Yes,Two year,No,Bank transfer (automatic),85.05,2519.28,No
CUS-05743,Female,0,No,No,40,Yes,Yes,Fiber optic,No,No internet service,Yes,Month-to-month,Yes,Electronic check,28.1,1106.65,No
CUS-05744,Female,0,Yes,Yes,71,Yes,No,Fiber optic,No internet service,No,No internet service,One year,No,Electronic check,67.52,4779.79,Yes
CUS-05745,Male,0,No,Yes,8,Yes,Yes,DSL,Yes,Yes,Yes,Month-to-month,Yes,Bank transfer (automatic),70.1,567.88,No
CUS-05746,Male,1,No,Yes,35,No,No,Fiber optic,No,No,Yes,Two year,No,Credit card (automatic),66.35,2349.61,No
CUS-05747,Female,0,No,Yes,16,Yes,Yes,Fiber optic,Yes,No,No internet service,Month-to-month,Yes,Electronic check,93.67,1519.66,No
CUS-05748,Female,0,Yes,No,18,Yes,No,Fiber optic,No,Yes,No internet service,Month-to-month,Yes,Mailed check,93.45,1624.06,Yes
CUS-05749,Male,0,No,No,59,Yes,No,No,No,No,Yes,Month-to-month,Yes,Electronic check,88.64,5383.09,Yes
CUS-05750,Female,0,No,Yes,34,Yes,No phone service,No,Yes,No,Yes,Month-to-month,No,Electronic check,81.16,2748.33,Yes
CUS-05751,Female,0,Yes,Yes,4,Yes,No,DSL,No,Yes,Yes,Two year,No,Bank transfer (automatic),108.44,446.78,Yes
CUS-05752,Male,0,Yes,No,69,Yes,No,Fiber optic,No,No,No,Two year,Yes,Credit card (automatic),75.56,5437.05,No
CUS-05753,Female,0,No,No,65,Yes,No phone service,Fiber optic,Yes,No internet service,No,Month-to-month,Yes,Credit card (automatic),52.83,3297.72,Yes
CUS-05754,Female,1,Yes,No,61,Yes,Yes,DSL,No,No,Yes,Month-to-month,Yes,Bank transfer (automatic),23.92,1438.11,No
CUS-05755,Male,0,No,Yes,46,Yes,No,DSL,No,No internet service,Yes,One year,Yes,Electronic check,71.58,3302.88,No
CUS-05756,Male,0,No,No,21,Yes,Yes,DSL,No,No,Yes,One year,No,Mailed check,40.77,824.91,No
CUS-05757,Female,1,Yes,No,38,Yes,No,DSL,No internet service,Yes,Yes,Two year,No,Mailed check,56.7,2102.71,No
CUS-05758,Male,1,Yes,Yes,60,Yes,Yes,No,No,No,No internet service,Month-to-month,Yes,Electronic check,22.99,1317.22,Yes
CUS-05759,Female,0,No,Yes,36,Yes,No,DSL,Yes,No,No,Two year,No,Mailed check,82.09,3008.83,Yes
CUS-05760,Male,0,Yes,No,6,Yes,No phone service,DSL,No,Yes,No internet service,Month-to-month,Yes,Electronic check,106.67,639.79,No
CUS-05761,Female,0,No,No,39,Yes,Yes,DSL,No,Yes,No internet service,Two year,No,Credit card (automatic),50.51,1877.55,No
CUS-05762,Male,1,Yes,Yes,29,Yes,No,Fiber optic,No internet service,No,No,Month-to-month,No,Electronic check,98.49,2800.13,No
CUS-05763,Female,1,No,No,27,Yes,Yes,DSL,Yes,No,No,Two year,Yes,Mailed check,30.63,819.41,No
CUS-05764,Female,0,No,Yes,69,Yes,Yes,DSL,No,No internet service,No internet service,One year,Yes,Electronic check,90.31,6133.29,No
CUS-05765,Female,0,Yes,No,9,Yes,No,Fiber optic,No,Yes,No internet service,Two year,Yes,Mailed check,25.98,222.56,No
CUS-05766,Male,0,Yes,No,24,Yes,Yes,DSL,No internet service,No,No internet service,Month-to-month,Yes,Mailed check,43.86,1030.29,No
CUS-05767,Male,0,No,No,63,Yes,No,Fiber optic,No,No internet service,No,One year,Yes,Mailed check,54.02,3260.71,Yes
CUS-05768,Female,0,No,No,19,Yes,Yes,Fiber optic,No,No,No,Two year,No,Electronic check,33.68,608.29,No
CUS-05769,Female,1,Yes,No,30,Yes,No,DSL,Yes,No,No internet service,Two year,Yes,Credit card (automatic),36.45,1077.45,No
CUS-05770,Male,0,No,Yes,58,Yes,No,DSL,No,No,No internet service,One year,Yes,Mailed check,87.89,5039.75,No
CUS-05771,Male,0,Yes,No,40,Yes,No phone service,DSL,Yes,Yes,No,One year,Yes,Credit card (automatic),27.58,1148.92,No
CUS-05772,Male,0,No,No,68,Yes,No,No,No internet service,No internet service,Yes,Month-to-month,No,Electronic check,111.39,7292.97,No
CUS-05773,Male,0,No,No,32,Yes,Yes,DSL,Yes,Yes,Yes,Month-to-month,Yes,Electronic check,94.84,3095.7,No
CUS-05774,Male,0,Yes,No,65,Yes,Yes,No,No,Yes,No,Month-to-month,No,Credit card (automatic),53.67,3406.07,No
CUS-05775,Male,0,Yes,No,34,Yes,No phone service,No,Yes,No,Yes,Two year,No,Mailed check,80.88,2749.25,No
CUS-05776,Female,0,Yes,No,31,Yes,No,Fiber optic,No internet service,No,Yes,Month-to-month,No,Mailed check,89.94,2768.83,Yes
CUS-05777,Male,0,No,Yes,59,Yes,No,Fiber optic,No,Yes,Yes,Month-to-month,Yes,Mailed check,77.45,4562.25,No
CUS-05778,Female,0,Yes,No,26,Yes,No,Fiber optic,No internet service,Yes,Yes,Two year,Yes,Mailed check,79.83,2130.09,No
CUS-05779,Male,0,Yes,No,22,Yes,Yes,Fiber optic,Yes,Yes,No internet service,One year,No,Electronic check,109.6,2295.09,No
CUS-05780,Male,0,No,No,34,Yes,No,Fiber optic,Yes,Yes,Yes,One year,No,Bank transfer (automatic),106.11,3546.11,Yes
CUS-05781,Female,0,Yes,No,13,Yes,No,Fiber optic,No,Yes,No internet service,Month-to-month,No,Mailed check,109.38,1399.23,No
CUS-05782,Female,0,No,No,55,Yes,Yes,DSL,No,No,Yes,One year,Yes,Mailed check,106.52,5621.18,No
CUS-05783,Male,0,Yes,No,8,Yes,No phone service,Fiber optic,No,Yes,No,One year,Yes,Bank transfer (automatic),86.54,658.44,No
CUS-05784,Female,0,Yes,No,62,Yes,Yes,Fiber optic,No,No,No internet service,Month-to-month,Yes,Mailed check,67.18,4256.38,Yes
CUS-05785,Female,0,Yes,No,22,Yes,No,DSL,Yes,No,No internet service,One year,No,Bank transfer (automatic),66.74,1524.48,Yes
CUS-05786,Female,1,No,No,56,Yes,Yes,No,No,No,No internet service,Month-to-month,Yes,Credit card (automatic),95.16,5228.22,No
CUS-05787,Female,0,No,No,21,Yes,No,DSL,No,Yes,Yes,Month-to-month,Yes,Credit card (automatic),110.4,2353.88,Yes
CUS-05788,Male,0,No,Yes,49,Yes,Yes,No,No,No,No internet service,Month-to-month,Yes,Mailed check,26.81,1378.74,No
CUS-05789,Female,0,Yes,No,6,Yes,Yes,Fiber optic,No,No internet service,Yes,Two year,No,Electronic check,105.68,612.79,No
CUS-05790,Male,0,Yes,No,35,Yes,No phone service,Fiber optic,Yes,No internet service,No internet service,Two year,Yes,Electronic check,102.97,3523.46,Yes
CUS-05791,Male,0,No,No,27,No,No,No,No internet service,No,No,Two year,No,Bank transfer (automatic),26.76,745.5,No
CUS-05792,Male,1,Yes,No,40,Yes,Yes,No,No internet service,No,Yes,One year,Yes,Electronic check,83.65,3179.8,No
CUS-05793,Male,0,Yes,Yes,14,Yes,No,Fiber optic,No,No,No internet service,One year,Yes,Mailed check,115.19,1627.61,No
CUS-05794,Female,0,Yes,No,52,Yes,Yes,Fiber optic,No,No,No internet service,Month-to-month,Yes,Bank transfer (automatic),103.17,5353.05,Yes
CUS-05795,Female,0,No,No,40,Yes,Yes,DSL,Yes,Yes,Yes,Month-to-month,No,Credit card (automatic),24.28,992.64,Yes
CUS-05796,Male,1,No,No,43,Yes,Yes,Fiber optic,No,No,No internet service,Month-to-month,Yes,Electronic check,110.52,4766.13,Yes
CUS-05797,Male,0,Yes,Yes,58,Yes,No,No,No,No internet service,Yes,Month-to-month,No,Electronic check,35.31,2051.29,No
CUS-05798,Male,0,Yes,No,3,Yes,No,DSL,No,No,Yes,One year,No,Electronic check,25.25,77.34,Yes
CUS-05799,Male,0,No,No,15,Yes,Yes,DSL,No internet service,Yes,No internet service,Two year,Yes,Electronic check,40.78,614.76,No
CUS-05800,Female,0,No,No,45,Yes,No,Fiber optic,Yes,No internet service,Yes,Two year,No,Credit card (automatic),66.32,3129.49,Yes
CUS-05801,Male,1,Yes,No,11,Yes,Yes,Fiber optic,Yes,No,Yes,One year,No,Electronic check,99.52,1116.39,No
CUS-05802,Female,0,No,No,39,Yes,Yes,Fiber optic,No,No,No internet service,One year,No,Bank transfer (automatic),44.71,1797.2,No
CUS-05803,Male,0,Yes,No,19,Yes,No,Fiber optic,No,No,No,Month-to-month,Yes,Electronic check,57.03,1075.18,No
CUS-05804,Male,1,Yes,No,20,No,Yes,Fiber optic,Yes,No,No,Two year,No,Electronic check,32.11,671.61,No
CUS-05805,Male,1,Yes,Yes,71,Yes,No,Fiber optic,No,No,No,One year,Yes,Electronic check,47.16,3331.1,Yes
CUS-05806,Male,0,Yes,Yes,56,Yes,Yes,Fiber optic,No,No,No,Month-to-month,Yes,Electronic check,108.21,5966.52,No
CUS-05807,Female,1,Yes,No,4,Yes,No phone service,No,No,No,No internet service,Month-to-month,No,Electronic check,86.08,359.45,Yes
CUS-05808,Female,0,No,No,9,Yes,No,No,No,No,No,Two year,Yes,Electronic check,85.39,759.06,Yes
CUS-05809,Female,0,Yes,No,25,Yes,Yes,Fiber optic,No internet service,Yes,No,Month-to-month,Yes,Credit card (automatic),42.98,1060.06,No
CUS-05810,Male,1,Yes,No,47,Yes,Yes,DSL,No,No,Yes,Two year,No,Electronic check,32.62,1541.78,No
CUS-05811,Male,0,Yes,No,49,Yes,Yes,Fiber optic,No internet service,Yes,No,Month-to-month,Yes,Electronic check,106.74,5413.03,Yes
CUS-05812,Female,0,No,No,27,No,Yes,No,No,No,No,Month-to-month,Yes,Electronic check,112.36,2982.18,No
CUS-05813,Female,0,No,No,28,Yes,No,Fiber optic,No internet service,No,No,Month-to-month,Yes,Bank transfer (automatic),23.36,675.63,Yes
CUS-05814,Male,0,Yes,Yes,62,No,No,No,No internet service,No internet service,Yes,Month-to-month,No,Electronic check,71.02,4254.84,No
CUS-05815,Male,0,Yes,No,16,Yes,Yes,Fiber optic,No,No,No internet service,Month-to-month,No,Mailed check,61.98,959.21,Yes
CUS-05816,Female,0,Yes,Yes,46,No,Yes,No,No,No,Yes,One year,No,Electronic check,91.84,4203.91,No
CUS-05817,Male,0,Yes,No,46,Yes,Yes,DSL,No,No,Yes,Month-to-month,No,Mailed check,48.18,2163.82,Yes
CUS-05818,Male,0,Yes,No,40,No,No,Fiber optic,No,No internet service,Yes,One year,No,Mailed check,80.06,3197.4,No
CUS-05819,Female,0,No,Yes,34,Yes,Yes,Fiber optic,Yes,Yes,No,One year,No,Bank transfer (automatic),26.26,849.31,No
CUS-05820,Male,1,No,No,10,Yes,No phone service,No,No internet service,No,Yes,Month-to-month,No,Electronic check,100.3,980.61,Yes
CUS-05821,Female,0,No,No,1,Yes,No,Fiber optic,No,No internet service,No internet service,Month-to-month,No,Mailed check,41.87,43.74,Yes
CUS-05822,Male,0,Yes,No,66,Yes,No phone service,DSL,Yes,No,No internet service,Month-to-month,Yes,Bank transfer (automatic),49.39,3383.37,No
CUS-05823,Female,0,Yes,No,17,Yes,Yes,No,No,No internet service,Yes,Month-to-month,Yes,Electronic check,55.82,904.22,No
CUS-05824,Male,0,No,No,47,Yes,No,Fiber optic,No internet service,No,No,Month-to-month,Yes,Electronic check,38.66,1872.32,Yes
CUS-05825,Female,1,No,No,24,Yes,No,DSL,No internet service,No internet service,Yes,Month-to-month,Yes,Mailed check,98.89,2360.04,No
CUS-05826,Female,0,Yes,No,50,No,No,Fiber optic,No,Yes,No,Month-to-month,No,Credit card (automatic),24.87,1282.9,No
CUS-05827,Female,0,No,No,29,Yes,Yes,Fiber optic,Yes,Yes,No,Month-to-month,No,Credit card (automatic),111.35,3158.14,No
CUS-05828,Female,0,Yes,No,13,No,No phone service,Fiber optic,No,No,No internet service,One year,Yes,Bank transfer (automatic),111.06,1451.03,No
CUS-05829,Male,0,Yes,No,64,No,No phone service,No,No,No internet service,Yes,Month-to-month,Yes,Mailed check,100.74,6760.78,No
CUS-05830,Male,0,Yes,No,28,Yes,Yes,Fiber optic,Yes,No,No internet service,One year,No,Mailed check,113.21,3114.99,No
CUS-05831,Female,0,No,No,5,Yes,No,Fiber optic,No internet service,No,No internet service,Two year,No,Credit card (automatic),94.11,488.65,Yes
CUS-05832,Male,0,Yes,Yes,9,Yes,Yes,DSL,Yes,No,No,Two year,Yes,Electronic check,74.26,693.55,No
CUS-05833,Male,0,No,No,14,Yes,No,Fiber optic,No,No internet service,No,One year,Yes,Bank transfer (automatic),90.16,1218.57,No
CUS-05834,Male,0,Yes,No,10,Yes,No,DSL,Yes,Yes,No,Two year,Yes,Bank transfer (automatic),18.4,179.28,No
CUS-05835,Male,0,Yes,No,33,Yes,Yes,DSL,No internet service,No,Yes,Month-to-month,No,Electronic check,86.54,2749.58,No
CUS-05836,Male,0,No,No,40,Yes,Yes,DSL,Yes,No,No,Month-to-month,No,Credit card (automatic),22.2,869.18,No
CUS-05837,Female,0,Yes,Yes,6,Yes,Yes,DSL,No,No,No,Month-to-month,Yes,Electronic check,106.77,642.15,Yes
CUS-05838,Female,0,Yes,No,17,Yes,Yes,DSL,No internet service,No,Yes,One year,Yes,Credit card (automatic),107.65,1908.39,No
CUS-05839,Female,0,Yes,No,36,Yes,Yes,Fiber optic,Yes,Yes,No,One year,Yes,Mailed check,29.43,1048.52,No
CUS-05840,Female,0,No,No,70,Yes,No,DSL,Yes,No internet service,Yes,Two year,No,Credit card (automatic),85.96,6310.77,No
CUS-05841,Male,0,No,Yes,61,Yes,No,DSL,Yes,No,No,One year,No,Electronic check,84.81,5121.28,No
CUS-05842,Male,0,Yes,Yes,49,Yes,No,No,No,No internet service,No,Two year,No,Mailed check,67.81,3352.27,No
CUS-05843,Female,0,Yes,No,69,Yes,No,Fiber optic,No,No,No,One year,No,Electronic check,20.5,1480.24,No
CUS-05844,Male,0,No,Yes,71,Yes,Yes,Fiber optic,No,Yes,Yes,Two year,No,Electronic check,29.41,2109.32,No
CUS-05845,Male,0,Yes,No,24,Yes,Yes,DSL,Yes,No,No internet service,One year,Yes,Credit card (automatic),83.93,1991.54,No
CUS-05846,Female,0,Yes,Yes,51,Yes,No,Fiber optic,No,No internet service,No,One year,Yes,Mailed check,70.96,3628.2,No
CUS-05847,Male,0,Yes,No,42,Yes,Yes,Fiber optic,No internet service,No,No,Two year,Yes,Bank transfer (automatic),22.63,954.62,No
CUS-05848,Female,0,No,No,19,No,Yes,Fiber optic,No internet service,No,No,One year,Yes,Credit card (automatic),69.76,1273.09,Yes
CUS-05849,Female,0,Yes,No,62,No,Yes,Fiber optic,No,No internet service,Yes,Month-to-month,No,Mailed check,102.92,6320.2,Yes
CUS-05850,Male,1,No,No,67,Yes,No,Fiber optic,No internet service,No,Yes,Month-to-month,No,Bank transfer (automatic),107.05,7191.25,Yes
CUS-05851,Male,0,No,No,30,Yes,No,No,No internet service,No,No,Month-to-month,Yes,Bank transfer (automatic),87.7,2704.47,No
CUS-05852,Female,0,No,Yes,38,Yes,No,No,No,Yes,No internet service,Two year,Yes,Electronic check,84.26,3043.72,No
CUS-05853,Female,0,No,No,6,Yes,Yes,DSL,Yes,Yes,No,Month-to-month,Yes,Electronic check,94.91,587.33,Yes
CUS-05854,Male,0,Yes,No,22,Yes,No,Fiber optic,No internet service,No,No internet service,Month-to-month,No,Bank transfer (automatic),31.34,673.64,Yes
CUS-05855,Female,0,No,Yes,11,Yes,Yes,DSL,No internet service,Yes,Yes,Month-to-month,Yes,Credit card (automatic),37.02,415.99,No
CUS-05856,Female,1,No,Yes,29,Yes,No,Fiber optic,Yes,No,No,Month-to-month,Yes,Bank transfer (automatic),66.57,1983.11,No
CUS-05857,Female,0,No,Yes,8,No,Yes,Fiber optic,No internet service,No internet service,Yes,Two year,No,Bank transfer (automatic),63.1,522.95,No
CUS-05858,Male,0,Yes,No,35,Yes,No phone service,Fiber optic,No,No,No,Month-to-month,No,Bank transfer (automatic),36.44,1333.03,No
CUS-05859,Female,0,Yes,No,45,Yes,No,Fiber optic,No,No,Yes,One year,Yes,Bank transfer (automatic),85.83,4016.85,No
CUS-05860,Male,1,No,Yes,33,Yes,No,Fiber optic,No,Yes,No,Month-to-month,Yes,Electronic check,92.11,3080.11,Yes
CUS-05861,Female,0,Yes,Yes,5,Yes,No,Fiber optic,No,Yes,No,Month-to-month,Yes,Credit card (automatic),45.08,230.48,No
CUS-05862,Male,0,Yes,No,62,No,No,DSL,No,Yes,No,Month-to-month,No,Bank transfer (automatic),49.29,3117.75,Yes
CUS-05863,Female,0,No,No,37,Yes,Yes,Fiber optic,No,No,Yes,Month-to-month,Yes,Credit card (automatic),43.73,1620.9,No
CUS-05864,Male,1,No,No,17,Yes,No,No,No,No,Yes,One year,Yes,Electronic check,45.86,800.56,Yes
CUS-05865,Male,0,Yes,No,22,Yes,No,DSL,No,Yes,Yes,Month-to-month,No,Electronic check,54.47,1192.7,No
CUS-05866,Male,0,No,No,32,Yes,No,DSL,No,No,No,Month-to-month,Yes,Electronic check,62.11,2051.11,No
CUS-05867,Female,0,No,No,14,Yes,Yes,No,Yes,No,Yes,Month-to-month,Yes,Credit card (automatic),66.42,952.55,Yes
CUS-05868,Female,0,Yes,No,20,No,Yes,Fiber optic,No internet service,No,Yes,One year,No,Credit card (automatic),66.49,1328.45,No
CUS-05869,Female,0,No,Yes,22,Yes,No,Fiber optic,No,No,No,Two year,No,Bank transfer (automatic),79.73,1756.54,No
CUS-05870,Male,0,No,No,30,Yes,No,Fiber optic,No,Yes,Yes,Month-to-month,No,Bank transfer (automatic),52.41,1594.49,No
CUS-05871,Female,0,No,No,54,Yes,Yes,No,No,No,No,Month-to-month,Yes,Electronic check,68.34,3628.76,Yes
CUS-05872,Male,0,No,No,33,Yes,Yes,No,No internet service,No,Yes,Month-to-month,No,Mailed check,68.61,2276.82,No
CUS-05873,Female,0,No,No,5,Yes,No,DSL,Yes,No internet service,No internet service,Two year,Yes,Bank transfer (automatic),27.67,143.88,No
CUS-05874,Male,0,Yes,No,18,Yes,Yes,Fiber optic,Yes,Yes,No,Month-to-month,Yes,Mailed check,80.94,1429.39,Yes
CUS-05875,Male,0,Yes,No,63,Yes,No,Fiber optic,No internet service,No,No,Two year,Yes,Bank transfer (automatic),45.82,2941.34,No
CUS-05876,Male,0,Yes,No,46,Yes,No,DSL,No,Yes,No internet service,Two year,No,Electronic check,22.7,996.15,No
CUS-05877,Female,0,No,No,7,Yes,Yes,Fiber optic,Yes,No,No internet service,Month-to-month,No,Mailed check,82.71,557.44,Yes
CUS-05878,Female,0,No,No,29,Yes,No,Fiber optic,No,Yes,Yes,Month-to-month,No,Mailed check,22.84,687.86,No
CUS-05879,Female,0,Yes,No,57,Yes,Yes,No,No,Yes,Yes,One year,No,Credit card (automatic),62.19,3687.8,No
CUS-05880,Male,1,Yes,Yes,47,Yes,No,No,No,No,Yes,One year,Yes,Mailed check,80.11,3791.06,Yes
CUS-05881,Male,0,Yes,No,9,Yes,No,DSL,No,No,Yes,One year,Yes,Electronic check,117.86,1071.02,Yes
CUS-05882,Female,0,Yes,No,59,No,No,No,No internet service,No,No,Month-to-month,Yes,Electronic check,69.51,4064.05,Yes
CUS-05883,Female,0,Yes,No,71,Yes,No phone service,Fiber optic,No internet service,No,No,Two year,Yes,Electronic check,49.82,3571.44,Yes
CUS-05884,Female,0,Yes,Yes,71,Yes,No,DSL,No internet service,No,No internet service,Month-to-month,No,Mailed check,67.2,4950.47,No
CUS-05885,Male,0,No,No,43,Yes,No phone service,Fiber optic,No,No,No,Month-to-month,Yes,Bank transfer (automatic),37.57,1559.71,Yes
CUS-05886,Male,0,Yes,Yes,59,Yes,No,No,No,Yes,No,Two year,Yes,Credit card (automatic),61.8,3646.4,No
CUS-05887,Male,0,No,No,6,Yes,No,Fiber optic,No,No,Yes,One year,No,Bank transfer (automatic),105.31,655.63,Yes
CUS-05888,Male,0,No,No,53,Yes,No,No,No,No,No,One year,Yes,Bank transfer (automatic),31.61,1603.46,No
CUS-05889,Male,0,No,No,64,No,Yes,Fiber optic,No,No,No,Two year,Yes,Bank transfer (automatic),71.01,4408.84,Yes
CUS-05890,Female,0,Yes,Yes,4,Yes,No phone service,Fiber optic,No,Yes,No,Month-to-month,Yes,Credit card (automatic),80.08,320.73,Yes
CUS-05891,Male,0,No,No,1,Yes,No,DSL,No,Yes,No internet service,Month-to-month,No,Electronic check,49.3,49.88,Yes
CUS-05892,Male,0,No,Yes,70,Yes,No,DSL,No internet service,No,Yes,Two year,No,Bank transfer (automatic),91.59,6544.11,No
CUS-05893,Male,1,Yes,No,31,Yes,No phone service,Fiber optic,Yes,Yes,No,Month-to-month,No,Credit card (automatic),84.37,2533.07,No
CUS-05894,Male,0,Yes,No,65,Yes,No phone service,Fiber optic,No,No internet service,Yes,Month-to-month,Yes,Electronic check,64.4,4226.96,No
CUS-05895,Male,0,Yes,No,69,Yes,Yes,Fiber optic,No,No internet service,No,Month-to-month,No,Electronic check,82.01,5570.06,No
CUS-05896,Female,0,No,No,19,Yes,No,Fiber optic,Yes,No,Yes,Two year,Yes,Bank transfer (automatic),102.03,1902.98,Yes
CUS-05897,Male,0,No,No,69,No,No,No,No,Yes,No,Month-to-month,Yes,Mailed check,78.04,5149.38,No
CUS-05898,Male,0,Yes,No,69,Yes,No,DSL,Yes,No internet service,No internet service,One year,No,Electronic check,74.88,4972.45,No
CUS-05899,Male,0,Yes,No,49,Yes,No phone service,Fiber optic,No,No,Yes,Month-to-month,Yes,Bank transfer (automatic),80.14,4044.26,Yes
CUS-05900,Female,0,No,No,31,Yes,No,Fiber optic,Yes,Yes,Yes,One year,Yes,Mailed check,85.56,2640.9,Yes
CUS-05901,Female,0,No,No,60,Yes,No,DSL,No internet service,No,No,Month-to-month,Yes,Mailed check,58.32,3586.35,No
CUS-05902,Female,1,No,Yes,71,Yes,Yes,No,Yes,No,No internet service,One year,Yes,Mailed check,101.68,7448.57,No
CUS-05903,Male,0,No,No,55,Yes,No,Fiber optic,No internet service,Yes,Yes,Month-to-month,Yes,Electronic check,110.39,6249.57,Yes
CUS-05904,Female,1,No,No,38,No,No,DSL,No internet service,Yes,No internet service,Month-to-month,Yes,Bank transfer (automatic),80.19,3193.86,Yes
CUS-05905,Male,0,No,No,33,Yes,Yes,No,No,No,Yes,Month-to-month,No,Mailed check,106.67,3435.37,Yes
CUS-05906,Male,0,Yes,No,6,Yes,No,No,Yes,Yes,Yes,Two year,Yes,Bank transfer (automatic),92.47,531.12,No
CUS-05907,Female,0,Yes,No,13,Yes,Yes,No,No,Yes,No,One year,Yes,Electronic check,60.3,785.68,No
CUS-05908,Male,0,No,No,20,Yes,No,Fiber optic,Yes,Yes,No,Month-to-month,Yes,Electronic check,67.6,1414.64,No
CUS-05909,Male,1,Yes,No,37,Yes,No,No,Yes,No internet service,No internet service,Two year,No,Electronic check,75.01,2692.72,No
CUS-05910,Male,0,Yes,No,45,Yes,Yes,DSL,No,No,Yes,Two year,No,Mailed check,111.91,5058.06,No
CUS-05911,Female,0,No,No,59,Yes,No,Fiber optic,No,No,No,Month-to-month,Yes,Credit card (automatic),82.81,4841.63,Yes
CUS-05912,Male,1,No,No,52,No,Yes,DSL,No,No,Yes,One year,Yes,Electronic check,68.85,3624.49,Yes
CUS-05913,Male,0,No,No,18,Yes,No,Fiber optic,No,No,No internet service,Month-to-month,No,Credit card (automatic),30.34,542.64,Yes
CUS-05914,Female,0,No,No,25,Yes,No,No,No internet service,No,Yes,Month-to-month,Yes,Electronic check,84.69,2220.68,No
CUS-05915,Male,0,No,No,1,Yes,No,No,Yes,Yes,No,Month-to-month,Yes,Bank transfer (automatic),73.47,75.52,Yes
CUS-05916,Male,0,Yes,No,41,Yes,No,No,Yes,No,Yes,One year,Yes,Credit card (automatic),112.0,4717.35,No
CUS-05917,Female,0,No,No,18,Yes,Yes,Fiber optic,No,Yes,No internet service,Month-to-month,No,Credit card (automatic),52.2,927.1,No
CUS-05918,Male,0,Yes,No,1,Yes,Yes,No,No internet service,No,Yes,Month-to-month,Yes,Bank transfer (automatic),97.54,100.13,No
CUS-05919,Male,0,Yes,No,39,No,No,Fiber optic,No internet service,No internet service,Yes,One year,Yes,Electronic check,46.25,1807.68,No
CUS-05920,Male,0,Yes,No,31,Yes,No,DSL,No,Yes,No,Two year,No,Electronic check,35.18,1129.54,No
CUS-05921,Male,0,No,No,71,Yes,Yes,Fiber optic,No,No,No internet service,One year,Yes,Electronic check,19.22,1403.13,Yes
CUS-05922,Male,1,Yes,No,38,Yes,Yes,Fiber optic,No,Yes,No internet service,Month-to-month,Yes,Mailed check,107.54,4156.05,Yes
CUS-05923,Female,0,No,No,8,Yes,Yes,DSL,Yes,No internet service,Yes,Month-to-month,No,Mailed check,62.46,486.75,No
CUS-05924,Female,0,Yes,Yes,34,Yes,Yes,No,No,No,Yes,One year,Yes,Bank transfer (automatic),46.12,1579.64,No
CUS-05925,Female,0,Yes,No,27,Yes,No,Fiber optic,No,No internet service,No internet service,One year,No,Mailed check,58.31,1636.26,No
CUS-05926,Female,0,No,Yes,41,Yes,No,No,No,No,Yes,One year,No,Mailed check,89.19,3702.12,No
CUS-05927,Male,0,No,No,7,Yes,No,Fiber optic,No internet service,Yes,No,Two year,No,Bank transfer (automatic),57.33,414.63,No
CUS-05928,Male,0,Yes,No,32,Yes,Yes,DSL,No internet service,No internet service,No,One year,Yes,Electronic check,40.57,1302.61,No
CUS-05929,Male,1,No,No,16,No,No phone service,DSL,Yes,No,No,Two year,Yes,Credit card (automatic),26.78,443.17,No
CUS-05930,Male,0,No,No,2,Yes,No,No,No internet service,No,No,Month-to-month,Yes,Electronic check,80.17,161.68,Yes
CUS-05931,Male,0,No,No,43,Yes,No,DSL,Yes,No,No,Month-to-month,Yes,Mailed check,115.27,5130.71,Yes
CUS-05932,Female,0,No,Yes,31,Yes,Yes,Fiber optic,Yes,Yes,No,Month-to-month,Yes,Credit card (automatic),81.48,2519.02,No
CUS-05933,Female,0,Yes,No,47,Yes,No,DSL,No internet service,No,No,Two year,Yes,Mailed check,112.69,5384.61,Yes
CUS-05934,Male,0,No,No,33,Yes,No,Fiber optic,No,No,No,One year,Yes,Bank transfer (automatic),105.8,3336.85,No
CUS-05935,Male,0,Yes,No,17,Yes,No,DSL,No internet service,No internet service,No,Month-to-month,Yes,Mailed check,33.58,567.31,Yes
CUS-05936,Male,0,Yes,No,54,Yes,No,DSL,No,Yes,No,Month-to-month,No,Credit card (automatic),105.9,5512.38,Yes
CUS-05937,Female,1,No,No,54,Yes,No,Fiber optic,No internet service,No,No,Two year,No,Credit card (automatic),18.11,951.56,No
CUS-05938,Male,0,Yes,No,51,Yes,No,DSL,No internet service,No internet service,No internet service,Month-to-month,Yes,Credit card (automatic),68.96,3531.49,No
CUS-05939,Male,0,Yes,No,52,Yes,Yes,Fiber optic,No,Yes,No internet service,Month-to-month,No,Electronic check,70.27,3668.9,Yes
CUS-05940,Male,0,No,Yes,7,Yes,Yes,Fiber optic,No,Yes,Yes,Month-to-month,Yes,Electronic check,90.68,653.76,Yes
CUS-05941,Female,0,No,No,54,Yes,Yes,Fiber optic,No internet service,Yes,No,Two year,Yes,Mailed check,93.6,5041.79,No
CUS-05942,Male,0,No,Yes,11,Yes,No,Fiber optic,No,No,No internet service,Month-to-month,Yes,Credit card (automatic),41.17,472.99,Yes
CUS-05943,Female,0,No,No,62,Yes,No,Fiber optic,No,No,Yes,Month-to-month,No,Mailed check,106.2,6475.73,No
CUS-05944,Female,0,Yes,No,30,Yes,No,No,No,No internet service,No,One year,No,Electronic check,35.91,1072.89,Yes
CUS-05945,Female,0,No,Yes,57,Yes,Yes,Fiber optic,No,No,Yes,Month-to-month,Yes,Credit card (automatic),114.15,6682.48,Yes
CUS-05946,Female,0,No,No,46,Yes,Yes,Fiber optic,No internet service,No,Yes,Month-to-month,Yes,Bank transfer (automatic),116.51,5443.66,Yes
CUS-05947,Female,0,Yes,No,70,Yes,Yes,No,Yes,No internet service,No,Two year,No,Bank transfer (automatic),87.68,5933.1,No
CUS-05948,Female,0,Yes,Yes,66,Yes,Yes,No,No,Yes,No internet service,Two year,Yes,Electronic check,82.87,5479.81,No
CUS-05949,Male,0,Yes,Yes,55,Yes,Yes,Fiber optic,No,No,Yes,Month-to-month,Yes,Electronic check,115.92,6105.14,No
CUS-05950,Male,0,No,Yes,58,Yes,Yes,No,No,No,Yes,Month-to-month,Yes,Mailed check,42.2,2361.77,No
CUS-05951,Male,0,Yes,Yes,10,Yes,Yes,DSL,Yes,Yes,Yes,Month-to-month,Yes,Bank transfer (automatic),82.27,790.17,Yes
CUS-05952,Female,0,No,Yes,4,No,No,No,No,No internet service,Yes,Month-to-month,Yes,Mailed check,58.62,224.98,No
CUS-05953,Male,0,Yes,No,62,No,Yes,DSL,No internet service,No,No,Month-to-month,Yes,Electronic check,34.76,2078.9,No
CUS-05954,Female,0,Yes,No,43,Yes,Yes,Fiber optic,No,No internet service,Yes,Month-to-month,No,Mailed check,30.78,1375.22,No
CUS-05955,Female,0,Yes,No,42,Yes,Yes,No,No,No internet service,No internet service,Month-to-month,No,Mailed check,88.04,3767.22,No
CUS-05956,Female,0,Yes,No,24,Yes,No phone service,DSL,No,No,Yes,Two year,No,Credit card (automatic),40.9,998.83,No
CUS-05957,Male,0,Yes,No,5,No,No,DSL,No,No internet service,No,Month-to-month,Yes,Credit card (automatic),77.94,405.13,No
CUS-05958,Female,0,Yes,No,68,Yes,No phone service,Fiber optic,No,No,No,One year,Yes,Electronic check,41.76,2895.85,No
CUS-05959,Female,0,Yes,No,45,No,No,Fiber optic,No,No internet service,No internet service,Month-to-month,Yes,Electronic check,63.38,2883.15,Yes
CUS-05960,Male,0,No,No,59,Yes,No phone service,DSL,Yes,Yes,No,One year,Yes,Bank transfer (automatic),92.23,5575.05,No
CUS-05961,Male,0,No,No,65,Yes,Yes,Fiber optic,No,Yes,No,Month-to-month,No,Electronic check,70.81,4693.71,No
CUS-05962,Female,0,No,No,63,Yes,Yes,Fiber optic,No,Yes,No,Month-to-month,No,Electronic check,105.15,6691.25,Yes
CUS-05963,Female,0,No,No,67,Yes,No,DSL,No,Yes,Yes,Two year,No,Bank transfer (automatic),70.63,4546.54,No
CUS-05964,Male,0,No,Yes,49,No,No phone service,Fiber optic,Yes,No,Yes,One year,No,Mailed check,37.42,1754.77,No
CUS-05965,Male,0,No,No,32,Yes,No,DSL,Yes,Yes,No,Month-to-month,Yes,Bank transfer (automatic),107.71,3331.22,No
CUS-05966,Male,0,Yes,No,50,Yes,No,DSL,No internet service,Yes,No,Two year,No,Electronic check,59.79,3025.76,No
CUS-05967,Female,0,No,No,58,Yes,Yes,Fiber optic,No,Yes,Yes,Two year,Yes,Mailed check,104.75,6088.81,No
CUS-05968,Male,0,No,Yes,52,Yes,Yes,No,Yes,No,No,Month-to-month,No,Bank transfer (automatic),41.24,2154.47,Yes
CUS-05969,Male,0,No,Yes,23,Yes,Yes,Fiber optic,Yes,Yes,No,Month-to-month,Yes,Mailed check,81.62,1855.78,No
CUS-05970,Male,0,No,No,30,Yes,Yes,DSL,Yes,No,No internet service,One year,No,Electronic check,34.53,1069.35,Yes
CUS-05971,Female,0,Yes,Yes,70,Yes,Yes,Fiber optic,No,Yes,No,Month-to-month,No,Electronic check,26.01,1864.79,Yes
CUS-05972,Male,0,No,No,71,Yes,Yes,No,No,No,No,Month-to-month,Yes,Bank transfer (automatic),117.89,7994.75,Yes
CUS-05973,Male,0,Yes,No,30,Yes,No,Fiber optic,Yes,Yes,Yes,Month-to-month,Yes,Electronic check,19.05,554.37,Yes
CUS-05974,Male,0,Yes,No,37,Yes,Yes,Fiber optic,No,Yes,Yes,Two year,No,Electronic check,77.12,2866.49,No
CUS-05975,Male,0,Yes,Yes,48,Yes,Yes,No,Yes,No,Yes,One year,No,Mailed check,19.34,899.66,No
CUS-05976,Male,0,Yes,No,32,No,Yes,Fiber optic,Yes,No internet service,No,Two year,No,Bank transfer (automatic),73.17,2257.42,No
CUS-05977,Female,0,Yes,Yes,70,Yes,Yes,No,No internet service,No internet service,No internet service,Month-to-month,No,Electronic check,27.99,1863.2,Yes
CUS-05978,Female,0,Yes,No,35,Yes,Yes,Fiber optic,No,No internet service,No,Month-to-month,No,Mailed check,96.75,3549.79,No
CUS-05979,Female,0,No,No,68,Yes,Yes,DSL,No internet service,No,No internet service,Month-to-month,No,Mailed check,47.27,3128.0,No
CUS-05980,Male,1,Yes,No,32,Yes,No phone service,DSL,Yes,No,Yes,Two year,Yes,Electronic check,52.43,1664.75,No
CUS-05981,Female,1,No,No,59,Yes,No,Fiber optic,No,No internet service,Yes,Month-to-month,Yes,Credit card (automatic),43.23,2582.95,No
CUS-05982,Female,0,No,No,35,Yes,Yes,Fiber optic,No,No,Yes,One year,No,Bank transfer (automatic),29.39,1002.55,No
CUS-05983,Female,1,No,No,16,Yes,No,Fiber optic,No,Yes,No internet service,One year,Yes,Bank transfer (automatic),68.03,1122.65,Yes
CUS-05984,Male,0,Yes,Yes,52,Yes,Yes,DSL,No,No internet service,No,One year,Yes,Electronic check,62.77,3294.24,No
CUS-05985,Male,0,No,No,66,Yes,Yes,No,No,Yes,Yes,One year,Yes,Mailed check,71.94,4835.78,No
CUS-05986,Female,0,Yes,Yes,6,Yes,Yes,No,Yes,No,Yes,Month-to-month,No,Electronic check,80.59,466.79,Yes
CUS-05987,Female,0,Yes,No,14,Yes,Yes,Fiber optic,No,Yes,Yes,Month-to-month,Yes,Mailed check,26.86,384.41,Yes
CUS-05988,Male,0,No,No,29,Yes,No,Fiber optic,No internet service,Yes,No internet service,One year,No,Electronic check,59.35,1644.21,No
CUS-05989,Male,1,No,Yes,26,Yes,No,DSL,No,No,Yes,Month-to-month,No,Credit card (automatic),77.26,1972.79,No
CUS-05990,Female,0,No,No,18,Yes,Yes,Fiber optic,Yes,Yes,No,Month-to-month,Yes,Credit card (automatic),50.31,899.29,Yes
CUS-05991,Male,0,Yes,Yes,4,Yes,No,Fiber optic,No,No internet service,Yes,Month-to-month,Yes,Mailed check,37.14,142.55,Yes
CUS-05992,Female,0,Yes,Yes,57,Yes,Yes,Fiber optic,No,No,No,Month-to-month,No,Credit card (automatic),78.63,4508.45,No
CUS-05993,Male,0,Yes,No,53,Yes,Yes,Fiber optic,Yes,No,No internet service,Month-to-month,Yes,Electronic check,89.84,4685.78,No
CUS-05994,Female,0,No,No,25,Yes,Yes,Fiber optic,No,No,Yes,Two year,Yes,Mailed check,93.06,2241.65,No
CUS-05995,Female,0,Yes,Yes,47,Yes,No,DSL,No internet service,No,Yes,Month-to-month,No,Bank transfer (automatic),50.56,2325.34,No
CUS-05996,Male,0,No,No,52,Yes,Yes,DSL,No,No,Yes,Month-to-month,Yes,Mailed check,27.9,1462.44,Yes
CUS-05997,Female,0,Yes,No,34,Yes,No,No,Yes,No,Yes,Month-to-month,Yes,Electronic check,109.56,3622.72,No
CUS-05998,Female,0,Yes,No,16,Yes,No,DSL,No,No internet service,No,Two year,No,Mailed check,86.78,1384.35,No
CUS-05999,Female,0,Yes,No,36,Yes,No,DSL,Yes,No internet service,Yes,Two year,Yes,Bank transfer (automatic),112.84,4139.59,No
CUS-06000,Male,1,Yes,Yes,28,Yes,Yes,Fiber optic,Yes,Yes,No,Two year,No,Bank transfer (automatic),32.56,921.83,Yes
CUS-06001,Male,0,No,Yes,65,Yes,Yes,DSL,Yes,No internet service,No,Month-to-month,Yes,Electronic check,83.73,5586.17,Yes
CUS-06002,Male,0,No,Yes,53,Yes,Yes,Fiber optic,Yes,No,Yes,One year,Yes,Mailed check,37.64,2033.22,No
CUS-06003,Female,0,Yes,Yes,42,Yes,No phone service,Fiber optic,No internet service,No internet service,No,Month-to-month,No,Electronic check,104.64,4388.02,Yes
CUS-06004,Male,0,Yes,Yes,19,Yes,No,DSL,No,No,No,Month-to-month,Yes,Electronic check,69.95,1331.67,No
CUS-06005,Female,1,No,No,44,Yes,No,DSL,No,No,Yes,Month-to-month,Yes,Electronic check,71.27,3062.1,No
CUS-06006,Female,0,No,No,30,No,No,DSL,No internet service,Yes,Yes,Month-to-month,No,Mailed check,111.07,3476.06,Yes
CUS-06007,Male,0,No,No,44,Yes,No,Fiber optic,No,No,No,Two year,No,Bank transfer (automatic),48.41,2215.65,No
CUS-06008,Male,0,Yes,No,27,Yes,Yes,No,No,No,Yes,One year,Yes,Credit card (automatic),79.9,2225.56,No
CUS-06009,Female,1,Yes,Yes,34,Yes,No,DSL,Yes,No,No,Month-to-month,Yes,Mailed check,32.43,1063.92,No
CUS-06010,Female,0,Yes,Yes,24,Yes,No,Fiber optic,No,No,No,Two year,Yes,Bank transfer (automatic),54.32,1339.18,No
CUS-06011,Male,0,Yes,No,56,Yes,Yes,No,No,No,Yes,Month-to-month,No,Electronic check,37.48,2188.61,Yes
CUS-06012,Male,0,No,Yes,7,Yes,Yes,DSL,No,No,No,One year,Yes,Electronic check,38.13,277.85,No
CUS-06013,Male,0,Yes,No,68,Yes,No,Fiber optic,No,No internet service,No internet service,One year,Yes,Mailed check,84.11,5951.15,No
CUS-06014,Female,0,No,No,51,Yes,Yes,Fiber optic,Yes,No internet service,Yes,Month-to-month,Yes,Mailed check,46.65,2420.53,Yes
CUS-06015,Female,0,Yes,No,8,Yes,No,Fiber optic,No,No,Yes,Month-to-month,Yes,Electronic check,43.1,336.19,Yes
CUS-06016,Female,0,No,No,56,Yes,No,No,Yes,No internet service,Yes,Month-to-month,Yes,Electronic check,98.8,5580.14,Yes
CUS-06017,Female,0,Yes,Yes,58,No,No,Fiber optic,No,No,No,Month-to-month,Yes,Bank transfer (automatic),65.38,3710.06,No
CUS-06018,Female,0,Yes,No,69,Yes,No,DSL,Yes,No,No,Month-to-month,Yes,Electronic check,56.0,3980.23,No
CUS-06019,Male,0,No,No,8,No,No,Fiber optic,No,Yes,Yes,Month-to-month,No,Mailed check,99.52,770.06,Yes
CUS-06020,Male,0,Yes,No,66,Yes,Yes,DSL,No,No internet service,Yes,Two year,Yes,Credit card (automatic),66.87,4288.25,No
CUS-06021,Female,0,Yes,No,24,Yes,No phone service,DSL,No,No,No,Month-to-month,No,Credit card (automatic),99.49,2331.67,No
CUS-06022,Female,0,Yes,Yes,42,Yes,No phone service,No,Yes,Yes,No,One year,Yes,Electronic check,49.85,2113.44,No
CUS-06023,Male,0,No,No,54,Yes,No,Fiber optic,Yes,No,No,Month-to-month,No,Electronic check,114.19,6220.51,No
CUS-06024,Male,0,No,No,16,Yes,No,Fiber optic,Yes,No,No,Two year,Yes,Electronic check,110.37,1774.62,No
CUS-06025,Male,0,No,No,4,Yes,No,DSL,No,No internet service,Yes,Month-to-month,No,Electronic check,100.36,387.2,Yes
CUS-06026,Male,0,No,No,59,Yes,No,DSL,Yes,No,Yes,Month-to-month,Yes,Electronic check,39.28,2309.05,No
CUS-06027,Female,0,No,Yes,46,Yes,No phone service,DSL,No,No,Yes,Month-to-month,Yes,Mailed check,90.75,4353.36,No
CUS-06028,Male,0,No,Yes,13,Yes,Yes,No,Yes,No internet service,No,Month-to-month,No,Electronic check,99.76,1353.71,Yes
CUS-06029,Female,0,No,No,37,Yes,Yes,No,No internet service,No,No,Month-to-month,Yes,Mailed check,54.34,2006.65,Yes
CUS-06030,Male,0,No,No,54,No,No phone service,Fiber optic,No,Yes,No,One year,No,Mailed check,32.03,1688.52,Yes
CUS-06031,Male,0,Yes,No,49,Yes,Yes,DSL,Yes,No,No,Month-to-month,Yes,Bank transfer (automatic),44.96,2311.58,No
CUS-06032,Male,1,No,No,58,Yes,No,Fiber optic,Yes,No internet service,No,Month-to-month,No,Mailed check,76.56,4316.13,Yes
CUS-06033,Female,0,No,No,19,Yes,Yes,No,No,Yes,Yes,Month-to-month,Yes,Electronic check,43.18,848.39,No
CUS-06034,Female,0,Yes,No,18,Yes,No phone service,No,No internet service,No internet service,No,Month-to-month,Yes,Bank transfer (automatic),84.16,1483.78,No
CUS-06035,Male,0,Yes,No,60,Yes,No,Fiber optic,Yes,No,No internet service,Month-to-month,Yes,Credit card (automatic),57.19,3572.06,No
CUS-06036,Female,0,Yes,No,17,No,No phone service,Fiber optic,No internet service,Yes,No,Month-to-month,Yes,Mailed check,40.56,663.25,No
CUS-06037,Female,0,Yes,Yes,11,Yes,No phone service,Fiber optic,No,Yes,No,Month-to-month,No,Electronic check,79.31,856.38,No
CUS-06038,Male,1,Yes,No,15,Yes,Yes,DSL,No internet service,Yes,Yes,Two year,Yes,Bank transfer (automatic),25.38,386.14,No
CUS-06039,Male,0,Yes,No,17,Yes,No,Fiber optic,No internet service,No,No,Month-to-month,No,Credit card (automatic),80.48,1312.7,No
CUS-06040,Female,0,Yes,Yes,5,Yes,No,Fiber optic,No internet service,Yes,No,Month-to-month,Yes,Credit card (automatic),115.44,570.95,Yes
CUS-06041,Female,0,No,No,61,Yes,No,Fiber optic,Yes,Yes,No,Month-to-month,No,Electronic check,89.14,5379.73,Yes
CUS-06042,Female,0,Yes,No,4,Yes,Yes,Fiber optic,No internet service,No,Yes,Two year,Yes,Electronic check,50.81,203.47,Yes
CUS-06043,Male,0,Yes,No,56,Yes,No phone service,Fiber optic,Yes,No,Yes,Month-to-month,Yes,Credit card (automatic),108.13,5754.72,No
CUS-06044,Male,0,Yes,No,48,Yes,Yes,Fiber optic,No,No,Yes,Month-to-month,Yes,Electronic check,70.78,3448.83,Yes
CUS-06045,Female,0,No,No,48,Yes,No,DSL,No,Yes,No internet service,Month-to-month,No,Mailed check,70.84,3369.5,Yes
CUS-06046,Male,1,Yes,No,35,Yes,No,No,No,Yes,No internet service,Month-to-month,Yes,Bank transfer (automatic),55.83,1903.65,No
CUS-06047,Male,0,Yes,No,33,Yes,No,Fiber optic,No,No,No,Month-to-month,Yes,Mailed check,23.22,743.75,Yes
CUS-06048,Female,0,No,Yes,21,Yes,Yes,Fiber optic,No internet service,No,No,One year,No,Credit card (automatic),45.0,970.99,No
CUS-06049,Female,1,Yes,No,5,Yes,Yes,Fiber optic,No internet service,No,Yes,Month-to-month,Yes,Bank transfer (automatic),99.83,488.48,No
CUS-06050,Male,0,Yes,No,64,Yes,Yes,No,No,No,Yes,One year,Yes,Mailed check,43.97,2863.97,No
CUS-06051,Male,0,Yes,No,69,Yes,No,Fiber optic,No,No internet service,Yes,Month-to-month,No,Electronic check,59.24,3887.2,Yes
CUS-06052,Female,0,No,Yes,21,Yes,No,Fiber optic,Yes,Yes,No,Month-to-month,Yes,Credit card (automatic),81.4,1789.79,Yes
CUS-06053,Male,0,No,No,32,Yes,No,No,No,No,Yes,Two year,Yes,Mailed check,46.24,1417.59,No
CUS-06054,Male,0,No,No,18,Yes,Yes,No,No,No,No,Month-to-month,Yes,Bank transfer (automatic),99.18,1768.2,Yes
CUS-06055,Female,0,Yes,No,58,Yes,Yes,Fiber optic,No,Yes,No,Month-to-month,No,Mailed check,107.87,6361.33,No
CUS-06056,Female,0,No,No,24,Yes,No phone service,DSL,No internet service,No,No internet service,Month-to-month,Yes,Bank transfer (automatic),24.17,587.29,Yes
CUS-06057,Male,0,Yes,Yes,5,Yes,No,No,No,Yes,No internet service,Month-to-month,Yes,Bank transfer (automatic),75.46,392.11,No
CUS-06058,Male,1,Yes,No,53,Yes,Yes,No,No internet service,No,No internet service,One year,No,Mailed check,52.94,2937.61,No
CUS-06059,Male,0,Yes,No,55,Yes,No,DSL,No,Yes,No,Month-to-month,Yes,Mailed check,73.43,4127.4,Yes
CUS-06060,Female,0,No,No,5,Yes,No phone service,Fiber optic,Yes,No internet service,No internet service,Two year,Yes,Credit card (automatic),72.68,368.44,No
CUS-06061,Male,0,Yes,No,69,Yes,No phone service,Fiber optic,No,Yes,No,Month-to-month,Yes,Bank transfer (automatic),19.0,1258.34,No
CUS-06062,Male,0,No,No,41,Yes,No,DSL,No,No,Yes,Month-to-month,Yes,Credit card (automatic),82.85,3376.68,Yes
CUS-06063,Female,0,No,Yes,7,Yes,No,DSL,No,Yes,No,Month-to-month,Yes,Bank transfer (automatic),39.59,268.46,Yes
CUS-06064,Female,0,Yes,No,1,Yes,Yes,Fiber optic,Yes,Yes,No internet service,Two year,No,Mailed check,73.91,73.02,No
CUS-06065,Male,0,Yes,No,52,Yes,No,No,No,No,No,Two year,Yes,Credit card (automatic),107.54,5391.53,No
CUS-06066,Female,0,Yes,Yes,26,Yes,No,DSL,Yes,No,Yes,Month-to-month,No,Mailed check,37.23,995.6,No
CUS-06067,Female,0,Yes,No,63,Yes,Yes,No,No internet service,No,Yes,Month-to-month,Yes,Electronic check,45.02,2839.99,No
CUS-06068,Male,0,Yes,No,12,Yes,Yes,No,No internet service,No,Yes,Two year,Yes,Bank transfer (automatic),24.36,280.94,No
CUS-06069,Female,0,No,No,70,Yes,Yes,No,No,No internet service,Yes,Month-to-month,No,Mailed check,67.17,4711.68,No
CUS-06070,Female,0,Yes,Yes,19,Yes,No,Fiber optic,Yes,No,No internet service,Month-to-month,Yes,Electronic check,105.01,1961.15,Yes
CUS-06071,Male,0,No,No,4,Yes,Yes,Fiber optic,No,Yes,No,Two year,Yes,Electronic check,72.48,289.96,No
CUS-06072,Female,0,Yes,No,5,Yes,No,Fiber optic,No,No internet service,Yes,Two year,No,Electronic check,53.25,259.78,No
CUS-06073,Male,0,No,No,54,Yes,No,No,No internet service,No internet service,Yes,Month-to-month,Yes,Credit card (automatic),108.58,6013.64,No
CUS-06074,Male,1,No,No,70,Yes,Yes,Fiber optic,Yes,No,No internet service,Month-to-month,No,Bank transfer (automatic),71.23,4740.85,Yes
CUS-06075,Female,0,No,Yes,57,Yes,No phone service,DSL,No,Yes,No internet service,Two year,No,Bank transfer (automatic),115.37,6339.5,No
CUS-06076,Female,0,No,No,52,Yes,No,DSL,No,Yes,Yes,Month-to-month,Yes,Credit card (automatic),93.02,4871.55,No
CUS-06077,Female,0,Yes,No,18,No,Yes,Fiber optic,Yes,No,No,Month-to-month,No,Electronic check,109.13,1993.47,Yes
CUS-06078,Male,1,Yes,No,64,Yes,Yes,No,Yes,No,No internet service,Month-to-month,Yes,Electronic check,82.83,5058.12,No
CUS-06079,Female,0,No,No,10,Yes,Yes,Fiber optic,No,Yes,No,Two year,No,Credit card (automatic),116.94,1188.85,Yes
CUS-06080,Male,0,No,No,23,Yes,Yes,Fiber optic,No,No,No,Month-to-month,No,Bank transfer (automatic),70.54,1574.0,Yes
CUS-06081,Female,0,No,No,68,No,No,DSL,No internet service,Yes,No,Month-to-month,Yes,Mailed check,82.06,5383.39,No
CUS-06082,Female,0,Yes,No,52,Yes,No,No,No internet service,No internet service,Yes,Month-to-month,Yes,Bank transfer (automatic),31.42,1555.44,No
CUS-06083,Female,0,Yes,No,47,Yes,No,Fiber optic,No,No,Yes,Two year,No,Electronic check,111.67,5244.15,No
CUS-06084,Male,0,Yes,No,70,Yes,No,No,No,No internet service,No,One year,No,Bank transfer (automatic),51.5,3695.97,No
CUS-06085,Female,0,No,No,26,Yes,No,Fiber optic,Yes,No,No internet service,Two year,No,Mailed check,84.5,2217.97,No
CUS-06086,Female,0,No,No,70,No,Yes,Fiber optic,No internet service,No,No,One year,No,Electronic check,54.05,3921.89,No
CUS-06087,Male,0,No,Yes,43,Yes,No,Fiber optic,No,Yes,Yes,One year,Yes,Credit card (automatic),106.52,4595.99,No
CUS-06088,Male,1,No,No,69,Yes,No,DSL,No,No,No,Month-to-month,Yes,Electronic check,29.04,1905.37,No
CUS-06089,Female,0,No,Yes,63,Yes,Yes,DSL,No internet service,Yes,No,Two year,No,Electronic check,108.15,7055.14,No
CUS-06090,Female,0,No,No,66,Yes,No phone service,DSL,Yes,No internet service,Yes,One year,Yes,Mailed check,80.57,5540.32,Yes
CUS-06091,Female,0,Yes,No,63,No,No,Fiber optic,No,Yes,Yes,One year,No,Electronic check,113.65,7427.22,Yes
CUS-06092,Male,1,No,Yes,13,Yes,No,Fiber optic,No,No internet service,No,Two year,No,Credit card (automatic),68.36,861.15,No
CUS-06093,Male,1,Yes,No,51,Yes,No,DSL,Yes,No,Yes,Month-to-month,No,Electronic check,67.32,3601.74,Yes
CUS-06094,Male,0,No,No,5,Yes,Yes,Fiber optic,Yes,Yes,Yes,Month-to-month,Yes,Credit card (automatic),53.88,281.83,No
CUS-06095,Male,0,Yes,Yes,47,Yes,No,Fiber optic,No,No,Yes,Month-to-month,No,Electronic check,50.9,2477.56,No
CUS-06096,Female,0,No,No,36,Yes,Yes,Fiber optic,No,No,No,Month-to-month,Yes,Credit card (automatic),30.33,1100.76,No
CUS-06097,Male,1,No,No,36,Yes,No,DSL,No,No,No,Month-to-month,Yes,Electronic check,50.73,1771.15,No
CUS-06098,Male,0,No,No,50,Yes,Yes,Fiber optic,No internet service,Yes,No,Two year,No,Electronic check,78.91,3824.66,No
CUS-06099,Male,0,No,No,56,Yes,Yes,Fiber optic,No,Yes,Yes,One year,No,Mailed check,26.44,1483.43,Yes
CUS-06100,Female,0,No,Yes,19,Yes,Yes,DSL,No,No,Yes,Two year,Yes,Mailed check,36.6,722.7,Yes
CUS-06101,Female,1,No,Yes,20,Yes,Yes,Fiber optic,Yes,No,Yes,One year,No,Bank transfer (automatic),103.99,2055.44,No
CUS-06102,Male,0,Yes,No,22,Yes,Yes,DSL,Yes,No internet service,Yes,Month-to-month,Yes,Bank transfer (automatic),27.13,596.5,No
CUS-06103,Male,0,No,No,31,Yes,No,No,No,No,Yes,Month-to-month,No,Credit card (automatic),42.13,1295.48,Yes
CUS-06104,Female,0,Yes,No,62,Yes,No,No,No,Yes,Yes,Month-to-month,No,Credit card (automatic),18.38,1166.72,Yes
CUS-06105,Female,0,No,No,44,Yes,Yes,Fiber optic,No,Yes,No,Two year,Yes,Mailed check,89.88,3796.13,No
CUS-06106,Female,0,No,No,68,No,No,DSL,No,Yes,No,Month-to-month,Yes,Electronic check,103.08,7163.72,No
CUS-06107,Female,1,No,No,67,No,No,Fiber optic,Yes,No,Yes,Two year,Yes,Electronic check,105.95,7301.22,No
CUS-06108,Female,1,No,No,49,Yes,Yes,Fiber optic,No,No internet service,Yes,Month-to-month,Yes,Electronic check,108.02,5406.86,Yes
CUS-06109,Female,1,No,Yes,59,Yes,No,Fiber optic,No,No internet service,Yes,Month-to-month,Yes,Electronic check,58.36,3504.2,Yes
CUS-06110,Female,0,No,Yes,4,Yes,No,DSL,Yes,No internet service,Yes,One year,Yes,Credit card (automatic),73.95,292.56,No
CUS-06111,Female,0,No,No,39,Yes,No,DSL,No internet service,Yes,Yes,One year,Yes,Mailed check,85.78,3339.93,Yes
CUS-06112,Male,1,No,No,7,Yes,No,DSL,No,No internet service,Yes,Month-to-month,No,Bank transfer (automatic),109.46,744.14,No
CUS-06113,Male,0,No,Yes,71,Yes,Yes,Fiber optic,Yes,Yes,No,Two year,Yes,Credit card (automatic),97.64,7065.7,No
CUS-06114,Male,0,Yes,No,49,Yes,Yes,No,No,No internet service,No internet service,Two year,No,Electronic check,66.91,3183.2,Yes
CUS-06115,Male,1,No,No,15,Yes,No,Fiber optic,No internet service,Yes,No,Two year,No,Bank transfer (automatic),68.97,1040.55,No
CUS-06116,Male,0,No,Yes,7,Yes,Yes,DSL,No,Yes,Yes,Month-to-month,No,Bank transfer (automatic),51.63,370.33,No
CUS-06117,Male,0,No,No,47,Yes,No,DSL,No,No,No,Month-to-month,Yes,Credit card (automatic),19.17,872.56,No
CUS-06118,Female,0,No,Yes,68,Yes,Yes,Fiber optic,No,Yes,No,Two year,Yes,Electronic check,32.44,2155.37,No
CUS-06119,Female,0,Yes,No,45,Yes,Yes,DSL,No,No,No internet service,One year,No,Mailed check,51.16,2288.17,No
CUS-06120,Male,0,Yes,Yes,19,Yes,Yes,DSL,No,No,Yes,Two year,Yes,Bank transfer (automatic),78.59,1515.18,No
CUS-06121,Male,0,No,No,47,Yes,No,DSL,No,No,No,Month-to-month,Yes,Bank transfer (automatic),89.4,4127.53,No
CUS-06122,Female,0,No,Yes,53,Yes,No,Fiber optic,No,No,Yes,Two year,No,Bank transfer (automatic),107.1,5493.42,Yes
CUS-06123,Female,0,No,No,27,No,Yes,Fiber optic,Yes,Yes,No,Month-to-month,No,Bank transfer (automatic),73.45,1914.85,Yes
CUS-06124,Female,0,Yes,No,5,Yes,No,No,Yes,Yes,Yes,Month-to-month,Yes,Mailed check,57.41,280.24,No
CUS-06125,Male,0,No,No,60,No,Yes,Fiber optic,No internet service,No,Yes,Month-to-month,No,Credit card (automatic),87.14,5178.53,Yes
CUS-06126,Female,1,No,No,62,Yes,Yes,DSL,No internet service,No,No internet service,Two year,Yes,Electronic check,57.19,3401.45,No
CUS-06127,Male,0,Yes,No,59,Yes,Yes,Fiber optic,No internet service,No,No,Month-to-month,Yes,Electronic check,28.85,1779.11,Yes
CUS-06128,Male,0,Yes,Yes,61,Yes,No phone service,DSL,No,No internet service,No internet service,Month-to-month,Yes,Electronic check,18.41,1179.05,No
CUS-06129,Female,0,Yes,No,56,Yes,No,Fiber optic,Yes,No,No,Month-to-month,Yes,Electronic check,88.84,5159.73,Yes
CUS-06130,Female,1,Yes,No,47,Yes,No,DSL,No,Yes,No,Month-to-month,Yes,Credit card (automatic),107.91,5237.83,Yes
CUS-06131,Male,0,Yes,No,48,Yes,Yes,DSL,No,No,No,One year,Yes,Bank transfer (automatic),85.81,4089.69,No
CUS-06132,Female,0,Yes,No,10,Yes,No,Fiber optic,No,No internet service,No,Two year,No,Credit card (automatic),20.76,204.22,No
CUS-06133,Female,1,No,No,32,Yes,No,DSL,No internet service,No,No,Month-to-month,Yes,Credit card (automatic),39.94,1269.5,No
CUS-06134,Male,0,Yes,No,65,Yes,Yes,DSL,No,No,Yes,Month-to-month,No,Electronic check,112.64,6969.35,Yes
CUS-06135,Female,1,Yes,No,24,Yes,Yes,DSL,No,No,Yes,One year,No,Bank transfer (automatic),88.97,2062.63,No
CUS-06136,Male,1,Yes,No,29,Yes,No,Fiber optic,No internet service,No,Yes,Month-to-month,No,Mailed check,91.75,2673.1,Yes
CUS-06137,Male,1,Yes,No,7,Yes,Yes,DSL,No internet service,Yes,No,Two year,No,Credit card (automatic),98.63,719.9,Yes
CUS-06138,Female,0,No,No,17,Yes,No,Fiber optic,No,Yes,No,Month-to-month,Yes,Bank transfer (automatic),109.26,1936.79,No
CUS-06139,Male,0,Yes,No,25,Yes,Yes,Fiber optic,Yes,No,No,Two year,No,Electronic check,61.92,1581.19,No
CUS-06140,Male,1,No,No,36,Yes,No,DSL,No internet service,No,Yes,Month-to-month,Yes,Electronic check,61.01,2193.04,Yes
CUS-06141,Female,0,No,No,61,Yes,Yes,No,Yes,No internet service,No,Month-to-month,No,Bank transfer (automatic),20.31,1210.12,Yes
CUS-06142,Female,0,Yes,No,71,Yes,Yes,No,No,Yes,Yes,One year,Yes,Electronic check,111.72,7863.93,Yes
CUS-06143,Female,0,No,No,35,Yes,No,No,No internet service,Yes,No,Two year,No,Mailed check,31.05,1139.45,No
CUS-06144,Male,0,No,No,50,No,No phone service,Fiber optic,Yes,Yes,No,Month-to-month,No,Electronic check,63.07,3266.15,No
CUS-06145,Male,0,Yes,Yes,56,Yes,No phone service,Fiber optic,No,No,No,Month-to-month,Yes,Bank transfer (automatic),78.0,4361.23,Yes
CUS-06146,Female,0,No,Yes,65,No,Yes,Fiber optic,No,No,Yes,One year,No,Electronic check,117.37,7898.79,No
CUS-06147,Male,0,No,No,41,Yes,Yes,DSL,No,No,No,Month-to-month,Yes,Bank transfer (automatic),57.93,2433.92,No
CUS-06148,Female,0,No,No,25,Yes,No,DSL,No internet service,Yes,No,Two year,Yes,Electronic check,84.87,2101.28,Yes
CUS-06149,Female,0,Yes,No,34,Yes,Yes,DSL,No internet service,No,No internet service,Month-to-month,No,Mailed check,113.27,3848.9,Yes
CUS-06150,Male,0,No,No,8,Yes,No,Fiber optic,No,No,No,One year,Yes,Mailed check,75.15,599.01,Yes
CUS-06151,Female,0,Yes,No,56,Yes,No,DSL,Yes,No,No,Two year,No,Electronic check,71.43,3805.88,No
CUS-06152,Male,0,Yes,No,30,Yes,No,Fiber optic,No internet service,No,No internet service,Month-to-month,Yes,Credit card (automatic),75.3,2218.64,Yes
CUS-06153,Male,0,Yes,No,68,Yes,No,DSL,No,Yes,Yes,Two year,Yes,Electronic check,99.79,6472.74,Yes
CUS-06154,Female,0,No,Yes,21,Yes,Yes,Fiber optic,Yes,No internet service,No,Month-to-month,No,Mailed check,22.26,485.45,Yes
CUS-06155,Male,0,No,No,10,Yes,No,Fiber optic,No,No,Yes,One year,Yes,Electronic check,94.01,948.24,No
CUS-06156,Female,0,Yes,No,33,Yes,No,DSL,Yes,No internet service,No internet service,Month-to-month,Yes,Mailed check,35.23,1151.44,No
CUS-06157,Male,0,Yes,No,4,Yes,No,DSL,Yes,No,No,Month-to-month,No,Electronic check,94.72,363.71,Yes
CUS-06158,Male,0,No,No,23,Yes,Yes,DSL,No,Yes,No,One year,No,Mailed check,98.01,2150.68,Yes
CUS-06159,Male,0,No,No,69,Yes,Yes,DSL,No,No,Yes,One year,No,Electronic check,80.62,5427.14,No
CUS-06160,Female,0,Yes,Yes,53,No,No phone service,Fiber optic,No,No,No,Month-to-month,Yes,Mailed check,61.91,3247.04,Yes
CUS-06161,Male,1,No,Yes,5,Yes,No,No,No,No,Yes,Month-to-month,No,Electronic check,91.25,460.76,Yes
CUS-06162,Female,0,Yes,Yes,18,Yes,No phone service,Fiber optic,No internet service,No,No,Month-to-month,No,Mailed check,19.91,353.08,No
CUS-06163,Male,1,No,No,17,Yes,No,No,No,Yes,Yes,Month-to-month,No,Electronic check,82.87,1406.14,Yes
CUS-06164,Male,0,No,Yes,58,Yes,No phone service,No,No,Yes,Yes,Month-to-month,Yes,Electronic check,41.23,2434.36,No
CUS-06165,Female,0,Yes,Yes,67,Yes,Yes,Fiber optic,No,Yes,Yes,One year,No,Mailed check,84.04,5373.76,No
CUS-06166,Female,0,No,No,56,Yes,Yes,DSL,No,No internet service,Yes,Two year,Yes,Bank transfer (automatic),31.78,1784.1,No
CUS-06167,Female,0,No,No,40,Yes,No,No,No,Yes,No,Month-to-month,Yes,Bank transfer (automatic),35.96,1407.44,No
CUS-06168,Female,0,Yes,No,2,Yes,No,Fiber optic,No,No,Yes,Month-to-month,Yes,Electronic check,63.18,129.92,No
CUS-06169,Female,0,Yes,No,21,Yes,No,No,Yes,No,Yes,Two year,No,Credit card (automatic),70.99,1464.39,Yes
CUS-06170,Male,0,Yes,No,52,Yes,No,Fiber optic,No,No,No internet service,Month-to-month,Yes,Bank transfer (automatic),59.63,2998.37,No
CUS-06171,Male,0,Yes,Yes,24,Yes,No phone service,Fiber optic,Yes,No internet service,Yes,One year,Yes,Mailed check,79.11,1953.59,No
CUS-06172,Female,0,No,No,53,Yes,Yes,No,No,Yes,No,Month-to-month,Yes,Electronic check,23.35,1270.81,Yes
CUS-06173,Male,0,Yes,No,38,Yes,No,Fiber optic,Yes,Yes,Yes,One year,Yes,Mailed check,37.33,1413.42,No
CUS-06174,Male,1,No,No,20,Yes,Yes,Fiber optic,No,No,No internet service,Month-to-month,Yes,Bank transfer (automatic),18.37,355.8,No
CUS-06175,Male,0,Yes,No,50,Yes,Yes,Fiber optic,No,No,No,Month-to-month,No,Electronic check,74.61,3720.41,No
CUS-06176,Female,0,No,No,39,Yes,No,No,No internet service,No,No,Two year,No,Credit card (automatic),87.07,3375.99,No
CUS-06177,Male,0,Yes,No,60,Yes,No,Fiber optic,No,No,No,Two year,Yes,Mailed check,66.36,3841.09,No
CUS-06178,Male,0,Yes,No,39,Yes,No,Fiber optic,Yes,No internet service,No internet service,Month-to-month,Yes,Electronic check,64.12,2466.4,Yes
CUS-06179,Male,0,Yes,No,71,Yes,No phone service,Fiber optic,No internet service,No internet service,Yes,Month-to-month,No,Mailed check,60.57,4435.76,Yes
CUS-06180,Female,0,No,No,33,Yes,Yes,Fiber optic,No,No internet service,No,Month-to-month,No,Mailed check,51.6,1703.32,No
CUS-06181,Male,0,Yes,No,29,Yes,Yes,DSL,Yes,No,No,Two year,No,Bank transfer (automatic),76.83,2145.5,No
CUS-06182,Male,1,Yes,No,10,Yes,Yes,DSL,No,Yes,No internet service,Two year,Yes,Electronic check,18.61,193.26,No
CUS-06183,Female,0,No,Yes,67,Yes,Yes,DSL,Yes,Yes,Yes,Month-to-month,No,Electronic check,77.55,5322.64,Yes
CUS-06184,Female,1,No,No,3,Yes,Yes,No,No,No,Yes,Month-to-month,No,Mailed check,66.99,201.84,Yes
CUS-06185,Male,1,No,Yes,31,Yes,Yes,DSL,No internet service,No,No,Month-to-month,Yes,Electronic check,80.55,2438.97,No
CUS-06186,Male,1,Yes,No,27,Yes,No,Fiber optic,No,No,No internet service,Month-to-month,No,Electronic check,103.44,2680.26,No
CUS-06187,Female,0,Yes,No,70,Yes,Yes,No,No,No,Yes,Month-to-month,Yes,Bank transfer (automatic),100.87,7229.07,Yes
CUS-06188,Female,0,No,No,27,No,No,DSL,Yes,No internet service,Yes,Month-to-month,No,Electronic check,98.71,2699.1,Yes
CUS-06189,Female,0,No,No,9,No,No phone service,DSL,No,No,Yes,Month-to-month,No,Credit card (automatic),59.15,549.37,Yes
CUS-06190,Female,0,Yes,No,6,Yes,No,No,No internet service,Yes,Yes,Month-to-month,Yes,Mailed check,57.0,348.47,No
CUS-06191,Female,0,Yes,No,6,Yes,No,Fiber optic,No,Yes,Yes,One year,No,Bank transfer (automatic),38.69,224.12,Yes
CUS-06192,Female,0,No,No,26,Yes,No,DSL,No,No,No internet service,Two year,No,Electronic check,21.17,547.8,No
CUS-06193,Female,0,Yes,No,43,Yes,Yes,No,No,No,Yes,Two year,No,Electronic check,68.52,2890.99,Yes
CUS-06194,Male,0,No,Yes,19,Yes,No,No,Yes,Yes,No,One year,No,Electronic check,115.47,2274.11,No
CUS-06195,Female,0,Yes,No,16,Yes,No,No,No internet service,Yes,Yes,Two year,Yes,Bank transfer (automatic),93.22,1457.76,No
CUS-06196,Female,0,No,No,23,Yes,Yes,DSL,Yes,No internet service,No internet service,Month-to-month,Yes,Bank transfer (automatic),72.75,1672.47,Yes
CUS-06197,Male,0,No,Yes,29,Yes,No,Fiber optic,No,No,No,Month-to-month,Yes,Mailed check,47.8,1392.9,Yes
CUS-06198,Female,0,Yes,No,38,Yes,No,Fiber optic,No internet service,Yes,No,Month-to-month,Yes,Bank transfer (automatic),30.19,1161.6,No
CUS-06199,Female,0,Yes,Yes,59,Yes,Yes,Fiber optic,No,Yes,No,Month-to-month,Yes,Credit card (automatic),44.38,2653.83,No
CUS-06200,Male,0,No,No,48,Yes,No,DSL,No internet service,No internet service,No internet service,Two year,Yes,Mailed check,71.42,3478.09,No
CUS-06201,Female,0,Yes,Yes,20,Yes,No,DSL,No,No internet service,No,Month-to-month,Yes,Bank transfer (automatic),80.41,1584.94,No
CUS-06202,Male,0,No,No,21,Yes,No,Fiber optic,No,No,No internet service,Month-to-month,Yes,Credit card (automatic),54.59,1147.05,Yes
CUS-06203,Male,0,No,No,28,Yes,Yes,Fiber optic,No internet service,No,Yes,One year,Yes,Electronic check,28.49,762.5,No
CUS-06204,Male,0,No,No,50,Yes,No,DSL,No internet service,No internet service,No,Two year,Yes,Electronic check,44.29,2220.58,Yes
CUS-06205,Male,0,Yes,No,33,Yes,Yes,Fiber optic,No,Yes,Yes,One year,Yes,Mailed check,43.7,1459.7,No
CUS-06206,Female,0,Yes,No,40,Yes,No phone service,Fiber optic,No,No,Yes,Month-to-month,No,Electronic check,71.51,2930.3,No
CUS-06207,Male,0,No,No,54,Yes,No,DSL,No,Yes,No,One year,No,Electronic check,28.33,1475.86,No
CUS-06208,Male,0,Yes,No,10,Yes,No,Fiber optic,Yes,No,No internet service,Month-to-month,Yes,Electronic check,46.82,473.81,Yes
CUS-06209,Female,0,No,No,34,Yes,Yes,Fiber optic,Yes,No,Yes,Month-to-month,No,Electronic check,52.36,1749.51,No
CUS-06210,Male,1,No,Yes,36,Yes,Yes,Fiber optic,Yes,No internet service,No,Month-to-month,No,Electronic check,70.72,2521.43,No
CUS-06211,Male,0,Yes,Yes,7,No,Yes,DSL,No internet service,No,No internet service,Month-to-month,Yes,Electronic check,47.87,334.25,No
CUS-06212,Male,0,Yes,No,16,Yes,No,DSL,No,No internet service,Yes,Month-to-month,No,Electronic check,32.98,508.1,No
CUS-06213,Male,0,Yes,No,51,Yes,Yes,Fiber optic,No internet service,No,Yes,Month-to-month,No,Bank transfer (automatic),20.55,1020.8,No
CUS-06214,Female,0,No,Yes,61,Yes,No,No,No,Yes,No,Month-to-month,Yes,Bank transfer (automatic),35.3,2059.24,No
CUS-06215,Male,0,Yes,Yes,31,Yes,Yes,DSL,No,No internet service,Yes,Month-to-month,Yes,Bank transfer (automatic),100.47,3262.26,Yes
CUS-06216,Female,0,Yes,No,32,No,No,Fiber optic,Yes,No,No,Two year,No,Credit card (automatic),53.03,1644.48,No
CUS-06217,Female,0,No,No,45,Yes,Yes,DSL,No,No,Yes,Month-to-month,Yes,Electronic check,71.9,3278.77,Yes
CUS-06218,Male,0,Yes,No,27,No,Yes,DSL,No internet service,Yes,Yes,Month-to-month,Yes,Electronic check,67.0,1739.45,No
CUS-06219,Male,0,Yes,No,22,Yes,No,DSL,No internet service,No,No,Month-to-month,No,Credit card (automatic),45.63,1023.63,No
CUS-06220,Male,0,Yes,Yes,15,No,No,No,No,Yes,No internet service,One year,No,Electronic check,102.35,1592.82,No
CUS-06221,Male,0,No,No,8,Yes,No,DSL,No,Yes,Yes,Month-to-month,Yes,Bank transfer (automatic),111.86,892.67,Yes
CUS-06222,Female,0,Yes,No,68,Yes,No,DSL,No,Yes,No,Two year,No,Electronic check,39.24,2718.08,No
CUS-06223,Female,0,No,No,8,Yes,No,Fiber optic,Yes,No,No,One year,No,Mailed check,98.74,802.61,No
CUS-06224,Female,0,No,No,16,Yes,Yes,DSL,No,No internet service,No internet service,Two year,Yes,Credit card (automatic),93.58,1520.3,No
CUS-06225,Male,0,No,No,48,Yes,Yes,DSL,No,No,No,Month-to-month,Yes,Bank transfer (automatic),101.83,4695.21,No
CUS-06226,Female,0,No,No,34,No,No,DSL,No,Yes,No internet service,One year,No,Mailed check,58.89,2065.67,No
CUS-06227,Male,1,Yes,Yes,57,Yes,No phone service,No,No internet service,No internet service,Yes,Two year,Yes,Bank transfer (automatic),86.63,4980.4,Yes
CUS-06228,Male,1,Yes,Yes,5,Yes,No,DSL,No,No,No internet service,Month-to-month,Yes,Electronic check,37.0,179.95,Yes
CUS-06229,Male,0,Yes,Yes,44,No,No,No,Yes,Yes,No internet service,Two year,Yes,Credit card (automatic),114.81,5021.26,No
CUS-06230,Male,0,No,No,71,Yes,Yes,DSL,No internet service,Yes,No internet service,Month-to-month,No,Mailed check,90.27,6553.41,No
CUS-06231,Male,0,Yes,No,37,Yes,No,DSL,No,No internet service,No internet service,Month-to-month,Yes,Credit card (automatic),25.65,962.57,No
CUS-06232,Female,0,Yes,No,28,Yes,No,No,Yes,No,No internet service,Two year,Yes,Bank transfer (automatic),105.8,2859.49,Yes
CUS-06233,Female,1,Yes,No,68,No,No,Fiber optic,No internet service,Yes,No internet service,Month-to-month,No,Electronic check,113.91,7823.98,No
CUS-06234,Male,0,Yes,No,38,Yes,Yes,Fiber optic,No,Yes,No internet service,One year,Yes,Bank transfer (automatic),51.36,1953.35,No
CUS-06235,Female,0,No,Yes,46,Yes,Yes,Fiber optic,No,No,No,Month-to-month,Yes,Mailed check,71.89,3357.87,No
CUS-06236,Male,0,No,Yes,26,Yes,Yes,DSL,No internet service,No internet service,No internet service,Month-to-month,Yes,Bank transfer (automatic),117.19,3133.6,No
CUS-06237,Male,0,Yes,Yes,53,Yes,Yes,Fiber optic,Yes,No internet service,No,Two year,No,Credit card (automatic),63.09,3286.6,No
CUS-06238,Male,1,No,No,63,Yes,No,Fiber optic,No internet service,No,No,Month-to-month,Yes,Mailed check,84.57,5279.39,No
CUS-06239,Female,0,No,Yes,63,Yes,Yes,DSL,No,Yes,No,Month-to-month,Yes,Electronic check,63.25,4022.36,Yes
CUS-06240,Male,0,No,No,38,Yes,No,No,Yes,No,No internet service,Month-to-month,No,Credit card (automatic),25.57,999.07,No
CUS-06241,Male,0,No,No,15,Yes,No,Fiber optic,No,No internet service,No,Month-to-month,Yes,Mailed check,68.96,1046.49,Yes
CUS-06242,Female,0,Yes,Yes,9,Yes,Yes,DSL,No internet service,No internet service,Yes,Month-to-month,No,Electronic check,100.68,862.15,No
CUS-06243,Female,0,Yes,Yes,22,Yes,No,DSL,No internet service,No internet service,No,One year,No,Bank transfer (automatic),22.15,511.23,No
CUS-06244,Female,0,No,No,70,Yes,No,No,No,No,Yes,Month-to-month,No,Bank transfer (automatic),62.1,4142.02,No
CUS-06245,Male,0,No,Yes,56,Yes,No,Fiber optic,Yes,No,No,Month-to-month,Yes,Credit card (automatic),100.23,5819.59,No
CUS-06246,Male,0,No,Yes,37,Yes,No,Fiber optic,Yes,No internet service,No internet service,One year,Yes,Electronic check,53.34,2053.64,No
CUS-06247,Female,0,No,No,57,Yes,No,No,No,No internet service,No internet service,Month-to-month,No,Mailed check,115.74,6408.98,Yes
CUS-06248,Male,0,No,No,60,Yes,Yes,Fiber optic,No,Yes,No internet service,Two year,Yes,Electronic check,56.32,3472.21,No
CUS-06249,Female,0,No,Yes,12,Yes,Yes,Fiber optic,No internet service,No,No,Two year,No,Credit card (automatic),96.31,1153.04,Yes
CUS-06250,Female,0,No,No,7,Yes,Yes,DSL,No,No internet service,Yes,Two year,Yes,Mailed check,42.56,295.46,No
CUS-06251,Male,0,Yes,Yes,66,Yes,Yes,Fiber optic,No,No internet service,No,Month-to-month,Yes,Mailed check,51.24,3262.4,No
CUS-06252,Male,0,No,No,41,Yes,No,Fiber optic,Yes,No,No,Month-to-month,No,Electronic check,90.1,3679.43,No
CUS-06253,Female,0,No,No,24,Yes,Yes,No,Yes,No,Yes,Month-to-month,No,Credit card (automatic),23.7,576.62,No
CUS-06254,Female,0,No,No,25,No,No phone service,DSL,Yes,No,No,Month-to-month,No,Electronic check,27.38,684.37,No
CUS-06255,Female,0,Yes,No,62,Yes,No,DSL,No,No,No internet service,Two year,Yes,Credit card (automatic),44.68,2693.69,No
CUS-06256,Female,0,Yes,No,44,Yes,No,DSL,Yes,No,No,Month-to-month,No,Bank transfer (automatic),43.08,1893.05,No
CUS-06257,Male,0,No,No,2,Yes,No,Fiber optic,No internet service,Yes,No,Month-to-month,Yes,Mailed check,24.6,51.04,No
CUS-06258,Female,0,No,Yes,42,Yes,Yes,DSL,No,No,No,Month-to-month,No,Bank transfer (automatic),115.19,4991.73,Yes
CUS-06259,Female,1,No,No,33,No,No,No,No internet service,No,No,One year,Yes,Credit card (automatic),47.35,1514.39,Yes
CUS-06260,Female,0,Yes,No,17,Yes,No phone service,No,No,No,Yes,One year,No,Bank transfer (automatic),90.25,1532.61,Yes
CUS-06261,Male,0,Yes,No,63,Yes,Yes,Fiber optic,No,Yes,No internet service,Two year,No,Bank transfer (automatic),57.3,3647.38,No
CUS-06262,Male,0,Yes,No,22,Yes,Yes,DSL,No,No,No,Month-to-month,Yes,Credit card (automatic),117.1,2584.45,No
CUS-06263,Female,0,No,No,1,No,Yes,Fiber optic,No internet service,No,No,Two year,Yes,Mailed check,32.04,32.55,No
CUS-06264,Male,0,Yes,Yes,70,Yes,No,No,No internet service,No internet service,No,Month-to-month,No,Mailed check,55.43,3951.62,Yes
CUS-06265,Male,0,No,No,54,Yes,Yes,DSL,No,No,No internet service,Two year,No,Credit card (automatic),61.17,3271.52,No
CUS-06266,Male,0,Yes,Yes,14,Yes,No,Fiber optic,No,No,Yes,Month-to-month,Yes,Mailed check,89.73,1223.8,No
CUS-06267,Female,0,No,Yes,53,Yes,No,Fiber optic,Yes,Yes,No internet service,Month-to-month,No,Bank transfer (automatic),67.6,3562.1,Yes
CUS-06268,Female,0,No,Yes,6,Yes,Yes,No,No,Yes,No internet service,Month-to-month,No,Mailed check,93.03,536.3,Yes
CUS-06269,Male,0,No,No,64,Yes,No,DSL,No internet service,Yes,No internet service,Two year,Yes,Mailed check,102.12,6697.36,No
CUS-06270,Female,0,Yes,Yes,33,Yes,Yes,DSL,Yes,No internet service,No,Month-to-month,No,Electronic check,46.92,1591.03,No
CUS-06271,Female,0,No,No,44,Yes,Yes,Fiber optic,No,No,No internet service,Month-to-month,Yes,Electronic check,98.39,4521.04,Yes
CUS-06272,Male,0,Yes,No,34,Yes,Yes,DSL,No,No,No,Two year,Yes,Credit card (automatic),67.15,2374.19,Yes
CUS-06273,Male,0,Yes,Yes,34,Yes,No,Fiber optic,No internet service,No,No,Month-to-month,Yes,Mailed check,25.65,839.6,No
CUS-06274,Female,1,Yes,Yes,24,Yes,No,DSL,Yes,Yes,No internet service,Two year,No,Electronic check,47.7,1150.06,No
CUS-06275,Male,1,No,Yes,2,Yes,Yes,Fiber optic,Yes,Yes,No,Month-to-month,Yes,Bank transfer (automatic),98.29,200.62,Yes
CUS-06276,Female,0,Yes,No,8,Yes,Yes,Fiber optic,Yes,No,Yes,One year,Yes,Electronic check,56.89,470.06,No
CUS-06277,Female,0,No,Yes,25,Yes,No,Fiber optic,Yes,Yes,Yes,One year,No,Mailed check,27.33,669.45,No
CUS-06278,Male,0,Yes,No,32,Yes,No,No,No,No,No,Month-to-month,Yes,Bank transfer (automatic),81.84,2746.4,Yes
CUS-06279,Female,0,Yes,No,56,Yes,Yes,No,Yes,No internet service,No internet service,Month-to-month,Yes,Electronic check,103.03,5772.18,No
CUS-06280,Female,1,Yes,No,7,Yes,No,Fiber optic,No,No,No internet service,One year,Yes,Credit card (automatic),31.29,218.2,No
CUS-06281,Male,0,No,No,48,Yes,No,Fiber optic,No internet service,No,No internet service,Month-to-month,Yes,Bank transfer (automatic),72.3,3443.32,No
CUS-06282,Male,0,Yes,No,54,Yes,Yes,Fiber optic,Yes,No,Yes,Two year,No,Electronic check,38.78,2026.69,No
CUS-06283,Male,0,No,No,63,Yes,Yes,DSL,Yes,No,No,Month-to-month,No,Credit card (automatic),51.78,3281.09,No
CUS-06284,Female,0,No,No,2,Yes,Yes,Fiber optic,No internet service,No internet service,No,Month-to-month,No,Electronic check,59.39,114.32,Yes
CUS-06285,Male,0,No,Yes,35,Yes,No,DSL,No,No internet service,No,Month-to-month,No,Bank transfer (automatic),18.52,670.47,No
CUS-06286,Male,0,Yes,No,22,Yes,Yes,DSL,Yes,No,Yes,One year,Yes,Bank transfer (automatic),53.57,1125.29,No
CUS-06287,Male,0,Yes,No,64,Yes,No,Fiber optic,No,Yes,Yes,Two year,Yes,Electronic check,48.94,3242.58,No
CUS-06288,Male,0,No,Yes,59,No,No,Fiber optic,No internet service,No internet service,Yes,Month-to-month,Yes,Electronic check,84.84,5161.15,Yes
CUS-06289,Female,0,No,No,49,Yes,No,DSL,Yes,Yes,No,Month-to-month,Yes,Bank transfer (automatic),106.01,5090.96,Yes
CUS-06290,Female,0,Yes,No,52,Yes,Yes,Fiber optic,No,No,No,Month-to-month,No,Bank transfer (automatic),28.53,1414.67,Yes
CUS-06291,Male,0,No,No,21,Yes,No phone service,No,Yes,No,Yes,One year,No,Electronic check,66.28,1445.39,No
CUS-06292,Female,0,Yes,No,12,Yes,No,Fiber optic,No,Yes,No,One year,Yes,Electronic check,45.67,564.72,No
CUS-06293,Male,1,No,No,11,Yes,No,Fiber optic,No internet service,No internet service,Yes,Month-to-month,Yes,Electronic check,116.75,1301.55,No
CUS-06294,Male,0,Yes,Yes,54,Yes,No phone service,DSL,Yes,No internet service,No,Two year,No,Electronic check,96.03,4954.88,Yes
CUS-06295,Female,0,Yes,No,70,Yes,No,No,No,No internet service,Yes,Two year,No,Bank transfer (automatic),29.79,2087.12,No
CUS-06296,Female,0,Yes,Yes,14,Yes,No,DSL,No,Yes,Yes,One year,No,Electronic check,54.88,801.67,No
CUS-06297,Male,0,No,No,33,Yes,Yes,No,No,No,No,Two year,Yes,Electronic check,29.12,923.18,No
CUS-06298,Male,0,No,No,26,Yes,Yes,No,Yes,No internet service,Yes,Month-to-month,No,Mailed check,96.7,2516.71,Yes
CUS-06299,Female,0,Yes,Yes,14,Yes,No phone service,Fiber optic,No,Yes,No,Month-to-month,No,Mailed check,66.71,962.28,No
CUS-06300,Male,1,No,No,48,Yes,No,No,No,No,Yes,Two year,No,Credit card (automatic),82.73,4035.04,No
CUS-06301,Female,0,No,Yes,65,Yes,Yes,Fiber optic,Yes,No,Yes,Month-to-month,No,Bank transfer (automatic),75.49,4855.06,No
CUS-06302,Male,1,No,Yes,46,Yes,No,No,No,Yes,Yes,Month-to-month,Yes,Electronic check,36.26,1733.34,Yes
CUS-06303,Male,1,Yes,No,55,Yes,No,Fiber optic,No internet service,No internet service,Yes,One year,No,Mailed check,19.3,1064.37,No
CUS-06304,Female,1,No,Yes,68,Yes,Yes,DSL,Yes,Yes,Yes,Month-to-month,Yes,Electronic check,105.02,7404.79,Yes
CUS-06305,Female,0,Yes,No,12,Yes,No,DSL,No,No,No,Month-to-month,Yes,Electronic check,27.24,330.53,Yes
CUS-06306,Female,0,Yes,Yes,54,Yes,Yes,Fiber optic,No,No,No,Month-to-month,No,Electronic check,97.15,5147.96,No
CUS-06307,Female,0,No,Yes,64,Yes,No,No,Yes,No,No,Month-to-month,Yes,Mailed check,37.15,2472.4,No
CUS-06308,Female,0,No,Yes,47,Yes,Yes,No,No,Yes,Yes,One year,Yes,Electronic check,103.28,5038.45,No
CUS-06309,Female,0,No,No,37,Yes,No,No,No,No,No,Month-to-month,Yes,Electronic check,77.37,2807.36,No
CUS-06310,Female,0,No,Yes,41,Yes,Yes,DSL,No,No internet service,No internet service,Month-to-month,No,Bank transfer (automatic),57.92,2307.36,Yes
CUS-06311,Male,0,No,No,27,Yes,Yes,Fiber optic,No,No internet service,Yes,Month-to-month,No,Credit card (automatic),83.84,2372.06,No
CUS-06312,Male,1,Yes,No,42,Yes,Yes,Fiber optic,No internet service,No,Yes,Month-to-month,Yes,Electronic check,45.38,1900.92,Yes
CUS-06313,Male,0,Yes,Yes,68,Yes,No,Fiber optic,Yes,No,No internet service,Month-to-month,Yes,Electronic check,59.86,4273.04,Yes
CUS-06314,Female,0,No,Yes,29,Yes,Yes,DSL,No,No internet service,No,Month-to-month,No,Credit card (automatic),100.38,2839.33,No
CUS-06315,Female,0,No,No,36,Yes,No,Fiber optic,Yes,No,No internet service,Month-to-month,No,Electronic check,18.89,652.93,No
CUS-06316,Female,0,No,No,57,Yes,Yes,Fiber optic,Yes,No,No,Two year,No,Electronic check,41.4,2243.62,Yes
CUS-06317,Male,0,No,No,12,Yes,No,Fiber optic,Yes,No internet service,Yes,Two year,Yes,Electronic check,92.13,1084.8,No
CUS-06318,Female,1,No,No,45,Yes,No,Fiber optic,No,No,Yes,One year,No,Credit card (automatic),89.95,4082.08,No
CUS-06319,Female,0,No,No,20,No,Yes,Fiber optic,Yes,Yes,No,Month-to-month,Yes,Electronic check,34.37,670.13,Yes
CUS-06320,Male,0,Yes,No,45,Yes,Yes,DSL,No,No,No,One year,No,Credit card (automatic),116.3,5273.15,No
CUS-06321,Female,0,Yes,No,23,Yes,Yes,No,Yes,Yes,No,One year,Yes,Mailed check,85.65,1882.56,No
CUS-06322,Male,0,No,Yes,62,No,No,DSL,No,No internet service,No internet service,Month-to-month,No,Bank transfer (automatic),55.14,3579.53,No
CUS-06323,Male,0,No,Yes,34,Yes,No,Fiber optic,No,No internet service,No,Month-to-month,No,Bank transfer (automatic),53.09,1777.51,No
CUS-06324,Female,0,No,No,21,Yes,Yes,DSL,Yes,No internet service,No,Month-to-month,No,Bank transfer (automatic),70.27,1545.51,Yes
CUS-06325,Female,0,Yes,No,51,No,No,Fiber optic,No,Yes,No,Month-to-month,No,Electronic check,21.61,1105.92,No
CUS-06326,Female,0,No,Yes,9,Yes,Yes,No,Yes,No internet service,Yes,Month-to-month,No,Electronic check,89.46,802.42,Yes
CUS-06327,Male,0,No,No,10,Yes,Yes,DSL,Yes,No,No,Month-to-month,Yes,Electronic check,24.84,238.21,Yes
CUS-06328,Male,0,No,No,52,Yes,No,No,No internet service,No internet service,No internet service,Month-to-month,Yes,Electronic check,83.3,4151.74,No
CUS-06329,Male,1,Yes,No,45,Yes,Yes,DSL,No,No,No,One year,Yes,Bank transfer (automatic),98.18,4424.15,Yes
CUS-06330,Female,0,No,Yes,52,Yes,No,DSL,No internet service,No,Yes,Month-to-month,No,Bank transfer (automatic),108.53,5541.06,Yes
CUS-06331,Female,0,No,No,30,Yes,No phone service,No,Yes,No,Yes,Month-to-month,Yes,Electronic check,32.76,951.96,Yes
CUS-06332,Female,0,No,Yes,64,Yes,Yes,Fiber optic,No,Yes,Yes,Two year,No,Bank transfer (automatic),92.55,5707.21,Yes
CUS-06333,Female,1,No,Yes,2,Yes,No,DSL,Yes,No,No,Month-to-month,Yes,Electronic check,116.33,234.02,Yes
CUS-06334,Male,1,No,Yes,49,Yes,No phone service,No,No,Yes,Yes,Month-to-month,No,Mailed check,24.78,1190.09,No
CUS-06335,Male,0,Yes,No,45,Yes,Yes,Fiber optic,No,No,Yes,Month-to-month,No,Credit card (automatic),20.82,965.56,Yes
CUS-06336,Male,0,Yes,No,17,Yes,Yes,DSL,Yes,No,No,Month-to-month,No,Electronic check,39.24,639.72,No
CUS-06337,Male,0,No,No,28,Yes,Yes,No,No,No,No,One year,Yes,Electronic check,38.5,1024.98,No
CUS-06338,Female,0,Yes,No,45,Yes,No,Fiber optic,Yes,Yes,No,Month-to-month,Yes,Electronic check,49.95,2347.1,No
CUS-06339,Female,0,No,No,17,Yes,No,DSL,No internet service,No,No internet service,Two year,No,Credit card (automatic),110.36,1785.55,No
CUS-06340,Female,0,Yes,Yes,59,Yes,No,No,No,No internet service,Yes,Month-to-month,No,Electronic check,86.31,5275.59,Yes
CUS-06341,Male,0,Yes,Yes,14,Yes,No,Fiber optic,No,No,Yes,Two year,No,Bank transfer (automatic),19.07,277.14,No
CUS-06342,Male,1,No,No,10,No,No,Fiber optic,No internet service,No,No internet service,Two year,Yes,Credit card (automatic),67.54,705.58,No
CUS-06343,Female,0,Yes,No,18,Yes,Yes,No,Yes,No,No internet service,Month-to-month,Yes,Credit card (automatic),105.57,1899.27,No
CUS-06344,Female,0,No,No,35,No,No phone service,No,No,No,No internet service,Month-to-month,Yes,Mailed check,71.44,2531.35,Yes
CUS-06345,Male,0,No,No,48,Yes,Yes,DSL,Yes,Yes,Yes,Month-to-month,Yes,Mailed check,37.42,1772.14,Yes
CUS-06346,Female,0,Yes,No,58,Yes,Yes,No,Yes,Yes,Yes,Month-to-month,Yes,Credit card (automatic),113.4,6887.48,No
CUS-06347,Male,0,No,No,18,Yes,No phone service,Fiber optic,Yes,No,No,Month-to-month,No,Electronic check,48.73,897.47,No
CUS-06348,Male,0,Yes,No,52,Yes,No,Fiber optic,No,No,No internet service,Month-to-month,Yes,Mailed check,53.01,2817.33,No
CUS-06349,Male,0,No,No,30,Yes,No,No,No,No,Yes,Month-to-month,No,Bank transfer (automatic),53.63,1585.32,No
CUS-06350,Female,0,Yes,No,37,Yes,Yes,Fiber optic,Yes,No,No internet service,Month-to-month,No,Bank transfer (automatic),57.47,2084.11,Yes
CUS-06351,Female,0,Yes,No,40,No,No,DSL,Yes,No,Yes,One year,Yes,Electronic check,88.88,3575.6,No
CUS-06352,Male,0,No,No,6,Yes,No,Fiber optic,Yes,No,Yes,Month-to-month,Yes,Credit card (automatic),49.45,284.28,Yes
CUS-06353,Female,0,No,No,35,Yes,No,Fiber optic,No,No,Yes,Month-to-month,Yes,Credit card (automatic),64.5,2239.2,No
CUS-06354,Male,0,Yes,No,26,Yes,No phone service,DSL,No,No,Yes,Month-to-month,Yes,Electronic check,44.35,1156.79,No
CUS-06355,Male,0,No,No,30,Yes,Yes,No,No,No internet service,No internet service,One year,Yes,Mailed check,68.79,2115.33,No
CUS-06356,Male,0,No,No,24,Yes,No,No,No,No internet service,No,Two year,Yes,Mailed check,112.74,2725.15,No
CUS-06357,Male,0,No,No,55,Yes,No,Fiber optic,No internet service,No internet service,Yes,One year,Yes,Credit card (automatic),46.96,2554.39,No
CUS-06358,Female,0,Yes,No,9,Yes,No,Fiber optic,No,Yes,Yes,Two year,Yes,Bank transfer (automatic),99.64,854.43,No
CUS-06359,Male,0,No,No,62,Yes,Yes,DSL,No,No,No,Month-to-month,No,Electronic check,39.9,2525.36,Yes
CUS-06360,Male,0,No,No,18,Yes,Yes,No,Yes,No,Yes,Month-to-month,Yes,Bank transfer (automatic),32.47,600.11,No
CUS-06361,Female,1,No,Yes,51,Yes,No,Fiber optic,Yes,No internet service,Yes,Two year,Yes,Credit card (automatic),27.11,1431.58,No
CUS-06362,Male,0,No,No,19,Yes,Yes,DSL,No,No,Yes,Month-to-month,Yes,Bank transfer (automatic),115.99,2137.28,No
CUS-06363,Male,0,Yes,No,69,Yes,Yes,No,No internet service,Yes,Yes,Two year,Yes,Electronic check,75.04,5180.27,No
CUS-06364,Female,0,Yes,No,33,Yes,Yes,No,No,No,No internet service,One year,Yes,Electronic check,69.43,2282.12,No
CUS-06365,Female,0,Yes,No,38,No,Yes,Fiber optic,Yes,Yes,No,Two year,Yes,Mailed check,18.72,729.91,No
CUS-06366,Female,0,Yes,No,13,Yes,Yes,DSL,Yes,No internet service,No,Month-to-month,No,Electronic check,66.43,863.85,Yes
CUS-06367,Male,0,Yes,No,49,Yes,Yes,DSL,No,No,No,Month-to-month,Yes,Mailed check,84.27,4252.22,Yes
CUS-06368,Female,0,No,Yes,53,Yes,No,Fiber optic,No,No,No internet service,Month-to-month,Yes,Electronic check,58.99,2996.06,Yes
CUS-06369,Female,0,Yes,No,1,Yes,Yes,Fiber optic,Yes,Yes,Yes,Month-to-month,No,Electronic check,30.89,29.51,Yes
CUS-06370,Male,1,Yes,No,12,Yes,No,Fiber optic,No,No,No,Two year,Yes,Bank transfer (automatic),44.77,524.71,Yes
CUS-06371,Male,0,Yes,Yes,24,Yes,No,No,No,No,Yes,Month-to-month,Yes,Mailed check,89.41,2140.33,Yes
CUS-06372,Male,0,Yes,No,1,Yes,No,Fiber optic,No,No,No,One year,No,Electronic check,65.53,67.18,Yes
CUS-06373,Male,0,Yes,No,68,Yes,Yes,Fiber optic,No,No internet service,Yes,One year,Yes,Credit card (automatic),65.93,4422.94,Yes
CUS-06374,Male,1,No,No,7,Yes,No,No,No,No,Yes,Month-to-month,No,Bank transfer (automatic),21.84,156.57,Yes
CUS-06375,Female,0,Yes,Yes,69,No,No,Fiber optic,Yes,No,No,Two year,No,Electronic check,70.93,5056.36,Yes
CUS-06376,Female,0,No,Yes,39,Yes,Yes,No,No,No internet service,Yes,Two year,Yes,Credit card (automatic),60.47,2358.93,Yes
CUS-06377,Female,1,Yes,No,32,Yes,No,No,No internet service,No,No internet service,One year,Yes,Mailed check,105.96,3546.04,No
CUS-06378,Male,0,No,Yes,49,Yes,Yes,DSL,No internet service,No,Yes,Two year,Yes,Electronic check,56.08,2652.36,Yes
CUS-06379,Male,0,Yes,No,31,Yes,Yes,No,Yes,No,No,Month-to-month,Yes,Electronic check,78.92,2396.52,Yes
CUS-06380,Male,0,No,No,3,Yes,No,DSL,No,No,No,Month-to-month,No,Bank transfer (automatic),111.59,351.43,Yes
CUS-06381,Female,0,No,No,47,Yes,Yes,No,No internet service,No,Yes,Month-to-month,Yes,Credit card (automatic),74.62,3390.27,No
CUS-06382,Female,1,No,Yes,15,Yes,No,Fiber optic,No,Yes,No internet service,Two year,No,Electronic check,20.98,327.64,No
CUS-06383,Male,0,No,No,51,Yes,No phone service,Fiber optic,Yes,No,Yes,One year,No,Mailed check,28.16,1496.51,No
CUS-06384,Female,1,No,No,21,No,Yes,DSL,No internet service,Yes,No internet service,Two year,No,Electronic check,114.68,2441.86,Yes
CUS-06385,Male,1,No,No,41,Yes,Yes,DSL,Yes,Yes,Yes,Month-to-month,No,Bank transfer (automatic),73.21,2866.23,No
CUS-06386,Female,0,No,Yes,3,Yes,No,DSL,Yes,Yes,No,Month-to-month,No,Credit card (automatic),36.93,110.89,No
CUS-06387,Female,0,No,Yes,1,Yes,No,No,No,No,Yes,Month-to-month,Yes,Electronic check,74.78,71.56,Yes
CUS-06388,Female,0,No,No,21,Yes,No,Fiber optic,Yes,Yes,No,Month-to-month,No,Electronic check,113.74,2348.3,Yes
CUS-06389,Male,0,No,No,21,Yes,No,Fiber optic,Yes,No internet service,No,Two year,Yes,Electronic check,22.48,449.29,No
CUS-06390,Female,0,Yes,No,49,No,No,No,No,No,No,Month-to-month,Yes,Electronic check,70.71,3307.44,No
CUS-06391,Female,0,No,Yes,65,No,No,DSL,No,No,Yes,Two year,Yes,Electronic check,31.61,2095.17,No
CUS-06392,Male,0,No,No,41,Yes,Yes,Fiber optic,No internet service,No,No,Month-to-month,No,Bank transfer (automatic),62.67,2693.38,Yes
CUS-06393,Female,0,No,No,67,Yes,No,Fiber optic,No,Yes,No internet service,Month-to-month,No,Electronic check,83.46,5749.83,No
CUS-06394,Male,0,Yes,Yes,42,No,No,DSL,No internet service,No internet service,Yes,One year,Yes,Bank transfer (automatic),63.92,2656.73,No
CUS-06395,Male,1,No,No,69,Yes,No,No,No,Yes,No,Month-to-month,Yes,Electronic check,114.28,7757.08,No
CUS-06396,Male,0,No,No,57,Yes,Yes,Fiber optic,No,Yes,No,Two year,Yes,Electronic check,76.46,4573.47,Yes
CUS-06397,Male,1,No,No,43,Yes,No,DSL,No,No,No,Month-to-month,Yes,Mailed check,114.36,4785.57,Yes
CUS-06398,Male,0,Yes,No,12,Yes,No,Fiber optic,No,No,Yes,Month-to-month,Yes,Mailed check,49.44,565.91,Yes
CUS-06399,Female,0,Yes,No,64,No,Yes,No,No,No,No internet service,One year,Yes,Electronic check,20.11,1256.3,Yes
CUS-06400,Male,0,Yes,No,51,Yes,No phone service,DSL,Yes,No internet service,No internet service,One year,Yes,Mailed check,33.46,1679.44,No
CUS-06401,Male,0,No,No,60,Yes,No,Fiber optic,No,No,No,Two year,No,Credit card (automatic),25.16,1507.79,No
CUS-06402,Male,0,Yes,No,71,Yes,No,No,No,No,No,Two year,No,Mailed check,91.9,6653.99,No
CUS-06403,Male,0,No,No,28,No,Yes,No,Yes,No internet service,No internet service,Month-to-month,Yes,Electronic check,36.99,1051.88,Yes
CUS-06404,Female,0,No,No,71,Yes,Yes,Fiber optic,No internet service,No,No internet service,Month-to-month,No,Mailed check,93.71,6738.95,No
CUS-06405,Male,0,No,Yes,14,Yes,No,DSL,No,No,No,Month-to-month,Yes,Mailed check,71.76,1043.63,Yes
CUS-06406,Female,0,Yes,No,32,Yes,No,Fiber optic,No,No,No,Month-to-month,No,Electronic check,39.68,1280.0,No
CUS-06407,Male,0,Yes,No,8,Yes,No,Fiber optic,Yes,Yes,No,Month-to-month,Yes,Electronic check,79.34,614.15,Yes
CUS-06408,Female,0,No,Yes,27,Yes,Yes,DSL,No,No,No,One year,No,Electronic check,19.15,509.86,No
CUS-06409,Male,0,No,No,50,Yes,No,Fiber optic,No internet service,No,No,Two year,No,Credit card (automatic),51.47,2617.86,Yes
CUS-06410,Male,1,Yes,Yes,59,Yes,No phone service,Fiber optic,Yes,No internet service,No,Two year,No,Mailed check,96.47,5706.1,Yes
CUS-06411,Female,1,No,Yes,57,Yes,Yes,No,No,No,No internet service,Month-to-month,No,Mailed check,92.92,5338.2,Yes
CUS-06412,Male,1,No,Yes,3,Yes,Yes,DSL,No,Yes,Yes,Month-to-month,Yes,Mailed check,97.07,285.34,No
CUS-06413,Female,0,Yes,No,27,Yes,No,DSL,No,No,Yes,One year,Yes,Bank transfer (automatic),76.75,2028.36,No
CUS-06414,Male,0,Yes,No,34,Yes,No,Fiber optic,No,No,Yes,One year,No,Mailed check,75.33,2548.5,No
CUS-06415,Female,0,No,No,26,Yes,Yes,Fiber optic,No,No,No internet service,Month-to-month,No,Bank transfer (automatic),58.74,1456.05,No
CUS-06416,Male,0,Yes,No,40,Yes,No,Fiber optic,No,Yes,No,Month-to-month,Yes,Electronic check,112.85,4483.63,Yes
CUS-06417,Male,0,Yes,No,32,Yes,Yes,DSL,No,No,No,Two year,Yes,Electronic check,112.95,3611.13,No
CUS-06418,Female,0,Yes,No,41,Yes,No,DSL,Yes,Yes,No,One year,No,Mailed check,18.87,739.65,No
CUS-06419,Male,0,No,Yes,2,Yes,Yes,Fiber optic,No internet service,No,No internet service,One year,No,Bank transfer (automatic),114.22,217.77,No
CUS-06420,Male,0,No,No,7,Yes,Yes,No,Yes,No internet service,No,Two year,Yes,Bank transfer (automatic),105.05,699.25,Yes
CUS-06421,Male,0,Yes,No,19,Yes,No,No,No,Yes,No,Month-to-month,Yes,Mailed check,78.6,1472.76,No
CUS-06422,Male,0,Yes,Yes,33,Yes,No,Fiber optic,Yes,No,Yes,Month-to-month,Yes,Electronic check,50.45,1664.56,Yes
CUS-06423,Male,0,Yes,Yes,2,Yes,No phone service,No,No internet service,No,No,Month-to-month,No,Electronic check,60.08,116.23,No
CUS-06424,Male,0,No,No,67,Yes,Yes,Fiber optic,No internet service,No,Yes,One year,Yes,Mailed check,102.82,7161.47,Yes
CUS-06425,Female,0,Yes,No,15,Yes,No,Fiber optic,No,No,No internet service,Month-to-month,Yes,Bank transfer (automatic),32.77,495.64,No
CUS-06426,Female,1,No,Yes,21,Yes,Yes,DSL,Yes,No,No,One year,Yes,Electronic check,80.08,1698.09,Yes
CUS-06427,Female,0,Yes,Yes,59,Yes,Yes,No,No,No,Yes,Month-to-month,No,Mailed check,41.09,2319.04,No
CUS-06428,Male,0,Yes,Yes,39,Yes,Yes,Fiber optic,Yes,No internet service,Yes,Month-to-month,Yes,Electronic check,55.82,2085.62,No
CUS-06429,Female,1,Yes,No,20,Yes,Yes,Fiber optic,No,No,Yes,Two year,Yes,Electronic check,18.5,370.17,Yes
CUS-06430,Male,0,No,No,1,Yes,No,DSL,No internet service,Yes,Yes,Month-to-month,No,Bank transfer (automatic),114.94,117.96,Yes
CUS-06431,Male,0,No,Yes,9,Yes,Yes,Fiber optic,No,No internet service,No,Month-to-month,No,Mailed check,28.86,268.54,Yes
CUS-06432,Male,0,No,Yes,51,Yes,No,DSL,No internet service,Yes,No internet service,Two year,No,Credit card (automatic),94.35,4831.62,No
CUS-06433,Male,0,Yes,No,38,Yes,No,DSL,Yes,No internet service,No,One year,Yes,Electronic check,74.16,2843.21,No
CUS-06434,Female,0,Yes,Yes,15,Yes,Yes,No,No internet service,No,Yes,Month-to-month,Yes,Mailed check,100.8,1529.3,Yes
CUS-06435,Male,0,No,No,41,Yes,No phone service,DSL,Yes,No,No,Month-to-month,Yes,Electronic check,69.57,2798.29,Yes
CUS-06436,Female,0,No,Yes,47,No,Yes,Fiber optic,Yes,No,No internet service,Month-to-month,Yes,Electronic check,116.44,5732.85,Yes
CUS-06437,Male,0,No,Yes,26,No,No phone service,DSL,No internet service,Yes,No internet service,One year,Yes,Bank transfer (automatic),78.7,2143.56,No
CUS-06438,Female,1,Yes,No,54,Yes,No phone service,No,No,No,Yes,Month-to-month,Yes,Credit card (automatic),79.64,4354.24,No
CUS-06439,Female,0,Yes,No,70,Yes,No phone service,Fiber optic,No internet service,No,No,Two year,No,Electronic check,110.08,7612.21,No
CUS-06440,Female,0,Yes,No,39,Yes,No,DSL,No internet service,No,No,One year,No,Electronic check,43.8,1767.92,No
CUS-06441,Female,1,No,No,17,Yes,Yes,No,No,No internet service,No,Month-to-month,Yes,Credit card (automatic),54.29,892.97,Yes
CUS-06442,Female,0,No,No,70,Yes,Yes,No,Yes,No,No,One year,Yes,Bank transfer (automatic),84.5,5976.26,No
CUS-06443,Female,0,No,No,9,Yes,No,No,No,Yes,No,Month-to-month,No,Electronic check,32.11,297.35,Yes
CUS-06444,Male,0,Yes,No,46,Yes,Yes,DSL,Yes,Yes,Yes,Month-to-month,Yes,Mailed check,98.96,4326.41,No
CUS-06445,Female,0,No,No,6,Yes,No,Fiber optic,Yes,No internet service,Yes,Month-to-month,Yes,Bank transfer (automatic),77.19,459.98,Yes
CUS-06446,Male,0,Yes,Yes,68,Yes,No,No,No,No internet service,No,Month-to-month,Yes,Bank transfer (automatic),93.49,6205.98,Yes
CUS-06447,Female,0,Yes,Yes,16,Yes,Yes,No,No internet service,No,No internet service,One year,Yes,Bank transfer (automatic),117.03,1928.33,No
CUS-06448,Male,0,No,Yes,29,No,Yes,No,No,No,Yes,Two year,No,Credit card (automatic),115.69,3497.13,No
CUS-06449,Female,0,No,No,41,No,Yes,Fiber optic,No,No internet service,No,Two year,No,Electronic check,62.76,2489.08,No
CUS-06450,Female,0,No,No,68,Yes,No,Fiber optic,No internet service,Yes,Yes,Two year,Yes,Electronic check,46.11,3035.05,No
CUS-06451,Male,1,No,Yes,62,No,Yes,No,No internet service,No,No,Two year,No,Mailed check,81.43,5281.85,Yes
CUS-06452,Female,0,Yes,No,40,Yes,No,DSL,No,No,No internet service,Month-to-month,Yes,Electronic check,89.13,3569.47,No
CUS-06453,Female,1,No,Yes,62,Yes,No,Fiber optic,Yes,Yes,No,One year,Yes,Mailed check,47.47,2824.77,No
CUS-06454,Female,0,No,No,24,Yes,Yes,No,Yes,No,No,Month-to-month,No,Mailed check,46.14,1060.41,No
CUS-06455,Male,0,Yes,No,6,Yes,No,DSL,No,Yes,No,Month-to-month,No,Electronic check,39.5,248.0,Yes
CUS-06456,Female,0,No,No,40,Yes,No,DSL,Yes,No,Yes,One year,Yes,Credit card (automatic),108.94,4327.95,No
CUS-06457,Male,0,No,Yes,70,Yes,No,DSL,No,No,No,Month-to-month,Yes,Electronic check,28.16,2058.36,No
CUS-06458,Female,0,Yes,No,58,Yes,No phone service,No,No,No,No,Month-to-month,Yes,Bank transfer (automatic),42.64,2492.13,No
CUS-06459,Female,0,Yes,No,14,Yes,Yes,No,No,Yes,No internet service,Month-to-month,Yes,Bank transfer (automatic),80.44,1151.18,No
CUS-06460,Male,0,Yes,No,45,Yes,Yes,Fiber optic,No internet service,No,No,Month-to-month,Yes,Electronic check,64.76,2849.81,Yes
CUS-06461,Female,0,No,Yes,6,Yes,No,No,No,Yes,No,Month-to-month,Yes,Mailed check,30.07,172.62,Yes
CUS-06462,Female,1,No,Yes,23,Yes,Yes,Fiber optic,Yes,Yes,No internet service,Month-to-month,No,Mailed check,46.95,1110.75,No
CUS-06463,Male,0,No,No,62,Yes,No,No,No,No,No internet service,Month-to-month,No,Credit card (automatic),58.81,3525.26,No
CUS-06464,Female,0,Yes,No,17,Yes,No,DSL,No internet service,Yes,No,Two year,Yes,Bank transfer (automatic),113.87,1977.67,No
CUS-06465,Male,0,No,No,70,Yes,No,Fiber optic,Yes,Yes,Yes,Month-to-month,Yes,Electronic check,57.57,3858.85,Yes
CUS-06466,Male,0,No,No,28,Yes,Yes,DSL,Yes,No internet service,No internet service,Month-to-month,No,Mailed check,29.58,834.48,No
CUS-06467,Male,0,Yes,No,13,No,No,DSL,No,Yes,Yes,Month-to-month,No,Electronic check,115.24,1536.05,No
CUS-06468,Female,0,No,No,29,Yes,Yes,DSL,No,No internet service,Yes,Month-to-month,Yes,Electronic check,61.4,1694.98,Yes
CUS-06469,Male,0,No,Yes,45,Yes,No,Fiber optic,No,No,Yes,Month-to-month,No,Electronic check,31.97,1422.6,No
CUS-06470,Male,1,Yes,Yes,20,No,No,No,No,Yes,Yes,One year,No,Credit card (automatic),79.11,1596.18,No
CUS-06471,Female,0,Yes,No,58,Yes,No,Fiber optic,No internet service,No,No,Two year,Yes,Bank transfer (automatic),98.86,5904.92,No
CUS-06472,Male,1,No,Yes,54,Yes,No,DSL,No,No internet service,No internet service,One year,No,Mailed check,89.05,4692.35,Yes
CUS-06473,Female,0,No,No,64,Yes,Yes,No,Yes,No,Yes,Two year,Yes,Bank transfer (automatic),49.15,3245.07,No
CUS-06474,Female,0,No,No,52,Yes,Yes,DSL,No,No,No internet service,Two year,Yes,Credit card (automatic),41.9,2211.03,No
CUS-06475,Female,0,No,No,43,Yes,Yes,No,No,No,Yes,Month-to-month,Yes,Credit card (automatic),106.29,4500.43,Yes
CUS-06476,Female,0,Yes,No,18,Yes,Yes,No,No internet service,No,No,One year,Yes,Electronic check,37.39,659.53,Yes
CUS-06477,Male,0,Yes,No,54,Yes,No,Fiber optic,No,Yes,No,One year,No,Electronic check,93.68,5160.91,No
CUS-06478,Male,0,No,Yes,60,Yes,No,DSL,No,Yes,No,Month-to-month,No,Electronic check,20.3,1245.29,No
CUS-06479,Male,0,Yes,No,71,Yes,Yes,Fiber optic,No,No,Yes,Two year,Yes,Mailed check,59.96,4315.51,Yes
CUS-06480,Male,0,No,No,1,Yes,No,No,No,No internet service,Yes,Two year,Yes,Electronic check,116.49,115.84,Yes
CUS-06481,Male,1,Yes,No,37,Yes,No,Fiber optic,Yes,No,No internet service,One year,No,Credit card (automatic),81.39,2867.5,Yes
CUS-06482,Female,0,Yes,Yes,49,Yes,Yes,DSL,Yes,No,Yes,Month-to-month,Yes,Bank transfer (automatic),49.07,2422.22,Yes
CUS-06483,Male,1,Yes,No,35,Yes,Yes,No,No,No internet service,Yes,Month-to-month,Yes,Electronic check,87.98,3113.85,Yes
CUS-06484,Male,0,Yes,No,67,Yes,No,Fiber optic,No,Yes,No,One year,Yes,Electronic check,53.33,3480.29,No
CUS-06485,Male,1,No,No,35,Yes,Yes,DSL,No,No,No internet service,Month-to-month,Yes,Electronic check,111.88,3799.58,Yes
CUS-06486,Female,0,Yes,Yes,9,Yes,No,No,No,No,No,Month-to-month,No,Mailed check,41.49,387.01,Yes
CUS-06487,Female,0,No,No,37,Yes,No,No,No internet service,Yes,No,Month-to-month,Yes,Credit card (automatic),50.0,1790.77,No
CUS-06488,Male,0,No,No,60,Yes,No phone service,Fiber optic,No,No,No,One year,Yes,Bank transfer (automatic),86.87,5060.93,No
CUS-06489,Female,0,No,No,56,Yes,Yes,DSL,No,Yes,No internet service,One year,Yes,Bank transfer (automatic),97.53,5528.77,No
CUS-06490,Male,0,Yes,No,12,No,No,Fiber optic,No internet service,Yes,Yes,One year,Yes,Electronic check,75.65,891.38,No
CUS-06491,Male,0,No,No,71,Yes,No,DSL,No,No,Yes,Month-to-month,No,Credit card (automatic),46.93,3312.42,No
CUS-06492,Female,0,Yes,No,71,Yes,Yes,DSL,No internet service,No,Yes,Two year,Yes,Electronic check,75.31,5363.1,No
CUS-06493,Female,0,No,No,4,Yes,Yes,No,No,No internet service,Yes,Month-to-month,Yes,Credit card (automatic),39.91,166.52,No
CUS-06494,Male,0,No,No,61,Yes,No,No,Yes,No internet service,Yes,One year,Yes,Mailed check,23.74,1413.46,No
CUS-06495,Male,0,Yes,No,45,Yes,No phone service,Fiber optic,No internet service,No internet service,No,Month-to-month,Yes,Mailed check,109.97,4723.25,No
CUS-06496,Female,0,No,No,50,Yes,No,Fiber optic,No internet service,Yes,No internet service,Month-to-month,Yes,Bank transfer (automatic),66.11,3178.52,Yes
CUS-06497,Male,1,Yes,No,50,Yes,No,DSL,No,Yes,No,Two year,No,Electronic check,66.03,3153.47,No
CUS-06498,Female,0,Yes,No,48,Yes,No,Fiber optic,No,Yes,Yes,One year,No,Credit card (automatic),92.48,4551.85,Yes
CUS-06499,Male,0,No,Yes,23,Yes,Yes,DSL,No,No,No,Month-to-month,No,Credit card (automatic),74.0,1783.85,No
CUS-06500,Female,1,Yes,Yes,8,Yes,No,DSL,No internet service,Yes,No,Two year,Yes,Electronic check,63.43,486.14,No
CUS-06501,Male,0,No,No,29,Yes,Yes,Fiber optic,No internet service,No,No internet service,Month-to-month,No,Electronic check,97.46,2765.44,Yes
CUS-06502,Male,0,No,Yes,43,Yes,Yes,No,Yes,No,No internet service,Month-to-month,No,Mailed check,65.5,2916.14,No
CUS-06503,Female,0,Yes,No,53,Yes,No,Fiber optic,No,Yes,No,Month-to-month,Yes,Bank transfer (automatic),109.27,6021.51,Yes
CUS-06504,Male,0,Yes,No,6,Yes,No,Fiber optic,No,No,No,Month-to-month,No,Electronic check,48.62,283.44,Yes
CUS-06505,Male,0,Yes,No,24,Yes,No phone service,DSL,Yes,Yes,No,Month-to-month,Yes,Bank transfer (automatic),21.36,534.12,No
CUS-06506,Female,0,Yes,Yes,14,Yes,Yes,Fiber optic,No,No,No internet service,Month-to-month,No,Electronic check,32.92,464.47,No
CUS-06507,Male,0,Yes,Yes,52,Yes,Yes,Fiber optic,Yes,Yes,Yes,One year,No,Credit card (automatic),99.92,5453.05,Yes
CUS-06508,Male,0,No,No,70,Yes,No,DSL,No internet service,No internet service,Yes,Month-to-month,Yes,Bank transfer (automatic),110.62,7373.64,No
CUS-06509,Male,0,No,No,4,Yes,Yes,DSL,Yes,No internet service,Yes,Month-to-month,No,Electronic check,25.51,104.96,Yes
CUS-06510,Female,1,No,No,58,Yes,Yes,DSL,No internet service,Yes,No,Month-to-month,No,Credit card (automatic),108.87,6033.65,No
CUS-06511,Female,0,Yes,No,37,Yes,No,Fiber optic,No internet service,No internet service,Yes,Month-to-month,No,Electronic check,112.37,4255.16,Yes
CUS-06512,Female,1,No,Yes,48,Yes,Yes,DSL,Yes,No,Yes,Two year,Yes,Credit card (automatic),93.43,4683.75,No
CUS-06513,Male,1,No,Yes,39,Yes,No phone service,No,No,No,Yes,Month-to-month,Yes,Bank transfer (automatic),94.11,3606.71,No
CUS-06514,Male,0,Yes,No,66,Yes,No,No,No,No,No,Month-to-month,Yes,Mailed check,18.15,1178.6,No
CUS-06515,Male,0,Yes,No,13,Yes,No,DSL,No internet service,No,No,Month-to-month,No,Credit card (automatic),40.27,509.86,Yes
CUS-06516,Male,0,Yes,No,66,Yes,No,Fiber optic,No internet service,No,No,Two year,Yes,Bank transfer (automatic),39.46,2586.47,No
CUS-06517,Female,1,No,Yes,60,Yes,Yes,Fiber optic,No,Yes,No,Month-to-month,No,Credit card (automatic),76.15,4556.58,Yes
CUS-06518,Male,0,No,Yes,41,Yes,No,No,No internet service,No,No internet service,Month-to-month,No,Credit card (automatic),83.69,3455.95,Yes
CUS-06519,Male,1,No,No,32,Yes,Yes,DSL,Yes,No,Yes,Month-to-month,Yes,Bank transfer (automatic),108.17,3526.66,No
CUS-06520,Male,0,No,No,52,Yes,Yes,Fiber optic,No,No,No,Two year,Yes,Mailed check,66.8,3514.52,No
CUS-06521,Female,0,No,Yes,5,Yes,No,Fiber optic,No internet service,No internet service,No,Month-to-month,Yes,Electronic check,68.1,326.84,Yes
CUS-06522,Male,0,Yes,No,67,Yes,Yes,Fiber optic,Yes,Yes,Yes,One year,Yes,Electronic check,23.43,1590.55,No
CUS-06523,Male,0,No,Yes,66,No,Yes,DSL,No internet service,No internet service,Yes,One year,No,Mailed check,117.74,7532.05,No
CUS-06524,Male,0,No,No,52,Yes,Yes,DSL,No,No internet service,Yes,Month-to-month,Yes,Electronic check,112.56,5873.46,Yes
CUS-06525,Male,0,Yes,Yes,49,Yes,Yes,DSL,No,Yes,No,Two year,Yes,Electronic check,25.2,1245.61,No
CUS-06526,Male,0,No,No,29,No,No,DSL,No,No,Yes,Month-to-month,Yes,Credit card (automatic),73.77,2125.7,Yes
CUS-06527,Female,0,Yes,Yes,38,Yes,No,DSL,Yes,No,Yes,Two year,Yes,Credit card (automatic),52.78,1989.14,No
CUS-06528,Male,1,Yes,Yes,70,Yes,Yes,Fiber optic,Yes,No,No,One year,No,Mailed check,60.83,4226.29,No
CUS-06529,Male,1,No,No,8,Yes,No phone service,Fiber optic,No,No,No,Two year,Yes,Credit card (automatic),83.17,647.72,No
CUS-06530,Male,0,No,No,59,Yes,Yes,Fiber optic,No internet service,No,Yes,Month-to-month,Yes,Electronic check,59.97,3645.5,No
CUS-06531,Male,0,Yes,No,55,Yes,Yes,DSL,No,No,No internet service,Month-to-month,No,Electronic check,67.56,3710.49,No
CUS-06532,Male,0,No,Yes,2,Yes,Yes,DSL,No,No,Yes,Month-to-month,No,Credit card (automatic),45.31,90.67,Yes
CUS-06533,Male,0,No,No,26,Yes,No,No,No,No,Yes,One year,Yes,Bank transfer (automatic),26.24,660.72,No
CUS-06534,Male,0,No,No,63,Yes,No,DSL,Yes,No,Yes,Month-to-month,No,Bank transfer (automatic),93.52,5877.34,No
CUS-06535,Male,0,Yes,No,17,Yes,No phone service,No,No internet service,No internet service,Yes,Two year,No,Credit card (automatic),55.84,943.32,No
CUS-06536,Male,0,Yes,Yes,59,Yes,No,No,Yes,No,Yes,One year,Yes,Electronic check,106.66,6238.84,No
CUS-06537,Male,1,Yes,Yes,16,Yes,Yes,DSL,No,Yes,No,Two year,No,Bank transfer (automatic),112.5,1790.3,No
CUS-06538,Female,0,Yes,No,58,Yes,Yes,No,No,No,No internet service,One year,Yes,Mailed check,26.83,1516.62,No
CUS-06539,Female,0,Yes,No,64,Yes,No,Fiber optic,No,No,No,One year,No,Credit card (automatic),86.44,5695.31,No
CUS-06540,Female,0,No,No,50,Yes,No,Fiber optic,No,No,Yes,Month-to-month,No,Mailed check,100.01,4848.11,Yes
CUS-06541,Female,0,Yes,No,26,Yes,Yes,No,No internet service,No,No internet service,Two year,No,Bank transfer (automatic),82.7,2158.65,No
CUS-06542,Male,0,Yes,No,17,Yes,No,Fiber optic,No,No,Yes,One year,Yes,Credit card (automatic),50.87,849.44,Yes
CUS-06543,Female,0,Yes,No,46,Yes,No,Fiber optic,No,No internet service,No,Month-to-month,No,Electronic check,46.45,2183.49,Yes
CUS-06544,Female,0,Yes,No,68,No,No,Fiber optic,No internet service,Yes,Yes,Two year,Yes,Mailed check,64.23,4451.15,No
CUS-06545,Male,1,Yes,No,50,Yes,No,Fiber optic,Yes,No,No,Two year,Yes,Mailed check,43.9,2238.53,No
CUS-06546,Female,0,Yes,Yes,43,Yes,No,Fiber optic,No,No,No,Month-to-month,Yes,Bank transfer (automatic),107.57,4803.75,Yes
CUS-06547,Female,1,No,Yes,48,Yes,Yes,DSL,No internet service,No internet service,No,Two year,Yes,Credit card (automatic),22.9,1130.06,No
CUS-06548,Male,0,Yes,Yes,68,Yes,Yes,DSL,No internet service,No internet service,No,Month-to-month,No,Electronic check,29.27,1956.45,No
CUS-06549,Male,1,No,No,19,Yes,Yes,No,No,No,No internet service,Month-to-month,No,Credit card (automatic),78.65,1478.45,Yes
CUS-06550,Male,0,No,No,25,Yes,Yes,DSL,Yes,No,Yes,Month-to-month,Yes,Bank transfer (automatic),83.83,2172.75,No
CUS-06551,Female,0,Yes,No,18,Yes,No phone service,Fiber optic,No,Yes,No,Two year,Yes,Electronic check,91.6,1702.18,Yes
CUS-06552,Female,0,Yes,No,51,Yes,Yes,Fiber optic,No internet service,No,Yes,Month-to-month,Yes,Electronic check,45.56,2421.44,Yes
CUS-06553,Male,0,Yes,No,18,Yes,No,DSL,No,No,No,Two year,No,Electronic check,47.44,882.84,No
CUS-06554,Male,0,Yes,Yes,58,Yes,No,DSL,No,No internet service,Yes,Two year,No,Electronic check,59.37,3315.82,No
CUS-06555,Female,0,Yes,No,64,Yes,No,DSL,No,Yes,No internet service,Two year,Yes,Bank transfer (automatic),41.45,2607.77,No
CUS-06556,Male,0,No,No,71,Yes,No,Fiber optic,No,Yes,No,Two year,Yes,Electronic check,55.72,3874.05,No
CUS-06557,Female,0,Yes,Yes,57,Yes,No,No,No internet service,No,No,Two year,Yes,Bank transfer (automatic),87.69,4937.84,No
CUS-06558,Male,1,No,Yes,17,Yes,Yes,Fiber optic,No,No,No internet service,Month-to-month,Yes,Credit card (automatic),67.86,1129.66,No
CUS-06559,Male,0,Yes,Yes,59,Yes,No phone service,Fiber optic,Yes,No,No,Month-to-month,Yes,Mailed check,114.66,6957.64,Yes
CUS-06560,Female,0,No,No,67,Yes,Yes,Fiber optic,No,Yes,No internet service,One year,Yes,Mailed check,75.96,5191.52,No
CUS-06561,Male,0,No,Yes,15,Yes,Yes,No,No,No,No,Month-to-month,Yes,Electronic check,50.86,739.92,Yes
CUS-06562,Male,0,Yes,No,26,Yes,No,Fiber optic,No,Yes,Yes,Two year,Yes,Bank transfer (automatic),36.18,910.56,Yes
CUS-06563,Male,0,Yes,No,48,Yes,Yes,DSL,Yes,No internet service,No,Two year,No,Credit card (automatic),39.99,1865.39,No
CUS-06564,Female,0,No,No,14,Yes,Yes,Fiber optic,No,No internet service,No internet service,Month-to-month,No,Bank transfer (automatic),19.61,269.44,Yes
CUS-06565,Male,0,No,No,9,Yes,No phone service,No,No internet service,Yes,Yes,Month-to-month,No,Electronic check,62.21,570.12,No
CUS-06566,Male,0,Yes,No,7,Yes,No,Fiber optic,No,No,No internet service,One year,Yes,Mailed check,114.0,787.54,Yes
CUS-06567,Male,0,Yes,Yes,55,Yes,No,No,No internet service,No internet service,Yes,One year,No,Electronic check,95.73,5225.25,No
CUS-06568,Male,0,Yes,Yes,12,Yes,Yes,DSL,No,No,No,Month-to-month,No,Bank transfer (automatic),48.07,550.42,Yes
CUS-06569,Male,0,Yes,Yes,17,Yes,Yes,No,No,No,Yes,Month-to-month,Yes,Bank transfer (automatic),97.88,1660.65,Yes
CUS-06570,Male,0,No,No,8,Yes,No,DSL,Yes,Yes,Yes,Month-to-month,Yes,Credit card (automatic),111.18,884.24,No
CUS-06571,Female,0,No,No,42,No,No,DSL,No,Yes,No,One year,No,Mailed check,85.27,3647.09,No
CUS-06572,Female,1,Yes,No,37,Yes,No,Fiber optic,No,No internet service,Yes,One year,No,Bank transfer (automatic),69.18,2483.29,No
CUS-06573,Male,1,Yes,No,20,Yes,No,DSL,No internet service,No,Yes,Month-to-month,No,Electronic check,31.59,645.87,No
CUS-06574,Female,0,Yes,Yes,1,Yes,No phone service,Fiber optic,Yes,No internet service,No,Month-to-month,Yes,Electronic check,25.97,26.54,Yes
CUS-06575,Female,0,No,No,9,Yes,No,No,Yes,No,No internet service,Month-to-month,Yes,Electronic check,39.89,363.4,Yes
CUS-06576,Male,0,No,Yes,24,Yes,Yes,No,Yes,Yes,Yes,Month-to-month,Yes,Electronic check,84.33,1995.19,Yes
CUS-06577,Female,0,Yes,Yes,34,Yes,No,Fiber optic,No,No,Yes,Two year,Yes,Mailed check,33.47,1087.76,No
CUS-06578,Female,0,Yes,No,36,Yes,No phone service,Fiber optic,No internet service,No internet service,Yes,Month-to-month,Yes,Credit card (automatic),71.32,2499.92,No
CUS-06579,Female,0,No,No,4,Yes,Yes,No,Yes,Yes,Yes,Two year,Yes,Bank transfer (automatic),61.66,257.25,No
CUS-06580,Female,0,Yes,Yes,29,Yes,No,Fiber optic,No,Yes,No,Month-to-month,Yes,Mailed check,80.85,2433.57,No
CUS-06581,Female,0,Yes,No,16,No,No,No,Yes,Yes,No internet service,One year,Yes,Mailed check,23.21,360.11,No
CUS-06582,Female,0,Yes,No,8,Yes,Yes,No,No,Yes,No,One year,No,Electronic check,116.02,911.57,Yes
CUS-06583,Female,0,Yes,Yes,39,Yes,No,DSL,Yes,Yes,Yes,One year,Yes,Electronic check,86.99,3226.33,No
CUS-06584,Female,0,Yes,Yes,58,Yes,Yes,DSL,No,No internet service,No,Month-to-month,No,Electronic check,90.17,5130.75,No
CUS-06585,Male,0,No,No,12,Yes,No,Fiber optic,No,Yes,Yes,Month-to-month,Yes,Electronic check,19.62,242.52,Yes
CUS-06586,Male,0,No,No,44,Yes,No,No,Yes,No internet service,Yes,One year,Yes,Electronic check,25.95,1149.93,No
CUS-06587,Female,0,Yes,No,4,Yes,No,No,No,No,No,One year,Yes,Bank transfer (automatic),86.78,359.92,No
CUS-06588,Female,0,Yes,Yes,25,Yes,Yes,Fiber optic,No,No,Yes,Month-to-month,No,Credit card (automatic),28.96,757.41,Yes
CUS-06589,Male,0,No,No,70,Yes,Yes,DSL,No,No,No,Month-to-month,Yes,Electronic check,107.54,7317.93,Yes
CUS-06590,Female,0,Yes,No,67,No,No,DSL,No,No,Yes,Two year,Yes,Credit card (automatic),80.15,5399.43,No
CUS-06591,Female,0,Yes,No,39,Yes,Yes,No,No,No,No internet service,Two year,No,Electronic check,25.11,1004.28,No
CUS-06592,Male,0,Yes,Yes,24,Yes,Yes,Fiber optic,No,No,Yes,Month-to-month,Yes,Bank transfer (automatic),79.36,1927.81,No
CUS-06593,Male,0,No,No,6,Yes,Yes,Fiber optic,No internet service,No,No,Two year,No,Electronic check,98.27,575.48,No
CUS-06594,Male,0,Yes,No,33,Yes,No,No,No internet service,Yes,Yes,One year,No,Electronic check,98.09,3391.43,Yes
CUS-06595,Female,0,Yes,No,48,Yes,Yes,No,No,No,Yes,Month-to-month,No,Electronic check,58.11,2837.92,Yes
CUS-06596,Female,1,Yes,No,67,Yes,No,Fiber optic,No internet service,No,No,Month-to-month,No,Electronic check,64.01,4078.59,Yes
CUS-06597,Male,1,Yes,No,2,Yes,No,Fiber optic,No internet service,Yes,No internet service,One year,Yes,Credit card (automatic),91.61,183.52,No
CUS-06598,Male,0,No,No,38,Yes,No,Fiber optic,Yes,No,Yes,Two year,Yes,Mailed check,105.41,3871.77,No
CUS-06599,Female,1,No,No,40,Yes,No phone service,Fiber optic,No internet service,No,No internet service,Month-to-month,Yes,Electronic check,97.36,3981.29,No
CUS-06600,Male,0,Yes,No,56,Yes,Yes,Fiber optic,Yes,No,Yes,Month-to-month,No,Electronic check,77.61,4157.13,Yes
CUS-06601,Female,0,Yes,No,21,Yes,No,DSL,Yes,Yes,Yes,Two year,No,Bank transfer (automatic),90.49,1870.01,No
CUS-06602,Female,0,No,No,35,Yes,Yes,No,No internet service,No,Yes,Two year,No,Bank transfer (automatic),83.23,2858.72,No
CUS-06603,Male,1,Yes,No,67,No,No,No,Yes,No,No,Month-to-month,No,Credit card (automatic),75.72,5271.85,No
CUS-06604,Male,0,No,Yes,60,Yes,No phone service,No,No,No,No internet service,Two year,Yes,Bank transfer (automatic),109.97,6844.71,No
CUS-06605,Female,0,No,No,23,Yes,Yes,Fiber optic,No internet service,No,Yes,Month-to-month,Yes,Mailed check,82.79,1965.74,Yes
CUS-06606,Male,0,Yes,Yes,65,Yes,Yes,Fiber optic,Yes,No internet service,No,Month-to-month,Yes,Electronic check,56.2,3742.96,No
CUS-06607,Male,0,No,No,63,Yes,Yes,DSL,Yes,No internet service,No internet service,Two year,Yes,Electronic check,115.44,7603.26,No
CUS-06608,Male,0,Yes,Yes,23,Yes,No,DSL,No,No internet service,Yes,Month-to-month,No,Credit card (automatic),112.97,2518.07,Yes
CUS-06609,Male,0,Yes,No,42,Yes,No,Fiber optic,No,Yes,Yes,Month-to-month,Yes,Bank transfer (automatic),96.05,4163.17,Yes
CUS-06610,Female,0,No,No,64,Yes,No,Fiber optic,No internet service,No,Yes,One year,No,Credit card (automatic),21.28,1385.54,Yes
CUS-06611,Female,0,No,Yes,66,Yes,Yes,DSL,No internet service,Yes,Yes,Month-to-month,No,Electronic check,90.86,6117.55,No
CUS-06612,Female,0,No,No,41,Yes,No,Fiber optic,Yes,No,No,Month-to-month,No,Mailed check,20.99,854.3,Yes
CUS-06613,Female,0,No,Yes,20,Yes,No,Fiber optic,No,No,No internet service,One year,No,Bank transfer (automatic),25.36,514.92,Yes
CUS-06614,Male,0,Yes,No,9,Yes,No,DSL,No,No,No,Two year,No,Bank transfer (automatic),53.25,466.67,No
CUS-06615,Male,0,Yes,No,57,Yes,Yes,DSL,No,No,Yes,One year,No,Bank transfer (automatic),49.62,2836.89,No
CUS-06616,Female,0,Yes,No,17,Yes,Yes,Fiber optic,No,No internet service,Yes,Month-to-month,Yes,Mailed check,74.38,1323.98,No
CUS-06617,Female,0,No,No,18,Yes,No phone service,Fiber optic,No,No,No,Two year,No,Mailed check,42.39,777.12,No
CUS-06618,Male,0,Yes,No,63,Yes,Yes,Fiber optic,No,No internet service,No internet service,Month-to-month,Yes,Bank transfer (automatic),37.92,2430.87,No
CUS-06619,Female,0,Yes,No,26,Yes,No,Fiber optic,No internet service,No internet service,No,Month-to-month,Yes,Mailed check,84.66,2142.9,Yes
CUS-06620,Female,1,No,No,13,Yes,No,DSL,No internet service,No,Yes,One year,No,Bank transfer (automatic),62.34,838.04,No
CUS-06621,Male,1,Yes,No,17,Yes,Yes,DSL,Yes,No,Yes,Month-to-month,Yes,Electronic check,23.3,412.87,Yes
CUS-06622,Female,0,Yes,No,26,Yes,Yes,DSL,No,Yes,No internet service,One year,Yes,Bank transfer (automatic),62.24,1554.86,No
CUS-06623,Male,0,Yes,Yes,6,Yes,No,DSL,No,Yes,Yes,One year,Yes,Mailed check,93.87,560.54,No
CUS-06624,Male,1,Yes,Yes,4,Yes,Yes,No,No internet service,No,Yes,One year,Yes,Credit card (automatic),24.67,100.32,Yes
CUS-06625,Female,1,Yes,Yes,7,No,Yes,DSL,No internet service,No,No,Month-to-month,No,Mailed check,109.58,796.48,Yes
CUS-06626,Male,1,Yes,No,17,Yes,No,DSL,No,Yes,Yes,Month-to-month,Yes,Bank transfer (automatic),65.65,1120.17,Yes
CUS-06627,Female,1,Yes,No,50,Yes,No phone service,DSL,Yes,No internet service,Yes,Two year,Yes,Electronic check,69.2,3432.35,No
CUS-06628,Male,0,Yes,Yes,6,Yes,No,Fiber optic,Yes,No,Yes,Month-to-month,No,Mailed check,47.94,274.39,No
CUS-06629,Female,0,Yes,Yes,30,Yes,No,DSL,No,No,No internet service,Month-to-month,Yes,Bank transfer (automatic),82.7,2493.76,Yes
CUS-06630,Female,0,Yes,No,56,Yes,No phone service,DSL,No internet service,No,Yes,Month-to-month,Yes,Credit card (automatic),20.15,1109.14,No
CUS-06631,Female,0,Yes,Yes,39,Yes,No,DSL,Yes,Yes,No internet service,Month-to-month,Yes,Bank transfer (automatic),91.85,3758.8,Yes
CUS-06632,Male,0,Yes,No,14,Yes,No phone service,No,No internet service,Yes,Yes,Month-to-month,Yes,Mailed check,27.92,394.71,Yes
CUS-06633,Male,0,Yes,No,54,No,No,No,Yes,Yes,No internet service,Month-to-month,Yes,Electronic check,62.46,3276.58,No
CUS-06634,Female,0,No,No,22,Yes,No,Fiber optic,No,No internet service,No internet service,Two year,No,Mailed check,32.71,755.07,No
CUS-06635,Male,0,No,Yes,57,Yes,No,DSL,No,No,No,Two year,Yes,Mailed check,34.95,2010.29,Yes
CUS-06636,Female,0,Yes,No,41,Yes,No phone service,DSL,No,Yes,No,One year,Yes,Electronic check,64.45,2713.61,No
CUS-06637,Female,0,Yes,No,10,Yes,No,Fiber optic,No,Yes,Yes,Month-to-month,No,Credit card (automatic),24.53,256.8,Yes
CUS-06638,Male,0,No,Yes,2,No,No,DSL,No internet service,No,No,Month-to-month,Yes,Mailed check,32.99,67.63,No
CUS-06639,Female,0,No,No,67,Yes,Yes,Fiber optic,No,No,No,Two year,Yes,Credit card (automatic),72.36,5063.07,No
CUS-06640,Male,0,No,No,48,Yes,No phone service,Fiber optic,No,No,No internet service,Month-to-month,Yes,Mailed check,87.61,4147.26,No
CUS-06641,Female,0,Yes,Yes,42,Yes,No,Fiber optic,No internet service,Yes,No,Month-to-month,Yes,Bank transfer (automatic),53.94,2163.88,Yes
CUS-06642,Male,0,No,No,11,No,Yes,Fiber optic,Yes,No internet service,Yes,Month-to-month,Yes,Bank transfer (automatic),104.59,1203.87,Yes
CUS-06643,Female,0,No,Yes,12,Yes,No,Fiber optic,No,No,Yes,Month-to-month,No,Electronic check,34.09,411.03,No
CUS-06644,Female,0,Yes,No,14,Yes,Yes,Fiber optic,No internet service,No,No internet service,Month-to-month,Yes,Bank transfer (automatic),74.06,1064.97,Yes
CUS-06645,Male,0,Yes,No,30,Yes,Yes,Fiber optic,No internet service,No,Yes,Month-to-month,No,Bank transfer (automatic),26.93,812.05,No
CUS-06646,Female,0,Yes,Yes,60,Yes,Yes,Fiber optic,No internet service,Yes,Yes,Two year,No,Bank transfer (automatic),34.75,2139.43,No
CUS-06647,Female,1,Yes,Yes,30,Yes,Yes,Fiber optic,Yes,No,No,One year,No,Mailed check,108.88,3122.56,No
CUS-06648,Male,0,Yes,No,38,Yes,Yes,Fiber optic,No internet service,No,Yes,One year,No,Bank transfer (automatic),117.28,4263.59,No
CUS-06649,Female,0,No,No,65,Yes,No,No,No internet service,No,Yes,Month-to-month,Yes,Electronic check,117.75,7975.06,Yes
CUS-06650,Male,0,Yes,No,47,No,No,Fiber optic,No,No internet service,No internet service,Month-to-month,No,Electronic check,98.04,4578.28,Yes
CUS-06651,Female,0,Yes,No,39,Yes,No,Fiber optic,No,No,No internet service,One year,Yes,Electronic check,37.96,1450.96,Yes
CUS-06652,Male,0,No,No,49,Yes,No,No,No,No internet service,No,Two year,Yes,Mailed check,46.61,2378.63,No
CUS-06653,Female,1,Yes,Yes,58,Yes,No,Fiber optic,No,No,No,Two year,Yes,Mailed check,26.9,1638.03,Yes
CUS-06654,Female,0,Yes,No,17,No,Yes,No,No internet service,Yes,No,Month-to-month,No,Electronic check,23.4,402.34,Yes
CUS-06655,Female,0,Yes,No,6,Yes,No,Fiber optic,No,Yes,Yes,Month-to-month,No,Mailed check,91.26,550.84,No
CUS-06656,Male,0,Yes,No,15,Yes,Yes,Fiber optic,No,No internet service,No,One year,Yes,Mailed check,72.04,1125.72,Yes
CUS-06657,Male,0,Yes,Yes,67,No,No,Fiber optic,No,No,No internet service,Two year,Yes,Mailed check,84.06,5450.87,No
CUS-06658,Male,0,No,No,28,No,Yes,DSL,No,Yes,Yes,Month-to-month,Yes,Electronic check,76.01,2156.57,Yes
CUS-06659,Male,0,Yes,No,44,Yes,No phone service,Fiber optic,No,No internet service,No internet service,One year,Yes,Credit card (automatic),19.18,869.77,No
CUS-06660,Female,0,No,No,18,No,Yes,DSL,No,No internet service,No internet service,Month-to-month,Yes,Mailed check,49.98,921.18,Yes
CUS-06661,Female,0,Yes,No,32,Yes,No,Fiber optic,No,No internet service,Yes,Two year,Yes,Bank transfer (automatic),87.12,2857.08,No
CUS-06662,Male,1,No,No,69,Yes,Yes,Fiber optic,Yes,No,No internet service,One year,No,Electronic check,104.12,7403.4,No
CUS-06663,Male,0,No,Yes,44,Yes,No,Fiber optic,Yes,Yes,No,Month-to-month,Yes,Bank transfer (automatic),33.44,1429.04,Yes
CUS-06664,Male,0,No,No,70,Yes,No,DSL,No,Yes,No,Month-to-month,No,Mailed check,29.8,2097.56,No
CUS-06665,Female,0,Yes,Yes,63,Yes,Yes,Fiber optic,Yes,No,Yes,One year,Yes,Electronic check,113.89,6895.11,Yes
CUS-06666,Male,0,No,Yes,58,Yes,Yes,DSL,No,No,No,Month-to-month,No,Credit card (automatic),114.72,6381.47,No
CUS-06667,Male,0,No,No,47,Yes,Yes,No,No,Yes,No internet service,Month-to-month,No,Credit card (automatic),93.0,4509.91,No
CUS-06668,Female,0,No,No,17,Yes,No,No,No,No,Yes,Month-to-month,Yes,Electronic check,23.92,419.32,Yes
CUS-06669,Female,0,Yes,No,39,Yes,Yes,No,No internet service,No,No,Two year,No,Bank transfer (automatic),81.02,3059.42,Yes
CUS-06670,Male,0,Yes,No,59,Yes,No,DSL,Yes,No,No,Month-to-month,Yes,Bank transfer (automatic),30.84,1831.49,No
CUS-06671,Female,0,Yes,No,7,No,No,DSL,Yes,No,Yes,Month-to-month,Yes,Electronic check,102.54,684.69,Yes
CUS-06672,Male,0,Yes,No,63,Yes,Yes,No,Yes,Yes,No internet service,Month-to-month,Yes,Credit card (automatic),48.32,3004.83,No
CUS-06673,Female,0,No,Yes,57,Yes,Yes,DSL,No internet service,No,No internet service,Month-to-month,No,Electronic check,65.51,3602.34,Yes
CUS-06674,Male,0,No,No,34,Yes,No,Fiber optic,No,No internet service,No,Month-to-month,No,Credit card (automatic),36.68,1231.21,No
CUS-06675,Male,1,No,Yes,53,No,No,No,Yes,Yes,Yes,Two year,Yes,Bank transfer (automatic),90.51,4835.39,No
CUS-06676,Male,0,Yes,No,66,Yes,Yes,Fiber optic,Yes,No internet service,No internet service,Month-to-month,No,Mailed check,68.22,4639.7,No
CUS-06677,Male,0,Yes,No,48,No,No,Fiber optic,No internet service,Yes,No internet service,Month-to-month,No,Bank transfer (automatic),88.58,4257.48,No
CUS-06678,Female,0,Yes,Yes,60,Yes,No,DSL,No,No,Yes,Month-to-month,No,Bank transfer (automatic),49.97,3127.57,Yes
CUS-06679,Female,0,Yes,Yes,43,Yes,Yes,No,No,No,No,Month-to-month,Yes,Bank transfer (automatic),55.68,2298.73,No
CUS-06680,Female,0,No,No,4,Yes,No,DSL,No internet service,No,Yes,Month-to-month,Yes,Credit card (automatic),107.65,432.27,No
CUS-06681,Female,1,Yes,No,52,Yes,Yes,DSL,No internet service,No,Yes,Two year,Yes,Mailed check,43.43,2350.3,No
CUS-06682,Male,0,No,No,32,Yes,Yes,Fiber optic,Yes,No,Yes,Month-to-month,Yes,Mailed check,108.3,3373.54,Yes
CUS-06683,Male,1,No,No,51,Yes,Yes,DSL,No,No,No,Two year,No,Credit card (automatic),25.58,1339.92,No
CUS-06684,Female,0,No,No,10,Yes,No,Fiber optic,No,No internet service,No internet service,Month-to-month,Yes,Credit card (automatic),33.89,330.6,Yes
CUS-06685,Female,0,Yes,No,12,Yes,No,Fiber optic,No internet service,No internet service,Yes,One year,Yes,Electronic check,84.32,1060.17,No
CUS-06686,Female,0,Yes,No,39,Yes,Yes,DSL,Yes,No internet service,No,Two year,No,Bank transfer (automatic),117.42,4697.04,No
CUS-06687,Female,0,Yes,Yes,68,Yes,Yes,DSL,No,No,No internet service,Month-to-month,No,Credit card (automatic),111.38,7689.94,Yes
CUS-06688,Female,0,Yes,No,10,Yes,No,DSL,No,No,No,One year,Yes,Bank transfer (automatic),68.84,714.08,Yes
CUS-06689,Male,1,No,No,10,Yes,Yes,DSL,No internet service,Yes,No internet service,Two year,Yes,Mailed check,70.78,714.01,No
CUS-06690,Male,0,No,No,23,Yes,No,DSL,No internet service,Yes,No internet service,Month-to-month,Yes,Electronic check,75.34,1696.82,No
CUS-06691,Male,1,Yes,No,13,Yes,Yes,No,No,Yes,No,Month-to-month,Yes,Credit card (automatic),97.23,1240.99,No
CUS-06692,Female,1,Yes,No,48,Yes,No,DSL,No,No,No,Two year,No,Bank transfer (automatic),73.08,3538.99,Yes
CUS-06693,Female,1,No,Yes,44,Yes,Yes,DSL,No internet service,No,Yes,Month-to-month,Yes,Electronic check,29.78,1314.0,No
CUS-06694,Female,0,Yes,No,64,Yes,No,DSL,No,No,No,One year,Yes,Credit card (automatic),101.83,6783.02,Yes
CUS-06695,Female,0,No,Yes,40,Yes,No,Fiber optic,No internet service,No internet service,No,Month-to-month,Yes,Mailed check,106.53,4279.06,No
CUS-06696,Male,0,No,Yes,6,Yes,No,Fiber optic,No internet service,No,No,One year,No,Electronic check,109.8,659.51,Yes
CUS-06697,Male,0,No,No,43,Yes,No,No,No internet service,Yes,No,One year,No,Electronic check,60.06,2569.25,No
CUS-06698,Female,0,No,No,32,Yes,Yes,Fiber optic,Yes,Yes,No internet service,One year,Yes,Credit card (automatic),40.13,1236.48,No
CUS-06699,Male,0,No,No,49,Yes,No,DSL,No,Yes,No internet service,Two year,Yes,Mailed check,29.94,1411.4,No
CUS-06700,Male,0,No,Yes,19,Yes,Yes,DSL,No,Yes,Yes,Month-to-month,No,Mailed check,70.46,1361.22,No
CUS-06701,Female,1,No,No,52,No,Yes,DSL,No,No internet service,No,Two year,Yes,Mailed check,45.74,2368.68,No
CUS-06702,Female,1,Yes,Yes,52,Yes,No phone service,No,No,No,No internet service,Month-to-month,Yes,Bank transfer (automatic),60.73,3172.56,No
CUS-06703,Female,0,Yes,No,34,Yes,Yes,Fiber optic,No,Yes,No,One year,Yes,Mailed check,27.9,989.11,No
CUS-06704,Female,0,No,No,59,Yes,Yes,DSL,No,Yes,No internet service,Month-to-month,Yes,Mailed check,37.92,2300.59,Yes
CUS-06705,Female,0,Yes,No,5,Yes,Yes,No,No internet service,No,Yes,Month-to-month,Yes,Bank transfer (automatic),61.84,305.48,Yes
CUS-06706,Female,0,No,No,66,Yes,No,No,No,No internet service,Yes,Two year,Yes,Mailed check,35.86,2432.54,No
CUS-06707,Male,0,No,Yes,41,No,No phone service,No,Yes,No,Yes,Month-to-month,No,Bank transfer (automatic),40.52,1740.02,Yes
CUS-06708,Male,0,No,No,34,Yes,Yes,DSL,Yes,No,Yes,Month-to-month,Yes,Credit card (automatic),19.99,656.78,No
CUS-06709,Female,0,Yes,No,54,Yes,No,DSL,Yes,No internet service,No internet service,Month-to-month,Yes,Credit card (automatic),25.31,1420.97,No
CUS-06710,Male,0,Yes,No,20,Yes,Yes,DSL,No internet service,No,Yes,One year,No,Mailed check,29.64,584.16,No
CUS-06711,Female,0,Yes,No,54,Yes,Yes,Fiber optic,No internet service,No internet service,Yes,One year,No,Electronic check,83.66,4624.17,No
CUS-06712,Female,0,Yes,No,66,Yes,No,Fiber optic,No,Yes,No,Two year,No,Electronic check,33.0,2217.09,No
CUS-06713,Female,1,No,No,18,No,No,No,No,No,No,Two year,No,Credit card (automatic),106.06,1948.62,No
CUS-06714,Female,0,No,No,44,Yes,Yes,DSL,No internet service,Yes,Yes,One year,Yes,Electronic check,96.54,4414.24,No
CUS-06715,Male,0,No,No,48,Yes,No,Fiber optic,Yes,No,No internet service,Month-to-month,No,Electronic check,99.73,4849.5,Yes
CUS-06716,Female,0,Yes,Yes,35,Yes,Yes,No,No,No,No internet service,Month-to-month,Yes,Bank transfer (automatic),53.21,1804.75,No
CUS-06717,Male,0,Yes,Yes,39,No,Yes,DSL,No,No,No internet service,Month-to-month,Yes,Credit card (automatic),23.77,942.69,Yes
CUS-06718,Female,0,Yes,Yes,3,Yes,No phone service,DSL,No internet service,Yes,No,Month-to-month,Yes,Electronic check,25.65,75.71,Yes
CUS-06719,Female,0,Yes,No,19,Yes,No,Fiber optic,No,No,No,Two year,No,Electronic check,86.97,1727.51,Yes
CUS-06720,Female,0,No,Yes,18,Yes,No,Fiber optic,No,No,Yes,Two year,Yes,Credit card (automatic),110.31,1948.5,Yes
CUS-06721,Male,0,Yes,Yes,5,Yes,No,No,No internet service,No internet service,Yes,Month-to-month,Yes,Mailed check,35.53,173.05,No
CUS-06722,Female,0,Yes,No,55,Yes,Yes,No,No,No,Yes,Two year,Yes,Mailed check,104.43,5465.41,Yes
CUS-06723,Female,0,No,No,13,No,No,No,No internet service,No,No,Two year,No,Credit card (automatic),83.3,1122.11,Yes
CUS-06724,Female,0,No,No,34,Yes,Yes,Fiber optic,No,No internet service,Yes,Two year,Yes,Electronic check,85.67,3033.97,No
CUS-06725,Male,0,Yes,No,18,Yes,No,DSL,Yes,Yes,No internet service,Month-to-month,No,Bank transfer (automatic),87.76,1511.38,Yes
CUS-06726,Male,0,No,Yes,68,Yes,No,No,Yes,No,No,Month-to-month,No,Credit card (automatic),24.22,1632.9,No
CUS-06727,Male,0,Yes,No,43,Yes,No phone service,No,No internet service,No,Yes,Month-to-month,Yes,Bank transfer (automatic),78.38,3342.9,No
CUS-06728,Female,1,Yes,Yes,65,Yes,No,Fiber optic,Yes,No,Yes,Month-to-month,No,Mailed check,66.33,4440.91,No
CUS-06729,Male,0,Yes,No,41,Yes,Yes,DSL,No,No internet service,No,Month-to-month,Yes,Bank transfer (automatic),101.66,4102.91,Yes
CUS-06730,Female,1,No,Yes,38,Yes,No,Fiber optic,No,No,No internet service,Month-to-month,No,Electronic check,60.81,2274.59,Yes
CUS-06731,Male,0,Yes,No,38,Yes,Yes,No,No,Yes,No internet service,Two year,Yes,Electronic check,68.95,2576.01,No
CUS-06732,Male,1,Yes,Yes,13,Yes,No,DSL,No,No,No,Month-to-month,No,Bank transfer (automatic),76.05,981.65,No
CUS-06733,Female,0,No,No,22,Yes,No,Fiber optic,Yes,Yes,Yes,Month-to-month,No,Electronic check,76.67,1710.8,No
CUS-06734,Male,0,Yes,Yes,29,Yes,Yes,No,Yes,No,No internet service,Two year,Yes,Electronic check,58.0,1760.81,No
CUS-06735,Female,1,Yes,Yes,9,Yes,No phone service,No,Yes,Yes,No internet service,Two year,Yes,Electronic check,34.62,312.46,No
CUS-06736,Female,0,Yes,No,68,Yes,No phone service,Fiber optic,Yes,No,No internet service,Two year,No,Electronic check,43.14,2901.1,No
CUS-06737,Male,0,Yes,Yes,17,Yes,No phone service,No,Yes,No,Yes,One year,Yes,Mailed check,59.24,958.5,No
CUS-06738,Female,0,No,No,37,Yes,Yes,DSL,No,Yes,No,Month-to-month,No,Electronic check,79.97,2858.35,No
CUS-06739,Female,0,No,No,64,Yes,No,DSL,Yes,No,No internet service,Month-to-month,No,Credit card (automatic),63.45,4242.76,No
CUS-06740,Male,0,Yes,No,67,Yes,No phone service,DSL,Yes,Yes,Yes,Month-to-month,No,Bank transfer (automatic),97.16,6353.31,Yes
CUS-06741,Male,0,Yes,No,4,Yes,No,DSL,No,No internet service,No,Month-to-month,No,Electronic check,75.51,293.03,Yes
CUS-06742,Female,1,No,No,40,Yes,Yes,Fiber optic,Yes,No internet service,Yes,Two year,Yes,Mailed check,52.27,2022.27,No
CUS-06743,Male,0,Yes,No,16,Yes,No,DSL,No internet service,No,Yes,Month-to-month,No,Credit card (automatic),67.71,1092.9,Yes
CUS-06744,Female,1,No,No,11,No,No,Fiber optic,No,No,No,Month-to-month,Yes,Credit card (automatic),53.93,587.0,Yes
CUS-06745,Female,1,Yes,Yes,26,Yes,No,Fiber optic,No internet service,No,No internet service,One year,Yes,Electronic check,21.03,551.37,Yes
CUS-06746,Male,0,No,Yes,65,Yes,Yes,Fiber optic,Yes,No,Yes,One year,Yes,Bank transfer (automatic),46.11,3139.22,Yes
CUS-06747,Male,0,No,Yes,2,Yes,Yes,DSL,Yes,Yes,No internet service,Month-to-month,Yes,Electronic check,63.09,120.81,Yes
CUS-06748,Male,0,No,No,45,Yes,No,DSL,No,No,No,Month-to-month,Yes,Electronic check,43.53,1887.3,No
CUS-06749,Male,0,Yes,No,43,Yes,No,DSL,No,No,Yes,One year,No,Electronic check,89.96,3896.75,Yes
CUS-06750,Female,0,No,No,3,Yes,No,DSL,No,No internet service,Yes,One year,No,Bank transfer (automatic),104.21,302.12,Yes
CUS-06751,Female,0,No,No,34,Yes,Yes,DSL,No,No internet service,No,Month-to-month,Yes,Mailed check,47.69,1647.95,No
CUS-06752,Male,0,No,No,65,Yes,Yes,DSL,No,Yes,No internet service,Month-to-month,No,Electronic check,20.42,1369.0,Yes
CUS-06753,Male,0,Yes,No,64,No,Yes,Fiber optic,No internet service,No,Yes,Month-to-month,No,Mailed check,105.55,6909.05,Yes
CUS-06754,Female,0,No,No,7,Yes,Yes,DSL,Yes,No,No,Month-to-month,Yes,Mailed check,75.74,520.5,No
CUS-06755,Female,0,Yes,No,35,Yes,No,Fiber optic,No,No internet service,Yes,Month-to-month,Yes,Bank transfer (automatic),18.58,672.29,Yes
CUS-06756,Female,0,Yes,No,22,Yes,Yes,DSL,No,No,Yes,Month-to-month,Yes,Bank transfer (automatic),67.99,1497.32,No
CUS-06757,Female,0,No,Yes,48,Yes,No,No,No,No,No,Two year,Yes,Mailed check,27.68,1366.25,No
CUS-06758,Male,0,Yes,No,32,Yes,No,DSL,Yes,No,Yes,One year,Yes,Electronic check,85.39,2858.69,No
CUS-06759,Female,1,No,No,26,Yes,Yes,Fiber optic,No,No,Yes,One year,Yes,Electronic check,71.38,1849.42,No
CUS-06760,Female,0,No,Yes,6,Yes,No phone service,Fiber optic,No,No internet service,Yes,Month-to-month,Yes,Credit card (automatic),109.32,653.63,Yes
CUS-06761,Male,0,No,No,46,Yes,No,Fiber optic,No internet service,Yes,Yes,Month-to-month,No,Electronic check,57.51,2579.11,No
CUS-06762,Female,0,No,Yes,55,Yes,No,Fiber optic,No,Yes,No,Month-to-month,Yes,Electronic check,110.36,5840.94,No
CUS-06763,Female,1,No,No,55,Yes,No phone service,Fiber optic,Yes,No,No,Month-to-month,Yes,Bank transfer (automatic),101.65,5722.17,Yes
CUS-06764,Male,0,Yes,Yes,57,Yes,Yes,Fiber optic,No,Yes,No,One year,No,Electronic check,93.24,5446.6,Yes
CUS-06765,Male,0,No,No,63,Yes,No,Fiber optic,No internet service,No,Yes,Two year,Yes,Electronic check,61.8,3891.18,No
CUS-06766,Male,1,Yes,No,1,Yes,Yes,DSL,No,Yes,Yes,Two year,No,Mailed check,59.43,60.96,No
CUS-06767,Female,0,Yes,No,21,Yes,No,DSL,No,No,No internet service,One year,No,Mailed check,57.47,1175.94,No
CUS-06768,Female,0,No,No,20,Yes,No,No,No,No,Yes,Two year,Yes,Electronic check,23.17,440.39,No
CUS-06769,Male,0,Yes,No,29,Yes,No,Fiber optic,No,Yes,No,Two year,Yes,Electronic check,78.6,2172.87,Yes
CUS-06770,Male,1,Yes,No,43,Yes,Yes,Fiber optic,Yes,No,Yes,Two year,Yes,Mailed check,97.79,4229.53,Yes
CUS-06771,Female,0,No,No,45,Yes,Yes,DSL,No,No internet service,Yes,One year,No,Mailed check,92.41,3971.77,No
CUS-06772,Male,0,Yes,Yes,65,Yes,Yes,No,No,No,No,Month-to-month,No,Electronic check,76.28,5121.56,No
CUS-06773,Male,0,Yes,No,3,Yes,Yes,DSL,Yes,Yes,Yes,Month-to-month,No,Electronic check,53.72,164.6,Yes
CUS-06774,Male,0,Yes,No,20,Yes,No,DSL,No,No,No,Two year,No,Mailed check,87.48,1815.32,No
CUS-06775,Female,0,No,No,37,Yes,No,Fiber optic,No,No internet service,No,Month-to-month,Yes,Electronic check,70.89,2672.42,Yes
CUS-06776,Female,0,No,Yes,38,Yes,Yes,Fiber optic,Yes,No,No internet service,Month-to-month,No,Electronic check,101.97,3705.11,No
CUS-06777,Female,0,No,Yes,45,Yes,Yes,No,No,No,Yes,Month-to-month,No,Electronic check,45.34,2003.57,No
CUS-06778,Female,0,Yes,No,42,Yes,Yes,DSL,No internet service,No internet service,Yes,One year,No,Mailed check,28.21,1167.87,No
CUS-06779,Female,0,No,No,46,Yes,No,Fiber optic,No,Yes,Yes,Two year,Yes,Bank transfer (automatic),18.32,849.5,No
CUS-06780,Female,0,No,Yes,60,No,No phone service,DSL,No internet service,No,No,Month-to-month,Yes,Electronic check,92.3,5794.29,Yes
CUS-06781,Male,0,Yes,No,13,Yes,Yes,Fiber optic,No,No,Yes,Month-to-month,Yes,Bank transfer (automatic),77.93,1040.43,Yes
CUS-06782,Female,0,Yes,Yes,31,Yes,No,Fiber optic,Yes,No internet service,Yes,Two year,Yes,Mailed check,23.99,725.26,No
CUS-06783,Female,0,No,No,68,Yes,No,Fiber optic,No,Yes,Yes,Month-to-month,Yes,Bank transfer (automatic),101.99,6656.16,No
CUS-06784,Male,0,No,No,62,Yes,Yes,DSL,Yes,No internet service,No,Month-to-month,Yes,Mailed check,65.72,4236.43,Yes
CUS-06785,Female,0,No,No,49,Yes,No phone service,Fiber optic,No,No,Yes,Two year,No,Mailed check,64.13,3167.12,No
CUS-06786,Female,0,Yes,Yes,18,Yes,No,Fiber optic,No,Yes,No internet service,One year,No,Mailed check,86.46,1501.07,Yes
CUS-06787,Male,0,No,Yes,53,No,No phone service,Fiber optic,No,No,Yes,Month-to-month,Yes,Electronic check,81.47,4463.17,Yes
CUS-06788,Male,0,Yes,No,18,Yes,No,Fiber optic,No,No internet service,No,Month-to-month,Yes,Electronic check,41.87,763.64,No
CUS-06789,Male,0,Yes,No,51,Yes,Yes,Fiber optic,No internet service,Yes,No internet service,Month-to-month,No,Mailed check,82.47,4369.84,Yes
CUS-06790,Female,1,Yes,No,41,No,No phone service,No,No internet service,No internet service,No internet service,Two year,No,Electronic check,103.82,4367.87,No
CUS-06791,Male,0,No,No,67,Yes,Yes,Fiber optic,Yes,No,No,Month-to-month,No,Electronic check,57.18,3839.15,Yes
CUS-06792,Female,0,No,No,65,Yes,No,No,No,Yes,Yes,Month-to-month,No,Bank transfer (automatic),46.98,3073.18,Yes
CUS-06793,Female,1,No,Yes,6,Yes,Yes,DSL,No internet service,Yes,No internet service,Month-to-month,No,Bank transfer (automatic),24.01,144.4,No
CUS-06794,Female,0,No,Yes,37,Yes,No,DSL,No,No internet service,Yes,Month-to-month,No,Electronic check,78.51,2775.51,No
CUS-06795,Female,0,Yes,No,12,Yes,Yes,Fiber optic,No,No internet service,No internet service,Month-to-month,No,Credit card (automatic),93.54,1171.28,No
CUS-06796,Male,0,No,No,2,Yes,No phone service,DSL,Yes,No internet service,No,One year,No,Credit card (automatic),114.76,240.71,Yes
CUS-06797,Male,0,No,No,53,Yes,Yes,Fiber optic,No,No,No internet service,Month-to-month,Yes,Mailed check,79.2,4115.49,No
CUS-06798,Female,0,Yes,No,25,Yes,Yes,DSL,Yes,No internet service,No,Two year,Yes,Mailed check,62.79,1619.89,Yes
CUS-06799,Male,0,Yes,Yes,28,Yes,No,No,No internet service,No,No internet service,One year,No,Credit card (automatic),111.52,3277.92,No
CUS-06800,Female,0,Yes,No,45,Yes,No phone service,Fiber optic,Yes,Yes,No,Month-to-month,Yes,Bank transfer (automatic),35.88,1537.0,No
CUS-06801,Female,0,Yes,No,37,Yes,Yes,Fiber optic,No,No,Yes,Month-to-month,No,Mailed check,88.84,3228.67,No
CUS-06802,Female,0,Yes,No,17,Yes,Yes,No,Yes,No internet service,No,Month-to-month,Yes,Electronic check,50.73,868.44,No
CUS-06803,Male,1,Yes,No,69,Yes,No,DSL,No,No,Yes,One year,No,Bank transfer (automatic),104.15,7110.47,No
CUS-06804,Female,0,No,No,56,Yes,Yes,No,No internet service,No,No,One year,Yes,Mailed check,92.52,5423.5,No
CUS-06805,Female,0,Yes,Yes,58,Yes,No,Fiber optic,Yes,No,No internet service,Two year,Yes,Bank transfer (automatic),51.36,2887.07,Yes
CUS-06806,Male,0,Yes,No,4,Yes,Yes,DSL,Yes,No,No,Month-to-month,Yes,Electronic check,95.48,377.83,Yes
CUS-06807,Male,0,No,Yes,55,Yes,No,No,No,Yes,No,Month-to-month,Yes,Bank transfer (automatic),107.04,6024.37,Yes
CUS-06808,Male,0,Yes,No,49,Yes,No,Fiber optic,No,Yes,Yes,One year,Yes,Bank transfer (automatic),43.23,2181.18,No
CUS-06809,Male,0,No,Yes,38,Yes,Yes,Fiber optic,No internet service,Yes,No internet service,One year,Yes,Credit card (automatic),75.17,2742.49,Yes
CUS-06810,Female,0,No,Yes,45,Yes,No,No,Yes,Yes,Yes,Two year,No,Mailed check,59.96,2622.86,No
CUS-06811,Male,0,Yes,Yes,30,Yes,No,No,No internet service,No,Yes,Month-to-month,Yes,Mailed check,110.59,3195.64,Yes
CUS-06812,Female,0,Yes,Yes,37,No,No,No,No,Yes,No,Two year,No,Electronic check,115.23,4263.52,No
CUS-06813,Male,0,Yes,No,56,Yes,Yes,Fiber optic,Yes,No,No internet service,Month-to-month,No,Electronic check,28.38,1594.45,Yes
CUS-06814,Male,1,Yes,No,27,Yes,Yes,Fiber optic,Yes,No,No,Month-to-month,Yes,Electronic check,72.88,2014.44,Yes
CUS-06815,Male,1,Yes,No,32,Yes,No,DSL,No internet service,No,No,Month-to-month,No,Credit card (automatic),71.09,2359.87,No
CUS-06816,Male,0,Yes,No,11,Yes,Yes,No,No internet service,Yes,No,Month-to-month,Yes,Mailed check,104.87,1111.75,Yes
CUS-06817,Male,0,Yes,Yes,58,Yes,No phone service,Fiber optic,No,No,Yes,Two year,Yes,Mailed check,95.91,5579.55,No
CUS-06818,Male,0,No,No,35,Yes,No,Fiber optic,No internet service,No,No internet service,Month-to-month,Yes,Credit card (automatic),46.71,1631.68,No
CUS-06819,Female,0,Yes,Yes,17,No,No,No,Yes,No,No,Month-to-month,Yes,Electronic check,70.2,1240.6,Yes
CUS-06820,Male,1,No,Yes,30,Yes,No,No,No,No,No,Month-to-month,No,Bank transfer (automatic),55.82,1679.29,No
CUS-06821,Male,0,Yes,Yes,18,Yes,No,No,No,No,No,Month-to-month,Yes,Credit card (automatic),53.32,933.89,No
CUS-06822,Male,0,No,No,30,Yes,No phone service,Fiber optic,No internet service,Yes,Yes,Two year,Yes,Electronic check,91.1,2849.44,Yes
CUS-06823,Male,1,Yes,Yes,16,Yes,No,DSL,No,No,No,Two year,No,Electronic check,77.94,1300.79,No
CUS-06824,Female,1,No,No,54,Yes,Yes,No,No internet service,Yes,No internet service,Month-to-month,Yes,Electronic check,37.89,1969.48,Yes
CUS-06825,Male,0,Yes,No,4,Yes,No,Fiber optic,No internet service,No,No,Month-to-month,No,Credit card (automatic),80.07,331.58,No
CUS-06826,Male,0,No,No,15,Yes,No,No,Yes,No,No,Two year,No,Bank transfer (automatic),64.37,998.1,No
CUS-06827,Male,0,Yes,No,27,Yes,No,Fiber optic,No,No,Yes,Two year,No,Electronic check,52.1,1419.28,Yes
CUS-06828,Male,0,No,No,4,Yes,No phone service,No,Yes,No,No internet service,One year,Yes,Bank transfer (automatic),24.65,98.33,No
CUS-06829,Female,0,Yes,No,35,Yes,No,Fiber optic,No,No internet service,Yes,Month-to-month,Yes,Electronic check,110.87,3758.14,Yes
CUS-06830,Male,0,No,Yes,63,Yes,Yes,No,No,No,Yes,One year,Yes,Electronic check,104.17,6372.49,No
CUS-06831,Female,0,Yes,No,66,Yes,No,DSL,Yes,No,No,Month-to-month,Yes,Credit card (automatic),48.35,3115.46,Yes
CUS-06832,Male,0,Yes,Yes,39,Yes,No phone service,No,No,No internet service,No,Month-to-month,No,Electronic check,73.63,2751.16,Yes
CUS-06833,Female,0,Yes,No,28,Yes,No phone service,DSL,No,Yes,No internet service,Month-to-month,No,Credit card (automatic),104.47,2987.16,Yes
CUS-06834,Female,0,Yes,No,34,Yes,No phone service,DSL,No,No,Yes,Two year,Yes,Credit card (automatic),69.94,2270.88,No
CUS-06835,Male,0,No,No,33,Yes,Yes,Fiber optic,No,No,No,Month-to-month,Yes,Mailed check,32.18,1019.04,No
CUS-06836,Male,0,No,No,50,No,No,Fiber optic,Yes,No internet service,Yes,Month-to-month,No,Credit card (automatic),65.47,3163.89,No
CUS-06837,Female,0,Yes,Yes,60,Yes,Yes,Fiber optic,No,No,Yes,Month-to-month,No,Electronic check,49.4,3020.0,Yes
CUS-06838,Female,0,No,No,42,Yes,Yes,DSL,Yes,No,No,One year,Yes,Credit card (automatic),63.78,2575.89,No
CUS-06839,Male,0,No,No,28,Yes,Yes,Fiber optic,No,Yes,No internet service,One year,No,Electronic check,102.8,2785.58,No
CUS-06840,Female,0,No,No,27,Yes,Yes,No,No,No,No,Month-to-month,No,Mailed check,58.88,1659.21,No
CUS-06841,Female,0,Yes,Yes,1,Yes,Yes,Fiber optic,No,No,No internet service,One year,Yes,Credit card (automatic),97.94,95.82,No
CUS-06842,Female,0,Yes,No,8,Yes,Yes,Fiber optic,Yes,No internet service,No internet service,One year,Yes,Mailed check,41.26,336.49,No
CUS-06843,Male,0,No,No,46,Yes,Yes,Fiber optic,No,Yes,No internet service,Month-to-month,No,Bank transfer (automatic),77.37,3713.09,Yes
CUS-06844,Female,0,Yes,No,24,Yes,Yes,No,No internet service,Yes,Yes,Month-to-month,Yes,Electronic check,60.61,1387.94,No
CUS-06845,Female,0,No,No,40,No,No,No,No,No,Yes,Two year,No,Credit card (automatic),115.31,4596.97,No
CUS-06846,Female,0,No,No,51,Yes,Yes,DSL,No internet service,No,No,One year,Yes,Electronic check,18.08,925.32,No
CUS-06847,Male,0,Yes,No,24,Yes,No,DSL,Yes,Yes,No,One year,Yes,Credit card (automatic),54.37,1338.91,No
CUS-06848,Male,0,Yes,No,22,Yes,Yes,DSL,No,Yes,No,Two year,Yes,Credit card (automatic),99.34,2286.91,No
CUS-06849,Female,1,No,No,68,Yes,No,Fiber optic,No,No internet service,Yes,Month-to-month,Yes,Electronic check,57.15,3707.76,Yes
CUS-06850,Male,0,Yes,No,8,Yes,Yes,Fiber optic,No,No,No,Month-to-month,Yes,Bank transfer (automatic),39.75,314.2,Yes
CUS-06851,Female,0,Yes,No,58,Yes,Yes,Fiber optic,Yes,Yes,No,Month-to-month,Yes,Electronic check,103.33,5951.73,No
CUS-06852,Male,0,Yes,Yes,15,Yes,No,Fiber optic,No,Yes,Yes,Month-to-month,Yes,Bank transfer (automatic),77.17,1211.57,Yes
CUS-06853,Male,0,No,No,8,Yes,No phone service,Fiber optic,No,Yes,No,Two year,Yes,Mailed check,73.67,604.69,Yes
CUS-06854,Female,0,Yes,No,42,Yes,Yes,DSL,No,No,No,Month-to-month,Yes,Electronic check,58.08,2545.55,Yes
CUS-06855,Male,0,No,No,39,Yes,Yes,Fiber optic,Yes,No internet service,Yes,Month-to-month,Yes,Credit card (automatic),33.76,1268.64,No
CUS-06856,Male,0,Yes,Yes,35,Yes,No phone service,DSL,No internet service,No internet service,No internet service,Month-to-month,No,Bank transfer (automatic),75.56,2518.91,No
CUS-06857,Male,0,Yes,No,41,Yes,Yes,No,No,No,Yes,Two year,Yes,Electronic check,68.53,2942.08,Yes
CUS-06858,Female,0,No,No,48,Yes,Yes,Fiber optic,No,No,No,One year,No,Mailed check,58.21,2746.84,Yes
CUS-06859,Male,1,No,No,71,Yes,No phone service,Fiber optic,No internet service,No,No internet service,One year,Yes,Electronic check,25.69,1852.63,No
CUS-06860,Male,0,Yes,Yes,44,Yes,No,DSL,Yes,No,Yes,Month-to-month,Yes,Bank transfer (automatic),83.1,3531.03,Yes
CUS-06861,Female,0,No,Yes,35,Yes,Yes,Fiber optic,No,No,Yes,Month-to-month,Yes,Bank transfer (automatic),81.17,2856.11,No
CUS-06862,Male,0,Yes,No,27,Yes,No phone service,Fiber optic,No internet service,Yes,Yes,Two year,Yes,Electronic check,73.91,2083.6,No
CUS-06863,Male,0,No,No,65,Yes,No,DSL,No,Yes,Yes,One year,No,Electronic check,31.15,2065.8,No
CUS-06864,Male,0,Yes,No,70,Yes,Yes,Fiber optic,No,No,Yes,Month-to-month,No,Bank transfer (automatic),48.28,3363.29,Yes
CUS-06865,Male,0,No,No,66,Yes,No,DSL,No internet service,No internet service,No internet service,One year,Yes,Bank transfer (automatic),64.99,4470.49,No
CUS-06866,Male,0,No,No,71,Yes,No,Fiber optic,Yes,No,Yes,Month-to-month,Yes,Electronic check,91.45,6250.08,Yes
CUS-06867,Female,0,Yes,No,63,Yes,No,Fiber optic,Yes,Yes,Yes,Month-to-month,Yes,Mailed check,40.29,2530.48,No
CUS-06868,Female,0,No,Yes,29,Yes,No phone service,Fiber optic,No,Yes,No internet service,One year,No,Mailed check,98.09,2865.33,Yes
CUS-06869,Male,0,No,Yes,31,Yes,Yes,Fiber optic,No,No,No,Month-to-month,Yes,Electronic check,49.92,1472.26,Yes
CUS-06870,Male,0,Yes,No,64,No,No,DSL,Yes,No,No,Two year,No,Bank transfer (automatic),84.57,5151.61,No
CUS-06871,Male,0,No,No,53,Yes,No,DSL,Yes,No internet service,Yes,One year,Yes,Electronic check,111.69,5989.55,Yes
CUS-06872,Female,1,No,No,68,Yes,Yes,DSL,No internet service,No internet service,No internet service,Two year,Yes,Mailed check,89.42,6174.48,No
CUS-06873,Female,1,No,No,25,Yes,No,DSL,No,No internet service,Yes,Month-to-month,Yes,Electronic check,24.93,653.28,No
CUS-06874,Male,0,No,No,13,Yes,No,Fiber optic,Yes,No,No,Month-to-month,No,Bank transfer (automatic),55.64,709.61,Yes
CUS-06875,Male,0,No,No,40,Yes,No,Fiber optic,No internet service,No internet service,No internet service,Two year,No,Credit card (automatic),75.82,2985.13,Yes
CUS-06876,Female,0,No,No,7,Yes,No,Fiber optic,No,No,Yes,Month-to-month,Yes,Mailed check,85.33,602.95,Yes
CUS-06877,Male,0,No,Yes,32,Yes,No,No,No,Yes,No internet service,One year,Yes,Bank transfer (automatic),52.48,1720.0,No
CUS-06878,Female,0,Yes,No,24,No,Yes,Fiber optic,No,No,No internet service,One year,Yes,Bank transfer (automatic),60.87,1463.81,No
CUS-06879,Female,1,No,No,1,Yes,No,Fiber optic,No,No,No internet service,Month-to-month,Yes,Electronic check,55.6,56.26,Yes
CUS-06880,Male,0,Yes,No,47,Yes,Yes,DSL,No,No,No internet service,Two year,Yes,Electronic check,87.8,4005.4,No
CUS-06881,Female,0,No,No,51,Yes,Yes,Fiber optic,No,No,No,Month-to-month,No,Credit card (automatic),109.36,5697.84,Yes
CUS-06882,Male,0,No,No,36,Yes,No,DSL,Yes,No,No,Two year,Yes,Credit card (automatic),95.82,3415.96,No
CUS-06883,Male,0,Yes,No,27,Yes,No,Fiber optic,Yes,Yes,No internet service,Two year,No,Mailed check,44.32,1205.9,No
CUS-06884,Male,0,Yes,No,70,No,No,No,Yes,No,Yes,One year,No,Electronic check,72.01,5120.94,No
CUS-06885,Male,0,Yes,Yes,42,Yes,No phone service,Fiber optic,No,No,No,Two year,Yes,Credit card (automatic),65.81,2627.85,No
CUS-06886,Male,0,Yes,No,68,No,Yes,DSL,No,Yes,Yes,Month-to-month,No,Electronic check,19.55,1339.54,Yes
CUS-06887,Male,0,No,Yes,70,Yes,Yes,No,Yes,No,No,Two year,Yes,Credit card (automatic),111.84,8175.31,No
CUS-06888,Female,1,Yes,No,13,Yes,No,DSL,No internet service,Yes,No internet service,Month-to-month,Yes,Mailed check,64.6,806.14,No
CUS-06889,Female,0,No,No,25,Yes,No,No,No,No internet service,No,Month-to-month,No,Electronic check,112.32,2698.1,No
CUS-06890,Female,1,No,No,22,Yes,Yes,No,No,No,No internet service,One year,Yes,Credit card (automatic),84.42,1801.41,No
CUS-06891,Female,0,No,Yes,21,Yes,Yes,Fiber optic,No internet service,Yes,No,Month-to-month,Yes,Mailed check,88.82,1790.59,No
CUS-06892,Male,0,Yes,No,15,Yes,Yes,DSL,No internet service,No,No,One year,Yes,Electronic check,60.7,942.7,No
CUS-06893,Female,0,No,No,67,Yes,No,No,Yes,No,No,Month-to-month,No,Mailed check,103.8,7219.74,No
CUS-06894,Female,0,Yes,Yes,37,Yes,No,Fiber optic,No,Yes,No internet service,Two year,No,Credit card (automatic),36.54,1348.45,No
CUS-06895,Female,0,No,No,45,Yes,Yes,DSL,No internet service,No internet service,No internet service,Month-to-month,No,Electronic check,113.92,5275.7,No
CUS-06896,Male,0,No,No,26,Yes,Yes,Fiber optic,Yes,No,No internet service,Month-to-month,No,Electronic check,79.63,2029.68,Yes
CUS-06897,Female,0,Yes,No,55,Yes,Yes,Fiber optic,Yes,Yes,No internet service,Month-to-month,No,Bank transfer (automatic),51.23,2818.75,No
CUS-06898,Male,0,Yes,No,50,Yes,Yes,DSL,Yes,No internet service,No internet service,Two year,Yes,Bank transfer (automatic),91.94,4614.38,No
CUS-06899,Female,0,Yes,No,35,Yes,Yes,DSL,Yes,Yes,No internet service,Two year,Yes,Credit card (automatic),92.52,3175.48,No
CUS-06900,Male,0,No,Yes,41,Yes,Yes,DSL,No internet service,No internet service,Yes,Month-to-month,No,Electronic check,95.46,3948.03,Yes
CUS-06901,Male,0,Yes,No,11,Yes,No,DSL,No internet service,No,Yes,Month-to-month,Yes,Mailed check,47.35,538.72,No
CUS-06902,Female,0,No,No,8,No,Yes,DSL,Yes,No,No internet service,Two year,Yes,Electronic check,20.57,171.88,No
CUS-06903,Male,0,Yes,No,54,Yes,No,DSL,No internet service,No,No,Two year,No,Credit card (automatic),106.92,5660.95,No
CUS-06904,Male,0,No,No,1,Yes,Yes,DSL,Yes,Yes,No internet service,Month-to-month,Yes,Electronic check,97.75,101.9,Yes
CUS-06905,Female,0,Yes,No,20,Yes,No,DSL,No,No,No,Month-to-month,No,Electronic check,58.19,1178.61,No
CUS-06906,Female,1,Yes,No,34,Yes,No phone service,No,No,Yes,Yes,One year,Yes,Mailed check,34.62,1188.89,No
CUS-06907,Female,0,Yes,No,57,Yes,Yes,Fiber optic,Yes,No,No internet service,Month-to-month,Yes,Bank transfer (automatic),64.88,3558.69,Yes
CUS-06908,Male,0,No,No,13,Yes,Yes,Fiber optic,No,Yes,No,One year,Yes,Electronic check,48.58,644.83,No
CUS-06909,Male,1,No,No,54,No,Yes,Fiber optic,No,Yes,No,Month-to-month,No,Electronic check,37.41,1981.15,No
CUS-06910,Male,1,Yes,No,53,No,Yes,DSL,Yes,No,No,Month-to-month,Yes,Electronic check,66.62,3504.88,No
CUS-06911,Female,0,Yes,Yes,52,Yes,Yes,No,No internet service,No internet service,No,One year,Yes,Credit card (automatic),100.97,5062.23,No
CUS-06912,Male,1,Yes,No,6,Yes,No,Fiber optic,Yes,No,No,Month-to-month,No,Bank transfer (automatic),76.17,444.7,Yes
CUS-06913,Male,0,No,Yes,36,Yes,No,Fiber optic,No,Yes,No internet service,Month-to-month,Yes,Electronic check,66.74,2431.93,Yes
CUS-06914,Male,0,Yes,No,25,Yes,Yes,No,No internet service,No,No internet service,One year,No,Electronic check,117.41,2968.76,No
CUS-06915,Male,0,No,No,58,Yes,No,Fiber optic,Yes,No,Yes,Month-to-month,Yes,Credit card (automatic),94.03,5431.05,Yes
CUS-06916,Male,0,No,Yes,55,Yes,Yes,DSL,No,No,Yes,Month-to-month,No,Bank transfer (automatic),31.19,1737.86,Yes
CUS-06917,Male,0,No,No,3,Yes,Yes,No,No,No,Yes,One year,Yes,Electronic check,59.69,185.64,Yes
CUS-06918,Male,0,No,Yes,28,Yes,No,No,No,No,No,Month-to-month,Yes,Electronic check,64.5,1721.5,Yes
CUS-06919,Female,1,Yes,No,68,Yes,Yes,No,Yes,No,No internet service,One year,No,Electronic check,79.06,5217.88,No
CUS-06920,Female,0,No,No,38,Yes,No,DSL,No,Yes,Yes,Month-to-month,No,Electronic check,86.18,3208.09,No
CUS-06921,Female,0,Yes,Yes,34,Yes,No phone service,No,No,No internet service,Yes,Month-to-month,Yes,Bank transfer (automatic),50.55,1731.96,No
CUS-06922,Male,0,Yes,No,13,Yes,No,Fiber optic,No,No,No internet service,One year,No,Mailed check,54.74,723.43,No
CUS-06923,Male,0,No,No,5,Yes,Yes,Fiber optic,No,No,Yes,Month-to-month,Yes,Credit card (automatic),28.35,142.51,Yes
CUS-06924,Female,0,Yes,No,60,Yes,No,DSL,No internet service,Yes,Yes,Month-to-month,No,Electronic check,26.93,1647.75,No
CUS-06925,Male,0,Yes,No,17,Yes,No,DSL,No,No,Yes,Month-to-month,Yes,Electronic check,93.8,1586.06,Yes
CUS-06926,Female,1,Yes,No,57,Yes,No phone service,DSL,No,Yes,No internet service,Month-to-month,Yes,Electronic check,110.61,6491.94,Yes
CUS-06927,Male,0,Yes,Yes,31,Yes,No phone service,Fiber optic,No internet service,No,Yes,One year,Yes,Mailed check,37.68,1118.12,No
CUS-06928,Male,0,Yes,No,65,Yes,Yes,DSL,Yes,No,Yes,Month-to-month,No,Credit card (automatic),110.31,7256.09,Yes
CUS-06929,Female,0,Yes,No,66,Yes,No phone service,DSL,No,Yes,No internet service,Two year,No,Credit card (automatic),52.37,3298.55,No
CUS-06930,Female,0,Yes,No,33,Yes,Yes,No,Yes,No internet service,Yes,Month-to-month,Yes,Electronic check,106.08,3406.46,No
CUS-06931,Female,1,No,Yes,4,Yes,Yes,Fiber optic,No internet service,Yes,No,Month-to-month,Yes,Bank transfer (automatic),20.6,78.79,No
CUS-06932,Female,0,No,No,55,Yes,Yes,Fiber optic,No,No,Yes,Month-to-month,Yes,Bank transfer (automatic),27.06,1502.32,Yes
CUS-06933,Female,0,No,No,24,Yes,Yes,Fiber optic,No,Yes,No,Month-to-month,No,Electronic check,61.47,1432.56,Yes
CUS-06934,Male,0,No,No,32,Yes,No,Fiber optic,No,No,Yes,Two year,No,Electronic check,102.8,3155.38,Yes
CUS-06935,Male,0,No,No,47,Yes,Yes,DSL,No internet service,Yes,No,One year,No,Electronic check,62.92,3038.08,No
CUS-06936,Male,0,No,No,16,Yes,No,Fiber optic,No,No,No,Two year,No,Electronic check,101.95,1549.73,No
CUS-06937,Female,0,No,No,21,Yes,No phone service,Fiber optic,No,Yes,No internet service,Month-to-month,Yes,Mailed check,52.08,1099.05,No
CUS-06938,Female,0,No,No,67,Yes,No,DSL,No internet service,No internet service,No,Month-to-month,Yes,Mailed check,31.25,2181.57,Yes
CUS-06939,Female,0,Yes,No,31,Yes,Yes,DSL,No internet service,No,No internet service,Two year,No,Electronic check,110.55,3525.74,No
CUS-06940,Female,0,No,No,14,Yes,No,Fiber optic,No,Yes,Yes,Month-to-month,Yes,Credit card (automatic),25.65,362.83,No
CUS-06941,Female,0,No,No,6,No,No,Fiber optic,No internet service,No,No,Month-to-month,No,Mailed check,88.71,511.14,Yes
CUS-06942,Female,0,No,No,69,Yes,No,DSL,No internet service,No,No internet service,Month-to-month,Yes,Bank transfer (automatic),106.3,7547.55,No
CUS-06943,Male,0,No,Yes,29,Yes,Yes,Fiber optic,No,No internet service,Yes,Month-to-month,Yes,Bank transfer (automatic),30.0,855.68,Yes
CUS-06944,Male,1,Yes,Yes,55,Yes,No,Fiber optic,No internet service,No,Yes,One year,Yes,Bank transfer (automatic),69.91,3711.79,No
CUS-06945,Male,0,Yes,No,37,No,No,Fiber optic,No internet service,No,No,Month-to-month,Yes,Electronic check,23.28,903.43,Yes
CUS-06946,Male,0,No,No,59,Yes,No,No,No,No,No,Two year,Yes,Credit card (automatic),63.89,3615.38,No
CUS-06947,Male,0,No,Yes,36,No,No phone service,No,No,No internet service,No,Month-to-month,Yes,Electronic check,96.74,3558.66,No
CUS-06948,Female,0,Yes,No,59,Yes,Yes,Fiber optic,Yes,No,No,Month-to-month,Yes,Credit card (automatic),48.4,2813.62,No
CUS-06949,Female,0,Yes,No,64,Yes,Yes,DSL,Yes,No,No internet service,Two year,Yes,Electronic check,41.33,2735.41,No
CUS-06950,Female,1,No,No,43,Yes,No,Fiber optic,No,No,Yes,One year,Yes,Electronic check,43.17,1865.09,Yes
CUS-06951,Female,0,Yes,No,42,Yes,Yes,Fiber optic,No,No internet service,No,Two year,Yes,Bank transfer (automatic),97.13,4238.76,No
CUS-06952,Female,0,Yes,No,60,Yes,Yes,Fiber optic,No,No internet service,Yes,Month-to-month,Yes,Bank transfer (automatic),115.37,6959.84,Yes
CUS-06953,Female,0,Yes,Yes,62,Yes,Yes,No,No internet service,No internet service,No internet service,Month-to-month,No,Bank transfer (automatic),40.83,2486.8,No
CUS-06954,Male,1,Yes,No,64,Yes,No,DSL,No,No,Yes,Two year,No,Bank transfer (automatic),24.87,1664.98,No
CUS-06955,Female,0,Yes,No,58,Yes,No phone service,Fiber optic,Yes,Yes,Yes,One year,No,Mailed check,30.59,1766.4,No
CUS-06956,Female,0,No,No,2,Yes,Yes,DSL,No,Yes,No internet service,Month-to-month,No,Electronic check,80.82,167.3,Yes
CUS-06957,Female,1,Yes,No,71,Yes,Yes,Fiber optic,Yes,No internet service,No,Month-to-month,Yes,Credit card (automatic),85.61,6284.97,Yes
CUS-06958,Female,0,Yes,Yes,8,Yes,Yes,Fiber optic,No,No internet service,No internet service,Month-to-month,No,Mailed check,62.93,506.59,Yes
CUS-06959,Male,0,No,No,56,Yes,No,Fiber optic,No,No,No,Two year,Yes,Electronic check,25.93,1452.21,No
CUS-06960,Male,0,No,No,36,Yes,No,Fiber optic,No,Yes,No,One year,No,Electronic check,110.81,3907.51,No
CUS-06961,Female,0,Yes,No,69,Yes,Yes,Fiber optic,No,No,No internet service,One year,Yes,Bank transfer (automatic),111.0,7705.62,Yes
CUS-06962,Male,0,No,Yes,13,Yes,No,Fiber optic,Yes,No,No internet service,Two year,Yes,Electronic check,57.36,751.25,No
CUS-06963,Male,0,No,No,39,No,Yes,No,Yes,Yes,No,Two year,No,Credit card (automatic),100.1,3802.51,No
CUS-06964,Female,0,No,Yes,6,Yes,No phone service,Fiber optic,No,No,No internet service,Two year,No,Credit card (automatic),107.86,666.88,No
CUS-06965,Female,0,No,No,19,Yes,No,No,No,No,No internet service,Month-to-month,Yes,Electronic check,68.8,1285.96,No
CUS-06966,Female,0,No,No,25,Yes,No phone service,Fiber optic,No,Yes,No,Month-to-month,Yes,Credit card (automatic),78.15,2003.39,No
CUS-06967,Female,0,Yes,No,3,Yes,Yes,Fiber optic,No,No internet service,No internet service,One year,No,Credit card (automatic),91.31,287.3,No
CUS-06968,Female,0,No,No,53,Yes,No,Fiber optic,No internet service,Yes,Yes,Month-to-month,Yes,Credit card (automatic),107.13,5959.21,Yes
CUS-06969,Male,0,No,No,28,Yes,Yes,Fiber optic,No internet service,No internet service,No internet service,Two year,No,Electronic check,26.91,780.86,No
CUS-06970,Female,0,Yes,Yes,26,Yes,No,Fiber optic,No,No,Yes,Month-to-month,No,Bank transfer (automatic),23.3,627.43,Yes
CUS-06971,Female,0,No,No,47,Yes,Yes,Fiber optic,No,Yes,Yes,Month-to-month,Yes,Mailed check,85.5,4141.45,Yes
CUS-06972,Female,0,No,No,8,Yes,No,Fiber optic,Yes,No internet service,No internet service,Month-to-month,Yes,Mailed check,22.77,185.75,Yes
CUS-06973,Male,0,No,Yes,57,Yes,No,No,No,No internet service,No internet service,Month-to-month,Yes,Mailed check,28.44,1569.85,No
CUS-06974,Female,0,Yes,Yes,55,Yes,No,DSL,No,No internet service,Yes,Month-to-month,Yes,Electronic check,60.24,3183.31,No
CUS-06975,Female,0,Yes,No,1,Yes,No,Fiber optic,No,No,No,Month-to-month,Yes,Electronic check,36.22,36.48,Yes
CUS-06976,Female,0,No,No,40,Yes,No,Fiber optic,Yes,No,No,Month-to-month,No,Bank transfer (automatic),107.88,4391.41,No
CUS-06977,Male,0,Yes,No,23,Yes,Yes,DSL,No internet service,No internet service,Yes,Month-to-month,Yes,Credit card (automatic),51.16,1164.98,Yes
CUS-06978,Female,0,No,No,54,Yes,No,No,Yes,Yes,Yes,Two year,Yes,Electronic check,75.75,4274.05,No
CUS-06979,Female,0,Yes,No,42,Yes,No phone service,No,No internet service,Yes,No,Month-to-month,Yes,Mailed check,18.98,777.32,No
CUS-06980,Female,0,No,No,50,Yes,No,DSL,Yes,Yes,No,Month-to-month,Yes,Electronic check,69.34,3380.89,Yes
CUS-06981,Male,0,No,Yes,4,Yes,No,Fiber optic,No,No internet service,No,One year,Yes,Mailed check,99.0,410.61,No
CUS-06982,Female,0,Yes,No,8,Yes,No phone service,Fiber optic,No,No,Yes,Two year,No,Electronic check,114.84,919.54,No
CUS-06983,Female,0,Yes,No,36,Yes,No,DSL,No internet service,Yes,No internet service,Month-to-month,Yes,Bank transfer (automatic),85.87,2947.88,Yes
CUS-06984,Female,0,Yes,No,10,Yes,No phone service,Fiber optic,No,Yes,No,Month-to-month,No,Mailed check,38.26,370.97,Yes
CUS-06985,Male,1,Yes,No,30,Yes,Yes,Fiber optic,Yes,No,No internet service,Two year,Yes,Electronic check,54.3,1639.6,Yes
CUS-06986,Female,0,No,No,16,Yes,No,No,No internet service,No internet service,No,Month-to-month,No,Bank transfer (automatic),33.69,529.66,Yes
CUS-06987,Female,0,No,No,30,Yes,Yes,No,No,No internet service,No,Two year,Yes,Mailed check,51.78,1551.75,No
CUS-06988,Female,0,Yes,No,64,Yes,No,DSL,Yes,No internet service,Yes,Month-to-month,No,Mailed check,74.13,4883.78,No
CUS-06989,Male,0,Yes,No,11,Yes,Yes,No,No,No,Yes,One year,No,Mailed check,66.74,733.78,No
CUS-06990,Male,0,Yes,Yes,34,Yes,Yes,No,No,Yes,Yes,One year,No,Credit card (automatic),105.37,3570.1,No
CUS-06991,Female,0,No,No,55,Yes,Yes,Fiber optic,No,No,No,Month-to-month,Yes,Electronic check,38.39,2043.04,No
CUS-06992,Male,0,Yes,Yes,4,Yes,Yes,DSL,No,No,No,Month-to-month,Yes,Credit card (automatic),61.37,236.8,No
CUS-06993,Male,0,No,Yes,49,Yes,Yes,Fiber optic,No internet service,No,No internet service,Month-to-month,Yes,Electronic check,81.21,3952.1,Yes
CUS-06994,Male,0,No,No,44,Yes,No,DSL,No internet service,No,No,One year,Yes,Electronic check,116.11,4960.48,No
CUS-06995,Female,0,No,No,31,Yes,Yes,Fiber optic,No,No,Yes,Two year,No,Credit card (automatic),39.38,1208.63,Yes
CUS-06996,Female,1,No,No,48,Yes,Yes,DSL,Yes,Yes,No internet service,Month-to-month,No,Credit card (automatic),101.31,4894.76,No
CUS-06997,Male,0,No,No,26,Yes,Yes,Fiber optic,No,No internet service,No,Month-to-month,Yes,Mailed check,79.78,1993.91,Yes
CUS-06998,Male,1,No,Yes,70,Yes,Yes,Fiber optic,No internet service,No,Yes,Month-to-month,Yes,Mailed check,31.39,2130.6,No
CUS-06999,Male,0,No,Yes,12,Yes,No,Fiber optic,No,No,Yes,Month-to-month,Yes,Electronic check,96.39,1197.99,Yes
CUS-07000,Female,1,Yes,Yes,45,Yes,No,DSL,No,Yes,Yes,Month-to-month,No,Electronic check,35.49,1618.36,Yes
CUS-07001,Female,0,No,No,8,Yes,No,Fiber optic,No,No,Yes,Two year,Yes,Electronic check,87.97,720.99,Yes
CUS-07002,Male,0,Yes,Yes,9,Yes,Yes,Fiber optic,No,No internet service,No internet service,Two year,Yes,Electronic check,42.06,378.11,Yes
CUS-07003,Male,0,No,Yes,1,Yes,Yes,DSL,No internet service,Yes,No,Two year,Yes,Mailed check,64.83,66.05,Yes
CUS-07004,Male,1,No,No,5,Yes,Yes,Fiber optic,No,Yes,No internet service,Month-to-month,Yes,Mailed check,96.33,478.44,Yes
CUS-07005,Male,0,No,Yes,71,Yes,No,DSL,No,Yes,No internet service,Month-to-month,No,Bank transfer (automatic),81.43,5567.36,No
CUS-07006,Female,0,No,Yes,54,Yes,No,Fiber optic,Yes,No,Yes,One year,No,Electronic check,92.03,4938.45,No
CUS-07007,Male,1,Yes,No,24,Yes,No phone service,Fiber optic,No internet service,No,No,Month-to-month,Yes,Mailed check,98.34,2389.92,No
CUS-07008,Female,0,No,No,26,Yes,Yes,Fiber optic,Yes,Yes,No internet service,Month-to-month,No,Credit card (automatic),21.48,544.68,No
CUS-07009,Male,0,Yes,No,10,Yes,Yes,DSL,No internet service,No,Yes,One year,No,Credit card (automatic),66.06,674.07,No
CUS-07010,Male,1,Yes,No,61,Yes,Yes,DSL,Yes,No internet service,Yes,One year,Yes,Mailed check,116.56,6849.6,No
CUS-07011,Male,0,Yes,No,40,Yes,No,DSL,Yes,Yes,Yes,Month-to-month,Yes,Electronic check,97.53,3796.54,No
CUS-07012,Male,0,Yes,Yes,44,Yes,Yes,No,No,No,No,Month-to-month,No,Electronic check,54.58,2455.65,No
CUS-07013,Male,0,No,No,12,Yes,No,Fiber optic,No,No,Yes,Month-to-month,No,Mailed check,46.5,543.2,Yes
CUS-07014,Female,0,No,No,22,Yes,No phone service,No,No,No,No,One year,Yes,Bank transfer (automatic),88.48,1971.68,No
CUS-07015,Male,0,No,No,27,Yes,No,No,No,No,Yes,Month-to-month,No,Credit card (automatic),31.72,874.07,No
CUS-07016,Male,1,Yes,No,67,Yes,Yes,No,No,Yes,Yes,Month-to-month,Yes,Credit card (automatic),106.27,6915.28,No
CUS-07017,Male,0,No,No,69,Yes,Yes,Fiber optic,No internet service,No internet service,Yes,One year,Yes,Mailed check,26.19,1808.04,Yes
CUS-07018,Female,0,No,No,14,Yes,No,DSL,No internet service,Yes,Yes,Month-to-month,Yes,Mailed check,73.91,1080.48,Yes
CUS-07019,Female,0,No,No,25,Yes,No,No,No,No,Yes,Month-to-month,Yes,Electronic check,102.68,2590.57,Yes
CUS-07020,Female,0,No,No,52,Yes,No,DSL,No,No,No,Month-to-month,Yes,Electronic check,90.0,4463.37,No
CUS-07021,Female,0,No,No,59,Yes,Yes,Fiber optic,No,No internet service,No internet service,Two year,Yes,Mailed check,66.56,3807.39,No
CUS-07022,Male,0,Yes,No,38,Yes,No,No,No,No,No internet service,Month-to-month,Yes,Electronic check,40.95,1605.93,No
CUS-07023,Male,0,No,No,20,Yes,No,Fiber optic,Yes,No internet service,No internet service,Month-to-month,Yes,Electronic check,78.04,1557.34,Yes
CUS-07024,Male,0,No,Yes,20,Yes,No,DSL,No,No internet service,No,Month-to-month,No,Credit card (automatic),114.63,2194.0,No
CUS-07025,Female,0,No,No,56,Yes,Yes,Fiber optic,No,No,No internet service,Two year,Yes,Bank transfer (automatic),27.54,1520.48,Yes
CUS-07026,Male,0,Yes,Yes,30,No,Yes,No,Yes,No internet service,No internet service,Two year,No,Mailed check,21.15,648.1,No
CUS-07027,Male,0,No,Yes,41,Yes,Yes,No,No,No,No,Month-to-month,No,Credit card (automatic),59.96,2518.36,No
CUS-07028,Female,0,No,No,71,Yes,No phone service,Fiber optic,Yes,Yes,No,Two year,No,Electronic check,77.12,5523.57,No
CUS-07029,Female,0,No,No,63,Yes,Yes,No,No internet service,Yes,Yes,One year,Yes,Mailed check,53.81,3475.33,No
CUS-07030,Female,0,No,Yes,69,Yes,Yes,DSL,No internet service,No internet service,Yes,Two year,Yes,Electronic check,89.77,6147.17,No
CUS-07031,Male,0,Yes,No,29,Yes,Yes,DSL,Yes,No,Yes,Month-to-month,No,Credit card (automatic),70.28,2033.32,No
CUS-07032,Male,0,Yes,No,44,Yes,No,Fiber optic,No,No,No,Month-to-month,Yes,Credit card (automatic),52.71,2303.03,Yes
CUS-07033,Female,0,No,No,57,Yes,No,DSL,No,No internet service,Yes,Month-to-month,Yes,Mailed check,97.41,5437.22,No
CUS-07034,Male,0,No,Yes,24,Yes,No,Fiber optic,No,No internet service,No internet service,Month-to-month,No,Mailed check,27.94,680.63,Yes
CUS-07035,Female,0,No,No,19,Yes,No,DSL,No,Yes,Yes,Two year,No,Credit card (automatic),22.01,425.0,No
CUS-07036,Female,0,Yes,No,17,No,No phone service,Fiber optic,No,No,Yes,Two year,No,Electronic check,23.68,417.22,No
CUS-07037,Male,0,No,No,69,Yes,Yes,DSL,No internet service,No internet service,No,One year,Yes,Mailed check,99.42,6735.77,No
CUS-07038,Female,0,Yes,No,61,Yes,No,DSL,No,No internet service,No,Month-to-month,No,Bank transfer (automatic),97.81,6051.07,Yes
CUS-07039,Female,0,No,No,4,No,No,No,Yes,No,Yes,Month-to-month,No,Bank transfer (automatic),101.08,397.96,Yes
CUS-07040,Female,0,Yes,Yes,22,Yes,No,DSL,Yes,Yes,Yes,Month-to-month,Yes,Bank transfer (automatic),46.37,1061.46,No
CUS-07041,Male,1,No,No,6,Yes,Yes,DSL,No internet service,No,No,Two year,Yes,Credit card (automatic),67.15,395.82,No
CUS-07042,Female,0,Yes,No,30,Yes,Yes,DSL,Yes,No,No internet service,One year,Yes,Electronic check,49.97,1542.3,Yes
