gender,SeniorCitizen,Partner,Dependents,tenure,PhoneService,MultipleLines,InternetService,OnlineSecurity,TechSupport,StreamingTV,Contract,PaperlessBilling,PaymentMethod,MonthlyCharges,TotalCharges,high_value,no_support,actual,rf_prob,lr_prob,churn_risk
1,0,1,0,7,1,2,0,2,0,2,0,0,2,54.48,395.76,0,0,1,0.57,0.501409505483971,Medium
1,0,1,0,64,1,2,1,1,2,0,0,1,0,24.54,1626.52,0,0,0,0.34,0.3317918980225602,Medium
0,0,0,0,38,1,2,1,2,1,0,0,1,3,40.12,1509.13,0,0,0,0.4,0.48073865190884557,Medium
1,0,0,1,24,1,2,2,2,2,2,0,1,1,72.09,1807.86,0,0,0,0.35,0.423679740768345,Medium
1,0,1,0,21,1,2,1,0,1,0,0,1,0,65.32,1404.18,0,0,1,0.33,0.3982072912083875,Medium
1,0,1,0,57,1,1,1,0,0,1,0,0,2,88.18,5115.76,1,1,1,0.42,0.5458932500136524,Medium
1,0,0,1,49,1,0,1,0,0,2,0,0,3,81.3,4142.17,1,1,1,0.52,0.6188143136207814,Medium
0,1,0,1,32,1,0,1,0,0,1,0,0,1,62.5,2086.01,0,1,0,0.44,0.5492056626644699,Medium
1,0,1,1,69,1,1,0,0,0,2,0,1,0,100.24,6744.37,1,1,0,0.58,0.48739764810804587,Medium
1,0,1,0,30,1,2,1,0,0,0,0,1,0,78.61,2382.56,0,1,0,0.5,0.4268469507701933,Medium
0,0,0,0,13,1,0,1,1,0,0,0,0,0,20.04,256.42,0,0,1,0.61,0.48536462167057026,High
1,0,0,0,66,1,0,2,1,1,2,1,1,1,86.22,5884.61,1,0,0,0.29,0.34282587874477405,Low
0,0,1,0,59,1,1,1,2,0,1,0,0,2,116.15,6912.18,1,0,1,0.63,0.5148706289025724,High
0,0,1,1,30,1,0,1,1,0,1,0,0,3,45.47,1360.5,0,0,0,0.45,0.4829857519602622,Medium
0,0,0,1,50,1,2,0,0,1,2,0,1,2,113.34,5425.28,1,0,0,0.58,0.5596403691805312,Medium
1,0,1,0,71,1,1,1,1,1,2,0,0,3,60.57,4435.76,0,0,1,0.6,0.4106702434149277,Medium
1,0,1,1,8,1,2,0,1,0,2,2,0,0,69.9,536.78,0,0,1,0.29,0.18191943569525962,Low
0,0,1,0,41,1,0,0,0,2,2,2,1,2,77.87,3268.19,0,0,0,0.12,0.1407381028897497,Low
0,0,1,0,36,1,0,2,2,2,0,0,1,0,26.13,925.25,0,0,0,0.39,0.3436326012415299,Medium
1,0,0,0,41,1,2,0,0,1,2,0,0,0,72.02,2911.85,0,0,1,0.42,0.4400470392489876,Medium
0,1,0,0,27,1,0,2,0,0,2,0,1,3,32.46,879.93,0,1,0,0.55,0.6094360332236902,Medium
0,0,0,1,7,1,2,2,2,0,2,1,1,0,23.91,172.54,0,0,0,0.3,0.3448159668788509,Low
1,0,0,0,26,1,2,2,2,1,2,0,0,3,96.7,2516.71,1,0,1,0.64,0.6065549173403078,High
0,1,1,0,61,1,0,1,2,0,0,0,1,1,77.8,4967.93,0,0,0,0.41,0.4307001796996562,Medium
0,0,0,0,32,0,0,1,0,0,1,0,1,0,45.87,1443.79,0,1,1,0.5,0.47300014355073516,Medium
0,0,1,1,9,1,0,2,0,0,0,0,0,3,41.49,387.01,0,1,1,0.67,0.5118726946041606,High
1,1,1,0,12,1,0,1,0,0,0,2,1,0,44.77,524.71,0,1,1,0.35,0.20327957016534756,Medium
1,0,0,0,27,1,0,1,0,1,2,0,1,1,105.68,2876.22,1,0,1,0.44,0.5588643183472974,Medium
1,0,1,1,69,1,2,2,0,1,0,0,1,2,57.15,3823.49,0,0,0,0.58,0.38195978284731497,Medium
0,0,0,0,39,1,0,1,1,1,2,0,1,2,72.71,2920.68,0,0,1,0.57,0.46134376065925115,Medium
1,1,0,1,31,1,2,0,1,0,0,0,1,2,80.55,2438.97,1,0,0,0.54,0.6477991516311098,Medium
0,0,0,0,56,1,2,2,1,0,2,0,0,0,101.87,5618.45,1,0,0,0.73,0.5541940541854391,High
1,0,0,1,35,1,2,2,1,0,0,0,1,0,66.85,2285.68,0,0,0,0.53,0.44817930930549926,Medium
1,1,0,1,71,1,2,1,0,2,0,0,1,2,75.55,5618.88,0,0,0,0.48,0.42824937987381523,Medium
0,0,1,1,44,1,0,1,0,2,1,0,1,2,34.86,1533.43,0,0,0,0.53,0.3863781581598319,Medium
1,0,0,0,59,1,0,1,0,1,0,0,0,2,62.03,3773.28,0,0,1,0.57,0.4270564067811964,Medium
1,0,0,0,69,1,2,0,1,1,0,1,1,3,99.42,6735.77,1,0,0,0.26,0.3637188682626859,Low
1,0,1,0,23,1,0,2,2,2,0,1,1,3,104.33,2371.51,1,0,0,0.13,0.33179256821330044,Low
1,1,0,0,7,1,0,0,0,1,2,0,0,0,109.46,744.14,1,0,0,0.66,0.6245502384502603,High
1,0,1,0,12,1,0,2,1,1,0,1,1,3,98.91,1167.06,1,0,0,0.37,0.38450073426914827,Medium
0,0,1,1,42,1,2,1,2,0,0,0,0,3,61.5,2671.98,0,0,1,0.55,0.46095266379196026,Medium
1,0,1,0,54,1,2,2,0,1,0,0,0,1,55.4,2902.35,0,0,1,0.2,0.389219570733153,Low
1,0,1,1,59,1,2,1,0,2,2,2,0,0,64.19,3866.94,0,0,0,0.2,0.11975275625849365,Low
0,0,1,0,45,1,2,0,0,0,1,1,0,3,51.16,2288.17,0,1,0,0.25,0.3354212123553479,Low
0,0,1,0,51,1,0,0,2,0,0,1,0,3,93.97,4922.52,1,0,0,0.3,0.37231837799984424,Low
0,0,1,1,3,1,0,1,0,1,1,0,1,0,97.63,293.25,1,0,1,0.6,0.5245421120635909,Medium
1,0,1,0,43,1,2,0,2,0,2,0,1,2,61.44,2593.06,0,0,0,0.53,0.45341361217833714,Medium
1,0,0,0,54,1,2,1,0,0,0,2,1,3,59.06,3124.71,0,1,1,0.22,0.20994065572543497,Low
1,0,0,1,49,1,0,0,0,2,0,1,1,3,55.29,2770.05,0,0,1,0.16,0.267327038632351,Low
1,0,1,1,23,1,0,0,0,1,2,0,0,1,112.97,2518.07,1,0,1,0.32,0.5217565409942011,Medium
0,0,1,0,1,1,0,1,2,0,0,0,1,2,97.95,99.72,1,0,1,0.69,0.5811152476392769,High
0,0,0,0,30,0,0,0,1,2,2,0,0,3,111.07,3476.06,1,0,1,0.7,0.5544237612361598,High
0,0,0,0,55,1,2,0,1,0,0,0,0,1,92.01,5299.53,1,0,0,0.43,0.5571243666093392,Medium
1,0,1,0,36,1,2,1,1,0,0,0,0,1,91.29,3288.72,1,0,1,0.59,0.534870576352537,Medium
1,0,1,1,37,1,0,0,0,0,0,0,0,2,76.18,2869.35,0,1,1,0.33,0.4449812661779277,Medium
1,1,0,0,43,1,0,1,0,0,0,2,1,2,76.66,3176.67,0,1,0,0.51,0.22874371357680653,Medium
0,1,1,0,63,1,2,1,2,0,2,2,1,3,113.16,7076.78,1,0,0,0.58,0.27522729647505223,Medium
1,0,1,1,5,1,2,2,0,1,2,0,0,2,83.42,400.54,1,0,0,0.67,0.5843034474478673,High
0,1,1,1,52,1,0,1,0,0,0,2,0,2,28.25,1526.51,0,1,0,0.44,0.21019039492628797,Medium
0,0,0,0,31,1,0,1,0,0,2,0,1,2,27.3,812.48,0,1,0,0.72,0.5358244991803601,High
0,0,0,0,26,1,2,0,0,2,1,0,1,1,42.89,1060.02,0,0,1,0.38,0.4421972049551097,Medium
0,0,0,1,24,1,2,1,2,0,0,2,1,1,43.85,1094.9,0,0,1,0.13,0.19685840540154773,Low
0,1,1,0,15,1,2,1,2,2,0,2,1,1,91.98,1402.58,1,0,1,0.22,0.23491098565660057,Low
0,0,0,1,41,0,2,1,2,0,1,1,1,0,51.41,2209.44,0,0,1,0.37,0.29263142315940166,Medium
1,0,0,1,22,1,2,1,0,0,1,1,0,2,64.32,1364.15,0,1,1,0.2,0.3683939697526267,Low
1,0,1,0,56,1,2,0,2,0,2,1,0,0,108.67,5951.12,1,0,0,0.25,0.3333550655076104,Low
1,0,0,0,19,1,0,1,0,0,0,2,1,1,86.96,1642.0,1,1,0,0.28,0.27814462646310956,Low
0,0,0,0,53,1,2,0,1,0,0,2,1,2,64.33,3292.85,0,0,0,0.36,0.19100929282920134,Medium
1,0,1,1,26,0,2,1,2,0,2,0,0,2,98.83,2642.86,1,0,0,0.61,0.567270869981819,High
1,0,1,0,12,1,2,2,2,2,0,0,1,0,44.96,535.78,0,0,0,0.56,0.36778106494308455,Medium
1,0,1,0,54,0,0,2,2,2,1,0,1,2,62.46,3276.58,0,0,0,0.38,0.3454836286632373,Medium
1,0,0,0,48,1,2,0,1,0,2,0,1,3,103.34,5069.93,1,0,1,0.62,0.6081478234030381,High
0,0,0,0,47,1,0,1,1,0,0,0,0,0,101.9,4959.79,1,0,0,0.58,0.5319041828490253,Medium
1,0,1,0,60,1,2,0,0,2,2,2,1,2,70.05,4140.26,0,0,0,0.15,0.134805475631369,Low
1,0,0,1,36,1,0,1,1,2,2,1,0,3,39.49,1446.29,0,0,0,0.24,0.2993474920935736,Low
0,0,1,0,68,1,1,2,0,2,1,1,0,1,81.91,5518.02,1,0,0,0.37,0.2892638137784896,Medium
1,0,0,0,23,1,2,0,1,2,1,2,1,3,70.02,1616.91,0,0,0,0.35,0.1831797568146838,Medium
1,0,1,0,11,1,2,0,2,1,0,0,1,0,112.91,1205.66,1,0,1,0.58,0.499264939941856,Medium
1,0,1,0,64,1,0,0,2,0,0,0,1,0,93.95,5790.45,1,0,0,0.44,0.4529870212030086,Medium
1,0,1,0,48,1,2,2,1,0,0,0,1,2,36.5,1769.09,0,0,0,0.73,0.4435916363217461,High
1,0,0,1,71,1,2,0,2,2,2,0,1,0,62.41,4228.03,0,0,0,0.44,0.3568481940023991,Medium
0,1,0,1,13,1,0,0,2,0,0,0,0,0,76.1,1038.59,0,0,0,0.57,0.5177875914134136,Medium
0,0,1,0,51,1,1,0,0,0,0,0,0,3,30.58,1585.11,0,1,0,0.42,0.4828612161642488,Medium
1,0,0,0,71,1,2,2,0,0,0,0,1,0,117.89,7994.75,1,1,1,0.57,0.5102495106679891,Medium
0,0,0,0,65,1,0,1,2,0,0,0,0,3,83.43,5441.56,1,0,1,0.55,0.5681040543169394,Medium
1,0,1,1,29,1,0,0,2,1,1,0,1,3,41.91,1210.41,0,0,1,0.31,0.43280655439364873,Medium
0,0,1,1,52,1,1,1,2,0,2,1,1,2,81.16,4219.98,1,0,1,0.32,0.375271881117914,Medium
0,0,1,0,56,1,2,2,0,2,0,0,0,2,67.89,3937.36,0,0,0,0.4,0.3722165318736807,Medium
0,0,0,1,44,1,2,0,1,0,2,1,0,2,112.61,5072.64,1,0,0,0.34,0.4322989821336712,Medium
1,0,1,0,54,1,2,2,0,1,2,2,0,2,35.82,1869.16,0,0,0,0.14,0.1666578113783736,Low
0,0,1,0,13,1,0,1,0,2,0,0,1,2,100.81,1360.77,1,0,0,0.78,0.5077133989609746,High
0,0,1,0,12,1,0,1,1,1,2,1,1,2,84.32,1060.17,1,0,0,0.35,0.393521779083796,Medium
0,0,0,0,5,1,0,2,0,0,2,0,0,2,72.62,363.56,0,1,1,0.74,0.5592770028844178,High
0,0,0,0,33,1,2,1,0,1,0,0,0,3,51.6,1703.32,0,0,0,0.3,0.5000955036577469,Low
0,0,1,0,59,1,0,0,0,1,1,2,1,2,63.53,3747.78,0,0,0,0.08,0.1451106819024846,Low
0,0,0,1,19,1,2,1,0,1,0,1,0,3,47.33,875.06,0,0,0,0.2,0.34895744597323897,Low
0,0,1,0,22,1,0,2,2,1,0,0,1,0,58.04,1231.15,0,0,1,0.46,0.38078131139981936,Medium
0,0,0,0,10,1,2,1,2,0,1,2,0,1,41.28,422.73,0,0,1,0.41,0.21981512463383115,Medium
1,0,0,0,25,1,2,2,0,0,2,0,1,1,76.39,1863.44,0,1,1,0.46,0.5164538040804771,Medium
0,0,1,1,53,1,2,1,1,0,1,0,1,3,20.14,1081.56,0,0,1,0.51,0.4772340064736549,Medium
1,0,0,0,27,1,2,1,2,2,1,0,0,2,36.48,1016.41,0,0,0,0.5,0.4482162199281722,Medium
1,1,1,0,47,1,2,0,0,0,2,2,0,2,32.62,1541.78,0,1,0,0.19,0.2338711169893068,Low
0,0,0,1,61,1,0,1,1,2,0,2,0,2,84.0,5306.76,1,0,0,0.26,0.19708013123307544,Low
0,0,1,1,24,1,0,1,0,0,0,2,1,0,54.32,1339.18,0,1,0,0.18,0.16341453158810487,Low
0,0,0,0,38,1,0,1,1,0,0,1,0,2,60.24,2296.1,0,0,0,0.44,0.3259428597675854,Medium
0,0,1,0,58,1,0,0,0,1,2,0,0,1,99.26,5915.35,1,0,1,0.72,0.4854218155415017,High
1,0,1,0,28,1,2,1,0,2,2,0,1,2,70.48,1957.37,0,0,0,0.58,0.41232165730162246,Medium
1,1,1,0,15,1,2,0,2,2,0,0,1,2,117.25,1827.12,1,0,1,0.69,0.5495348721293997,High
0,0,1,0,32,1,2,0,2,2,2,2,1,3,40.81,1308.23,0,0,0,0.21,0.16312870784021097,Low
0,0,0,0,13,1,1,1,0,0,0,0,1,3,76.6,988.17,0,1,0,0.68,0.5492981796278407,High
1,0,1,0,54,1,2,1,2,1,2,2,0,1,44.54,2305.85,0,0,0,0.11,0.14788902307339388,Low
0,0,0,0,59,1,0,0,0,0,2,1,0,2,30.62,1819.31,0,1,0,0.3,0.3485568934369028,Low
1,0,0,0,59,1,0,0,2,0,2,0,1,2,39.28,2309.05,0,0,0,0.41,0.47465301871060656,Medium
1,0,0,0,59,1,2,0,1,0,1,0,0,3,81.32,4905.48,1,0,1,0.5,0.5986776252385473,Medium
0,0,1,0,49,1,2,1,0,0,2,0,0,1,53.5,2719.87,0,1,1,0.63,0.46332878298942093,High
1,0,0,0,12,1,2,1,2,2,1,0,1,0,70.2,821.7,0,0,0,0.65,0.41409682211027377,High
0,0,1,1,42,1,1,1,1,1,0,0,0,2,104.64,4388.02,1,0,1,0.62,0.5026201755601591,High
0,0,1,0,42,0,2,0,0,2,0,0,1,2,96.95,4136.3,1,0,1,0.45,0.4743061255283341,Medium
0,0,0,0,28,1,0,2,0,0,0,0,1,3,63.09,1749.55,0,1,1,0.64,0.5277940463064797,High
0,0,1,0,42,1,2,2,0,1,1,0,0,3,88.04,3767.22,1,0,0,0.47,0.5542632993469899,Medium
0,1,0,1,29,0,0,0,0,2,0,0,1,3,32.29,921.61,0,0,1,0.41,0.4991254735764125,Medium
1,0,1,1,28,1,2,1,0,0,0,1,1,3,31.0,906.74,0,1,0,0.34,0.3340821402571065,Medium
0,0,0,1,43,1,0,2,1,0,2,2,0,2,95.91,4206.2,1,0,0,0.26,0.2750223527834705,Low
0,0,1,0,56,1,0,0,2,0,0,2,0,2,71.43,3805.88,0,0,0,0.15,0.15459245858262452,Low
0,0,0,1,16,1,0,0,1,0,2,0,0,2,99.7,1588.46,1,0,0,0.73,0.6289093054308482,High
0,0,0,1,1,1,0,1,2,0,0,0,1,2,100.92,104.89,1,0,0,0.64,0.6186293783959727,High
0,0,0,0,21,1,2,1,2,0,2,2,0,0,23.13,481.23,0,0,0,0.2,0.2088302361420505,Low
0,0,1,0,63,1,2,0,1,0,0,0,1,1,77.87,4981.07,0,0,0,0.45,0.3959417891279862,Medium
1,0,1,0,23,1,0,1,1,0,0,0,1,0,84.82,2030.44,1,0,1,0.53,0.5154127364692784,Medium
0,0,1,0,27,1,0,2,0,2,0,0,1,2,72.95,2038.6,0,0,0,0.43,0.3864203394883003,Medium
0,0,0,0,30,1,2,0,2,1,0,2,0,2,54.57,1640.53,0,0,0,0.13,0.18733758842196283,Low
0,0,0,1,43,1,0,2,1,2,1,2,0,2,34.2,1486.52,0,0,0,0.1,0.16275795144965297,Low
1,0,0,0,55,1,0,1,0,0,0,1,0,0,32.73,1848.34,0,1,0,0.19,0.29429841940835616,Low
1,0,0,0,59,0,2,0,1,2,2,0,1,0,27.33,1642.82,0,0,0,0.26,0.38641409974043506,Low
0,0,0,0,48,0,0,1,0,1,2,0,1,1,32.29,1566.31,0,0,0,0.37,0.44643760864498194,Medium
0,0,1,1,41,1,2,1,1,2,0,0,1,0,22.91,934.8,0,0,0,0.3,0.35459909161707825,Low
1,0,0,0,65,1,0,2,0,0,0,1,0,3,28.85,1843.71,0,1,0,0.15,0.3378848704157444,Low
0,0,0,1,44,1,0,2,0,0,0,0,0,2,113.65,5172.58,1,1,0,0.46,0.5815931155493012,Medium
1,0,1,0,27,1,2,1,0,2,2,0,1,2,38.45,997.6,0,0,1,0.29,0.4222933062722243,Low
0,0,0,0,70,1,2,1,2,1,2,1,1,3,66.12,4560.79,0,0,0,0.26,0.29750783345938475,Low
1,0,0,1,54,1,0,1,1,0,2,0,0,2,51.1,2721.92,0,0,0,0.41,0.48262961508685487,Medium
0,0,1,1,22,1,1,0,0,2,2,1,1,3,42.63,938.31,0,0,0,0.17,0.28647229718673173,Low
1,0,0,0,63,1,2,0,2,0,0,0,0,1,51.78,3281.09,0,0,0,0.53,0.4438822394453221,Medium
1,0,1,1,54,1,2,0,2,2,2,1,1,0,67.18,3727.51,0,0,0,0.28,0.20207382881388414,Low
1,0,0,0,49,1,0,0,0,2,1,2,1,3,29.94,1411.4,0,0,0,0.15,0.1702965909193477,Low
1,1,0,1,27,1,0,0,0,0,2,0,0,1,90.31,2479.81,1,1,1,0.57,0.6571847520432547,Medium
0,1,1,0,30,1,2,2,0,2,2,1,1,2,66.99,2035.87,0,0,1,0.15,0.3110910394750143,Low
0,0,1,1,59,1,0,2,0,1,2,0,0,2,86.31,5275.59,1,0,1,0.45,0.5054987881358681,Medium
0,0,0,0,44,0,0,1,0,1,2,1,0,2,21.62,965.05,0,0,0,0.33,0.31882060114786415,Medium
1,0,1,0,4,1,2,1,0,1,0,1,1,1,98.0,405.53,1,0,1,0.45,0.37699302867636575,Medium
1,0,1,0,9,1,2,2,0,1,0,0,1,0,108.68,1024.88,1,0,1,0.73,0.5149980580266295,High
0,0,1,1,15,1,0,0,0,2,0,0,0,3,101.95,1538.59,1,0,1,0.52,0.5256942284435296,Medium
1,0,0,0,61,1,2,2,0,1,0,0,1,1,83.92,5125.8,1,0,1,0.47,0.5144765221606167,Medium
0,0,1,0,28,1,1,0,0,2,1,0,0,1,104.47,2987.16,1,0,1,0.33,0.4883943092586611,Medium
0,1,0,0,69,1,1,1,0,2,2,1,0,3,104.98,6974.46,1,0,0,0.44,0.4098172554501223,Medium
1,0,0,0,62,1,2,0,0,0,0,0,0,2,39.9,2525.36,0,1,1,0.61,0.49167054203813376,High
0,0,1,1,44,1,0,1,2,0,0,0,1,1,113.88,4843.69,1,0,0,0.56,0.4941205686337516,Medium
1,0,0,0,3,1,0,1,0,0,0,0,1,0,68.56,207.45,0,1,1,0.57,0.4919541072786351,Medium
0,0,1,1,13,1,2,1,0,0,0,0,0,0,54.62,709.93,0,1,1,0.43,0.4607526026671257,Medium
1,0,0,0,28,1,0,1,2,2,1,0,0,2,98.89,2695.11,1,0,1,0.63,0.5278457141400182,High
1,1,0,0,16,1,0,1,0,2,2,0,1,3,44.95,744.73,0,0,0,0.56,0.5341434335940418,Medium
1,1,0,1,32,1,0,1,0,2,0,2,0,3,98.2,3017.48,1,0,1,0.38,0.2744144534198444,Medium
0,0,0,0,5,1,2,2,1,0,2,2,1,0,39.88,203.2,0,0,0,0.35,0.21781765287122795,Medium
1,0,1,1,65,1,2,2,0,0,2,0,0,2,98.87,6404.26,1,1,1,0.69,0.5435428062093566,High
1,0,0,0,22,0,2,0,0,0,0,0,0,1,113.14,2475.29,1,1,0,0.5,0.598680233963523,Medium
0,0,1,0,61,0,1,1,2,2,1,0,0,3,99.19,6190.53,1,0,0,0.55,0.4622881104113621,Medium
1,0,0,0,54,1,2,1,0,0,2,0,0,1,77.16,4114.12,0,1,1,0.51,0.4850989228593922,Medium
1,0,0,0,46,1,0,0,1,2,2,2,0,1,91.66,4359.04,1,0,0,0.23,0.20668001734849364,Low
0,1,0,0,11,0,0,1,0,0,0,0,1,1,53.93,587.0,0,1,1,0.32,0.5567587951266093,Medium
0,0,1,0,11,1,2,0,0,2,2,1,1,2,80.8,918.14,1,0,1,0.52,0.38128800365557525,Medium
1,0,0,1,3,1,0,0,2,1,1,0,0,3,30.59,93.48,0,0,0,0.6,0.5099331284125567,Medium
0,0,1,0,39,1,0,2,2,2,0,0,0,2,21.78,847.47,0,0,0,0.52,0.3830197529298223,Medium
0,0,0,0,37,1,0,1,0,0,2,0,1,2,45.13,1720.68,0,1,0,0.55,0.523575736763502,Medium
1,0,0,0,67,1,0,0,0,0,2,0,0,0,93.57,6139.56,1,1,1,0.4,0.5391813449156908,Medium
1,0,0,0,10,1,0,1,2,2,1,0,1,0,109.71,1100.41,1,0,1,0.66,0.5064908632719373,High
1,0,0,1,51,1,2,0,2,0,2,1,0,1,114.39,6031.3,1,0,0,0.27,0.39019951796028735,Low
0,0,0,1,66,1,2,0,1,2,2,0,0,2,90.86,6117.55,1,0,0,0.62,0.5102316654781066,High
0,0,1,0,61,1,2,2,0,2,0,0,1,3,116.59,7232.9,1,0,0,0.35,0.4653426405549278,Medium
1,0,0,0,68,1,1,1,2,2,2,0,0,3,53.35,3526.77,0,0,1,0.55,0.4215622421474426,Medium
0,0,0,1,55,1,2,2,0,1,0,0,0,0,26.09,1367.94,0,0,0,0.5,0.42624910716328246,Medium
1,0,0,1,49,1,0,2,0,2,1,1,1,0,100.48,4789.65,1,0,0,0.19,0.30511443852641695,Low
1,0,0,0,2,1,0,1,1,0,2,0,1,2,87.42,175.82,1,0,1,0.61,0.6410825518005814,High
0,0,0,0,54,1,0,1,2,2,0,2,0,3,48.2,2706.42,0,0,0,0.16,0.15692920455714743,Low
1,0,1,1,24,1,2,2,0,1,1,1,1,3,56.38,1382.47,0,0,1,0.17,0.3023151065403078,Low
1,0,1,0,63,1,2,1,0,2,1,2,0,0,57.3,3647.38,0,0,0,0.1,0.11672240700941693,Low
1,0,1,0,7,1,0,1,2,1,0,0,0,3,86.41,616.23,1,0,1,0.73,0.5587491671620796,High
0,0,1,0,70,1,2,1,0,0,0,2,0,2,95.7,6508.92,1,1,0,0.47,0.22583712986235602,Medium
0,0,0,0,5,1,0,2,0,0,1,2,1,0,40.94,204.37,0,1,0,0.34,0.21253653027154013,Medium
1,0,0,0,65,1,0,1,2,1,1,0,1,2,110.77,7345.59,1,0,1,0.44,0.49832246107439654,Medium
1,0,1,0,6,1,2,1,2,1,1,0,0,3,57.26,354.15,0,0,0,0.71,0.47691808579871453,High
0,1,1,0,62,1,0,0,0,0,0,0,1,0,103.18,6630.83,1,1,0,0.69,0.5305766439371704,High
1,0,1,0,62,1,0,2,2,1,2,1,1,1,69.92,4194.46,0,0,0,0.16,0.22551938585308332,Low
1,0,1,1,17,1,1,2,2,0,2,1,1,3,59.24,958.5,0,0,0,0.28,0.33105747766126614,Low
1,0,1,0,9,1,2,1,1,2,0,0,0,1,77.95,729.27,0,0,1,0.41,0.39446223468327013,Medium
1,0,0,0,59,1,0,2,0,0,2,0,1,2,88.64,5383.09,1,1,1,0.51,0.5832963450200216,Medium
0,0,1,1,2,1,0,2,0,2,1,0,1,3,33.4,67.23,0,0,1,0.64,0.4464692310148098,High
1,0,0,0,32,1,2,0,2,0,2,2,1,1,106.47,3481.62,1,0,0,0.12,0.2684567349555807,Low
1,0,0,0,24,1,2,1,2,0,0,0,1,0,113.44,2784.81,1,0,0,0.49,0.5570964626477455,Medium
0,1,1,0,70,1,0,0,0,0,0,0,1,2,71.26,4793.14,0,1,1,0.4,0.4661802730659073,Medium
1,1,0,0,67,1,2,2,1,2,0,0,0,1,45.39,2955.34,0,0,1,0.39,0.4345030443047059,Medium
0,1,0,1,57,1,2,2,0,0,1,0,0,3,92.92,5338.2,1,1,1,0.55,0.6636778674656378,Medium
1,0,1,0,37,1,2,1,0,1,0,0,1,3,86.71,3267.5,1,0,1,0.59,0.5395852962022708,Medium
0,0,1,0,12,1,2,2,1,2,2,2,1,1,71.1,825.01,0,0,0,0.19,0.15409641631212717,Low
1,1,0,0,63,1,2,1,0,1,0,1,0,2,111.97,6797.69,1,0,1,0.46,0.41029687950071275,Medium
0,0,0,0,65,1,1,1,2,1,0,0,1,1,52.83,3297.72,0,0,1,0.5,0.40287633407275575,Medium
1,0,0,0,15,1,2,0,0,0,0,1,0,0,67.61,999.08,0,1,0,0.26,0.33426522243247525,Low
1,0,1,1,14,1,2,1,0,0,2,0,1,2,39.1,570.44,0,1,0,0.6,0.5093684957219737,Medium
0,1,1,0,1,1,0,2,0,2,2,0,0,0,42.58,41.11,0,0,1,0.57,0.4613820627648034,Medium
0,0,1,0,32,1,0,1,0,2,0,2,1,0,48.88,1571.48,0,0,0,0.11,0.1233598634573569,Low
0,0,1,0,17,1,2,2,0,1,2,0,1,2,55.82,904.22,0,0,0,0.32,0.46929366209747453,Medium
0,1,0,1,62,1,0,1,2,0,0,0,1,2,45.6,2707.6,0,0,0,0.49,0.5054506502811026,Medium
0,0,0,0,51,1,1,0,0,0,1,2,0,2,112.44,5709.59,1,1,0,0.24,0.274184226025882,Low
0,0,0,1,59,1,0,0,0,0,1,1,1,2,42.92,2627.6,0,1,1,0.41,0.32571526658234795,Medium
1,0,0,0,50,1,2,2,0,1,0,2,0,3,58.41,2878.69,0,0,0,0.13,0.1883149779292976,Low
1,1,0,1,39,1,0,0,0,2,1,2,0,1,44.28,1689.99,0,0,0,0.19,0.1827194994845337,Low
0,0,1,0,44,1,0,2,1,0,2,0,1,1,107.11,4709.6,1,0,0,0.41,0.5259136253197286,Medium
1,0,0,0,5,1,2,1,0,2,1,2,1,0,84.24,402.82,1,0,0,0.33,0.2357464199888971,Medium
1,1,0,1,42,1,0,2,0,2,2,1,0,2,88.88,3688.11,1,0,0,0.36,0.41639691414865404,Medium
0,0,0,1,48,1,1,2,0,0,0,0,1,2,41.6,1972.7,0,1,1,0.51,0.4965320527957633,Medium
1,0,1,0,55,1,0,0,0,2,0,0,1,3,73.43,4127.4,0,0,1,0.24,0.3656278482521016,Low
0,0,0,0,53,1,0,1,0,0,1,2,1,0,66.49,3591.22,0,1,1,0.25,0.1741815044231809,Low
1,0,1,0,52,1,0,2,0,0,1,0,0,2,41.05,2137.22,0,1,1,0.55,0.45534301397275123,Medium
1,0,0,1,53,1,2,0,0,0,2,2,0,2,82.7,4497.0,1,1,0,0.27,0.286732668711942,Low
1,0,0,0,22,1,0,1,2,1,1,1,1,0,44.6,1007.81,0,0,0,0.13,0.2764317617625996,Low
0,0,0,0,68,1,2,0,1,0,1,0,0,3,47.27,3128.0,0,0,0,0.42,0.502408095486316,Medium
1,1,1,0,7,1,2,2,0,2,0,2,1,3,21.97,146.11,0,0,0,0.29,0.20435837434557733,Low
0,0,1,0,16,1,2,0,2,2,0,0,1,2,18.11,298.29,0,0,1,0.62,0.4117880159211932,High
1,0,0,0,42,1,1,2,2,0,2,1,0,3,98.89,3997.73,1,0,1,0.3,0.4456023282963869,Low
0,0,0,0,61,1,0,1,2,0,2,2,0,1,91.14,5783.55,1,0,0,0.22,0.2406335834854319,Low
0,1,1,0,38,0,0,2,0,1,2,0,1,0,24.85,950.81,0,0,0,0.42,0.45012665371064026,Medium
0,0,0,0,6,1,2,0,1,1,0,1,1,3,105.19,633.03,1,0,0,0.43,0.4528811803569511,Medium
0,1,0,1,65,1,1,1,0,0,1,0,0,0,102.94,6873.39,1,1,1,0.8,0.5875846593223149,High
1,0,0,0,13,1,2,0,2,1,0,0,1,0,33.67,444.98,0,0,1,0.45,0.44364491495208314,Medium
0,0,1,1,52,1,0,0,0,2,0,2,0,0,44.57,2352.04,0,0,0,0.04,0.11550553703535507,Low
0,0,1,0,20,1,2,1,1,1,0,1,0,1,39.69,794.9,0,0,1,0.1,0.27714996388852087,Low
0,0,1,0,55,1,1,0,2,0,0,0,0,3,97.4,5275.58,1,0,0,0.5,0.5391450508922786,Medium
0,0,0,1,70,1,2,1,0,0,2,0,1,0,85.92,5905.98,1,1,0,0.55,0.5496520993329341,Medium
0,0,0,0,28,0,0,1,0,2,2,0,0,3,28.98,792.08,0,0,0,0.27,0.4767298044163957,Low
0,0,0,1,32,0,0,2,0,1,1,2,0,0,42.74,1342.7,0,0,0,0.21,0.16457035022902178,Low
1,0,0,0,35,0,0,1,0,0,2,0,0,1,59.5,2089.72,0,1,1,0.44,0.4934547329282569,Medium
0,0,0,0,61,1,0,1,0,0,2,0,1,0,26.03,1566.76,0,1,1,0.41,0.46893481222715344,Medium
0,0,1,0,68,1,2,1,0,0,0,0,0,0,60.32,3902.4,0,1,0,0.4,0.40209919987859133,Medium
0,1,1,0,35,1,0,1,0,1,1,0,1,3,26.12,955.82,0,0,1,0.5,0.5075443428605663,Medium
0,0,0,0,5,0,0,1,2,1,0,0,0,2,88.99,455.99,1,0,0,0.8,0.5834329561106746,High
0,1,1,0,70,0,0,2,0,0,0,0,1,0,88.75,5982.52,1,1,0,0.41,0.5223308426486195,Medium
1,0,0,0,63,1,2,1,0,1,0,0,0,2,91.86,5702.34,1,0,0,0.49,0.5331325185619229,Medium
1,0,1,0,30,1,2,0,1,1,2,2,1,1,24.36,741.53,0,0,0,0.06,0.1645635331451192,Low
1,0,0,0,66,1,0,1,0,1,0,0,0,1,30.37,2019.94,0,0,0,0.47,0.4165368347370686,Medium
0,0,0,0,12,1,0,1,0,0,1,1,0,3,44.47,560.27,0,1,0,0.34,0.3979543504195111,Medium
1,1,1,0,34,1,2,1,0,2,2,1,1,3,98.69,3477.56,1,0,1,0.42,0.4109047806328922,Medium
1,0,0,1,21,1,2,1,0,2,0,0,1,1,96.83,2089.58,1,0,1,0.48,0.5245814152967004,Medium
0,0,0,0,11,1,2,0,0,2,0,0,0,1,34.99,387.73,0,0,0,0.42,0.4543685413766927,Medium
1,0,1,0,71,1,0,1,0,0,1,0,1,0,63.22,4469.44,0,1,1,0.27,0.3817293200209471,Low
1,0,0,1,45,1,0,0,0,0,0,0,1,3,57.26,2633.44,0,1,0,0.26,0.49920617243750715,Low
1,1,1,1,57,1,2,1,2,0,2,0,0,3,107.2,6235.76,1,0,1,0.62,0.5997444943574454,High
0,0,0,0,15,1,0,1,2,2,0,0,1,0,89.1,1376.43,1,0,1,0.48,0.4996478621308619,Medium
0,0,0,0,29,1,2,2,2,2,1,0,0,2,64.13,1774.32,0,0,0,0.44,0.4454054345729295,Medium
1,0,0,1,61,1,0,0,0,0,2,2,1,0,42.49,2669.44,0,1,1,0.27,0.1750807969462817,Low
0,1,1,1,34,1,0,2,0,1,2,2,0,2,102.06,3454.9,1,0,0,0.28,0.2695298896246762,Low
0,0,0,1,50,1,2,0,0,0,1,0,0,1,105.16,5239.51,1,1,1,0.59,0.581445546000569,Medium
1,0,0,1,69,1,2,1,2,0,2,0,1,2,55.39,3868.19,0,0,0,0.56,0.4651571030253494,Medium
1,0,0,0,60,1,0,1,1,1,0,2,1,0,54.13,3336.15,0,0,1,0.15,0.13773576573352286,Low
0,0,0,0,46,1,0,1,0,2,2,2,1,0,18.32,849.5,0,0,0,0.17,0.15178015056583855,Low
0,0,1,0,70,1,2,0,0,0,1,0,0,0,55.69,3825.16,0,1,1,0.53,0.4111527689277143,Medium
1,0,1,1,5,1,0,2,0,2,1,0,1,0,75.46,392.11,0,0,0,0.64,0.3753281361595966,High
0,0,1,1,29,1,0,1,0,2,0,0,1,3,80.85,2433.57,1,0,0,0.71,0.5062883802823718,High
1,0,0,0,4,1,0,1,1,2,0,0,1,3,29.73,120.69,0,0,0,0.38,0.46925046853263236,Medium
0,1,1,1,67,1,2,1,0,0,2,0,0,2,18.03,1220.58,0,1,1,0.6,0.5311011509532958,Medium
1,0,0,0,63,1,0,0,2,0,2,0,0,0,93.52,5877.34,1,0,0,0.66,0.5219919232742942,High
1,0,1,1,10,1,0,0,0,0,2,0,1,2,100.19,980.05,1,1,1,0.73,0.5995250012628568,High
0,0,0,0,3,1,1,2,2,2,1,2,1,0,35.88,106.2,0,0,0,0.21,0.16296940054846928,Low
0,0,1,1,38,1,0,0,2,0,2,2,1,1,52.78,1989.14,0,0,0,0.22,0.16473495871809127,Low
1,0,1,0,16,1,2,1,1,0,1,0,0,3,61.74,958.79,0,0,0,0.47,0.5055576502518832,Medium
1,0,0,1,66,1,0,2,0,1,1,0,1,2,110.49,7021.2,1,0,1,0.24,0.5081285934727904,Low
1,1,1,0,3,1,2,0,1,1,1,0,1,1,83.44,248.66,1,0,1,0.57,0.6026845983202193,Medium
0,0,1,0,40,1,0,2,0,0,1,1,1,1,101.52,3878.45,1,1,1,0.31,0.3744662412592012,Medium
1,0,1,1,20,1,2,0,1,2,0,0,1,3,53.75,1058.6,0,0,0,0.24,0.4150320040405211,Low
0,0,0,0,50,1,2,1,0,1,2,1,1,0,81.26,4050.31,1,0,1,0.18,0.37133475731194904,Low
0,0,1,0,35,1,0,0,0,0,0,2,0,1,32.62,1151.88,0,1,0,0.26,0.17659641160032616,Low
1,0,0,1,70,1,0,1,2,0,1,1,0,1,40.37,2870.35,0,0,0,0.32,0.281565326351081,Medium
0,0,1,0,43,1,2,1,0,0,2,2,0,3,111.0,4765.32,1,1,0,0.39,0.27817665977271105,Medium
1,0,0,0,60,1,2,1,0,2,1,2,1,2,56.32,3472.21,0,0,0,0.12,0.1540241137204461,Low
1,0,0,0,45,1,2,0,0,0,1,0,1,3,38.91,1831.05,0,1,1,0.4,0.5334283523128084,Medium
1,0,0,1,46,0,0,0,2,1,0,1,1,2,30.6,1381.58,0,0,0,0.15,0.27429939103349066,Low
0,0,1,0,2,1,0,1,2,1,0,2,0,1,39.06,80.37,0,0,0,0.24,0.16280834431731078,Low
1,0,0,0,19,1,2,2,0,0,2,0,0,2,59.29,1145.19,0,1,1,0.43,0.552065840719452,Medium
0,0,0,0,24,1,2,1,0,2,0,0,0,2,61.47,1432.56,0,0,1,0.38,0.4540200435095711,Medium
1,0,1,1,7,1,1,0,1,0,2,1,0,3,116.88,784.9,1,0,0,0.55,0.44952620210777716,Medium
1,1,0,0,18,1,2,1,2,2,0,0,0,1,75.42,1360.98,0,0,0,0.58,0.4730967740658445,Medium
0,0,0,0,22,1,0,0,1,0,1,2,0,0,40.68,899.11,0,0,0,0.2,0.1942514911911019,Low
1,0,0,1,13,1,2,1,0,2,0,1,0,3,106.25,1429.52,1,0,1,0.25,0.41008094976537013,Low
1,1,1,0,59,1,2,0,0,0,0,2,1,0,56.86,3312.97,0,1,0,0.39,0.17726899782765979,Medium
0,0,0,0,5,1,0,2,2,0,0,2,0,1,111.88,536.89,1,0,1,0.59,0.28198555606540626,Medium
1,0,1,0,5,0,0,0,1,2,1,1,0,3,59.32,292.31,0,0,0,0.33,0.2766293353499505,Medium
0,0,0,1,34,1,2,1,2,2,0,1,0,0,26.26,849.31,0,0,0,0.18,0.25331248974909504,Low
1,0,1,0,29,1,0,0,0,1,2,0,1,2,114.23,3400.33,1,0,0,0.51,0.5293018200729775,Medium
0,0,0,1,39,1,2,0,1,2,2,1,0,3,93.36,3545.29,1,0,0,0.37,0.3988294919062191,Medium
1,0,1,0,60,1,0,1,2,0,1,0,1,1,57.19,3572.06,0,0,0,0.47,0.3932555558992167,Medium
0,0,1,0,51,0,2,1,0,2,0,1,1,0,117.22,5767.8,1,0,0,0.28,0.2670991343083765,Low
0,0,1,1,32,0,2,1,0,2,2,1,1,0,103.64,3301.38,1,0,0,0.32,0.3060634792323167,Medium
0,1,0,0,38,1,0,0,0,0,1,1,1,0,81.74,2997.16,1,1,1,0.37,0.4586666224409043,Medium
1,0,0,0,25,1,1,1,0,0,2,0,1,1,68.4,1656.07,0,1,1,0.56,0.511842808889409,Medium
0,0,0,0,70,0,0,1,0,1,2,0,0,3,20.98,1440.58,0,0,1,0.46,0.4747344958407813,Medium
0,0,0,0,67,1,0,1,0,2,1,0,0,2,83.46,5749.83,1,0,0,0.61,0.49914510609582097,High
0,0,1,0,41,1,0,0,1,0,0,0,1,0,55.29,2249.84,0,0,0,0.3,0.3995392872697151,Low
1,0,0,0,26,1,2,1,0,0,0,0,1,2,109.29,2933.38,1,1,1,0.68,0.6139577050666647,High
1,1,1,0,17,1,2,0,2,0,2,0,1,2,23.3,412.87,0,0,1,0.51,0.5451870657848179,Medium
1,0,1,1,30,0,2,1,1,0,0,2,1,1,82.98,2613.22,1,0,0,0.16,0.22469691546552273,Low
1,0,0,1,44,1,1,1,1,2,0,0,0,0,90.32,4094.8,1,0,0,0.42,0.4681904404095402,Medium
1,0,0,1,58,1,2,0,2,0,0,2,1,3,23.81,1381.21,0,0,0,0.23,0.20038097167900146,Low
1,0,1,0,11,0,0,1,0,2,0,1,1,0,92.57,1038.39,1,0,1,0.35,0.30223718025781265,Medium
0,0,1,0,51,1,2,2,0,1,0,1,1,3,97.45,5069.43,1,0,0,0.28,0.3581912293622561,Low
1,0,1,0,56,1,0,1,0,0,2,0,1,2,83.86,4469.54,1,1,1,0.61,0.5489274155096208,High
0,0,0,0,29,1,1,2,1,0,0,1,1,0,44.51,1353.34,0,0,0,0.3,0.306407928145924,Low
0,0,1,0,13,1,2,0,0,0,0,0,0,0,58.45,739.99,0,1,0,0.4,0.46391642019208823,Medium
1,0,1,0,69,1,0,2,1,1,0,0,1,2,24.41,1643.83,0,0,1,0.44,0.38289478180008546,Medium
0,1,0,0,2,1,0,0,0,2,2,0,1,2,45.69,93.22,0,0,1,0.51,0.5362076595616926,Medium
0,0,1,0,53,1,0,2,0,0,2,0,1,2,32.25,1785.23,0,1,0,0.55,0.4686595629324604,Medium
1,0,1,0,48,1,2,0,0,0,0,1,1,0,85.81,4089.69,1,1,0,0.46,0.3483581352243202,Medium
1,0,1,0,39,1,0,1,2,1,1,0,1,2,64.12,2466.4,0,0,1,0.48,0.40028482795825204,Medium
1,0,1,0,31,1,0,1,2,0,0,1,1,2,70.3,2147.71,0,0,0,0.5,0.2786895874620139,Medium
1,0,0,0,32,1,2,1,2,1,0,0,1,1,33.02,1077.3,0,0,0,0.47,0.44410417175086847,Medium
1,0,0,0,17,1,2,0,0,1,2,2,1,0,113.86,2009.93,1,0,0,0.35,0.25189991957217933,Medium
0,0,1,0,15,1,2,2,1,1,0,0,0,1,38.17,600.37,0,0,0,0.31,0.4348860206233135,Medium
1,0,1,0,30,1,2,0,0,1,0,0,0,1,24.92,754.75,0,0,0,0.31,0.42340711119844776,Medium
0,0,1,0,37,1,0,2,0,1,0,2,1,2,87.59,3206.27,1,0,0,0.23,0.21491436370402955,Low
1,0,1,0,13,1,1,1,0,0,0,0,1,0,112.08,1396.34,1,1,0,0.48,0.5464118831589113,Medium
1,0,0,0,53,1,1,1,0,2,0,0,1,2,118.0,5950.63,1,0,1,0.54,0.4899697862372972,Medium
1,0,1,1,16,1,2,2,0,2,1,1,0,2,84.81,1369.52,1,0,0,0.22,0.36077184606228374,Low
0,0,0,0,44,1,2,0,0,0,1,2,1,3,115.08,4975.52,1,1,1,0.23,0.2989497097880554,Low
1,1,1,0,3,1,0,2,2,2,2,0,1,1,45.26,137.7,0,0,0,0.51,0.45396063646870155,Medium
1,1,1,0,40,1,2,0,1,0,2,0,1,1,90.13,3638.55,1,0,1,0.51,0.5969300380765226,Medium
1,1,1,0,32,0,2,2,1,0,0,1,1,1,39.15,1223.29,0,0,0,0.24,0.32499554305912265,Low
0,0,0,1,11,1,0,1,0,0,2,0,1,0,38.52,404.12,0,1,1,0.59,0.5105336507327248,Medium
0,0,0,0,52,1,0,0,0,2,2,0,1,1,93.02,4871.55,1,0,0,0.58,0.5005350573642623,Medium
1,0,0,1,45,1,0,1,0,0,2,0,0,2,31.97,1422.6,0,1,0,0.39,0.5155938953618656,Medium
1,1,1,0,66,0,2,1,1,0,1,0,0,0,99.17,6566.01,1,0,1,0.52,0.5274286250617608,Medium
0,1,0,0,61,1,2,1,1,0,0,0,1,0,49.7,3082.78,0,0,1,0.41,0.48845625112987184,Medium
1,0,0,0,10,1,2,0,0,0,2,0,1,0,62.13,640.72,0,1,1,0.53,0.5179811720416675,Medium
1,0,0,0,15,1,0,0,0,2,1,0,1,1,80.59,1210.05,1,0,1,0.53,0.5368702030030427,Medium
1,0,1,0,5,0,0,0,2,0,0,2,1,2,45.15,235.55,0,0,1,0.34,0.18007560417661525,Medium
1,1,1,0,52,1,0,1,0,1,1,2,1,3,97.77,5252.12,1,0,0,0.48,0.25151682534191566,Medium
1,0,0,0,53,1,2,0,2,0,2,0,0,3,35.43,1887.72,0,0,0,0.45,0.5205497033528499,Medium
0,0,0,1,7,1,0,1,0,2,0,0,1,1,84.53,617.56,1,0,0,0.56,0.5389251325517143,Medium
0,1,0,0,30,1,1,0,0,0,2,2,0,1,113.55,3396.68,1,1,1,0.39,0.3376857488149773,Medium
1,0,0,0,33,1,0,1,1,0,0,1,0,0,112.16,3759.0,1,0,0,0.17,0.3765018974948238,Low
1,0,1,0,11,1,0,0,0,0,2,0,0,0,117.01,1346.78,1,1,0,0.46,0.5661821588140021,Medium
1,0,0,0,53,1,0,0,1,1,0,2,1,1,69.87,3739.41,0,0,0,0.23,0.14782862382539189,Low
1,1,0,0,35,1,2,0,0,0,1,0,1,2,111.88,3799.58,1,1,1,0.57,0.6611363821293141,Medium
1,0,0,0,58,1,0,1,0,1,1,0,0,2,46.15,2740.03,0,0,0,0.57,0.4455944126003216,Medium
0,0,0,1,17,1,1,1,0,0,1,0,0,0,104.3,1727.48,1,1,1,0.48,0.6021788026697258,Medium
0,0,0,0,44,1,0,2,1,0,2,0,0,3,83.08,3495.64,1,0,0,0.54,0.6208954652768317,Medium
1,0,1,1,49,1,0,1,2,0,0,2,1,2,61.33,3035.49,0,0,0,0.34,0.1523665059440355,Medium
0,0,0,1,50,1,2,1,2,0,0,0,0,0,19.85,982.14,0,0,0,0.45,0.4549122010323052,Medium
1,0,0,0,44,1,0,2,2,1,2,1,1,2,25.95,1149.93,0,0,0,0.16,0.30311752661178915,Low
1,1,1,0,4,1,2,1,0,0,0,0,0,0,66.81,270.7,0,1,0,0.46,0.5202668333219971,Medium
0,0,1,1,71,1,2,2,0,1,0,0,1,2,61.46,4433.66,0,0,1,0.38,0.3826230138304586,Medium
1,0,0,0,28,1,2,0,2,0,1,0,0,2,23.06,619.92,0,0,0,0.27,0.520210304123991,Low
1,0,1,0,3,1,2,0,2,2,2,0,0,2,53.72,164.6,0,0,1,0.43,0.43728657797639414,Medium
0,0,0,1,66,1,2,1,0,0,0,0,0,1,37.46,2479.32,0,1,0,0.62,0.47237361155594265,High
0,0,1,0,18,1,2,1,0,1,1,1,1,3,25.73,445.58,0,0,0,0.38,0.32311987247291485,Medium
1,0,1,1,50,1,2,0,1,1,2,0,1,0,72.32,3744.5,0,0,1,0.35,0.3716572334357556,Medium
1,0,0,0,64,1,0,0,1,2,1,2,1,3,102.12,6697.36,1,0,0,0.31,0.2025263347662206,Medium
1,0,0,0,28,1,0,0,0,0,0,1,0,2,92.68,2562.08,1,1,0,0.53,0.4419284751246692,Medium
0,0,0,1,4,1,2,0,0,0,1,0,1,0,51.01,202.21,0,1,1,0.48,0.5192272076748237,Medium
0,0,1,0,16,1,0,1,2,2,0,0,1,3,50.85,811.58,0,0,1,0.28,0.4108634219890564,Low
0,0,0,1,9,1,2,1,2,0,0,1,1,0,92.06,817.95,1,0,0,0.54,0.41810571122693674,Medium
1,0,0,0,44,0,0,1,0,0,1,2,1,2,32.9,1505.03,0,1,1,0.21,0.20368280237103334,Low
0,0,0,0,21,1,0,1,2,2,0,0,0,2,113.74,2348.3,1,0,1,0.43,0.5301758524583423,Medium
1,1,1,0,35,1,1,0,0,2,0,0,0,3,45.36,1632.48,0,0,0,0.51,0.46237447978389007,Medium
1,0,0,0,31,1,0,1,0,2,0,0,0,2,94.23,2889.33,1,0,1,0.63,0.5272433610811188,High
1,0,1,1,47,1,2,0,0,1,1,1,1,0,26.03,1208.72,0,0,0,0.12,0.24529328420963004,Low
0,0,0,1,53,1,0,1,2,2,1,0,0,0,67.6,3562.1,0,0,1,0.57,0.36255077304303024,Medium
1,0,0,1,71,1,2,1,0,2,2,2,0,2,29.41,2109.32,0,0,0,0.41,0.1614781639587366,Medium
0,0,0,0,69,1,1,0,2,1,0,1,1,3,111.96,8079.05,1,0,1,0.29,0.3490665364827355,Low
1,0,1,0,5,1,2,1,0,2,2,2,0,0,85.42,445.06,1,0,0,0.46,0.21597756617838124,Medium
1,1,1,0,67,1,0,0,1,2,2,1,0,1,65.3,4516.31,0,0,0,0.18,0.24372447846387854,Low
1,0,1,0,54,1,0,1,0,2,0,1,0,2,93.68,5160.91,1,0,0,0.49,0.2958993144984969,Medium
1,1,0,1,14,1,0,1,1,0,0,2,0,2,50.46,707.98,0,0,0,0.32,0.2481439294524355,Medium
0,1,0,0,40,1,0,2,0,0,0,0,0,0,40.51,1557.77,0,1,1,0.37,0.5232237426339735,Medium
1,0,0,1,62,1,0,1,0,2,1,0,0,2,87.49,5633.35,1,0,1,0.67,0.4930679471544959,High
1,0,0,1,9,1,0,0,0,1,2,0,1,2,27.03,254.12,0,0,0,0.44,0.502360571086677,Medium
0,0,0,0,37,1,0,2,0,0,0,0,1,2,77.37,2807.36,0,1,0,0.47,0.4933391925085025,Medium
1,0,1,0,63,1,0,0,1,0,1,2,1,1,18.44,1125.24,0,0,0,0.23,0.15545441599150053,Low
1,0,0,0,42,1,1,1,0,0,1,0,1,3,105.14,4355.24,1,1,0,0.45,0.6156939194377542,Medium
0,0,1,0,24,1,2,2,0,2,2,0,0,0,76.4,1915.24,0,0,1,0.39,0.38931273464496363,Medium
0,1,1,0,31,1,2,1,0,0,2,1,1,2,32.68,1042.81,0,1,1,0.29,0.39078823861761147,Low
1,0,1,0,41,1,0,2,2,0,2,1,1,1,112.0,4717.35,1,0,0,0.19,0.35094635989795,Low
1,0,1,0,47,1,1,1,1,2,1,2,1,0,89.86,4366.03,1,0,0,0.07,0.16344094513503085,Low
1,0,1,0,53,1,2,1,1,2,0,0,1,1,32.61,1647.84,0,0,1,0.37,0.3562031456932942,Medium
1,0,0,1,16,1,2,1,2,1,2,0,0,1,38.58,613.47,0,0,0,0.58,0.48042735089666194,Medium
0,1,1,0,54,1,0,0,0,1,1,2,1,2,66.27,3415.32,0,0,1,0.19,0.17716157420068235,Low
0,0,1,0,17,0,1,1,0,0,2,2,0,2,23.68,417.22,0,1,0,0.32,0.2132167944508052,Medium
1,1,0,0,25,1,1,0,1,1,0,0,1,2,42.83,1114.38,0,0,0,0.5,0.5206345501624882,Medium
0,0,0,1,41,1,0,2,0,0,2,1,0,3,89.19,3702.12,1,1,0,0.37,0.4670034504132595,Medium
0,0,0,0,60,1,2,0,1,1,1,1,0,2,29.03,1684.57,0,0,0,0.23,0.30736729549436786,Low
1,0,1,1,42,1,2,1,0,1,2,1,1,1,76.08,3304.02,0,0,1,0.19,0.2566445893697017,Low
0,0,0,0,6,1,2,1,2,1,0,1,1,2,65.41,397.7,0,0,1,0.35,0.3290973741029305,Medium
0,1,0,0,67,0,0,1,2,0,2,2,1,2,105.95,7301.22,1,0,0,0.42,0.27471484821718595,Medium
1,1,1,0,40,1,2,2,1,0,2,1,1,2,83.65,3179.8,1,0,0,0.45,0.45245347265592967,Medium
0,1,0,0,16,1,2,0,0,2,1,0,1,3,38.14,617.53,0,0,0,0.51,0.5454136002504898,Medium
0,0,0,0,26,1,0,1,2,0,1,2,0,3,84.5,2217.97,1,0,0,0.48,0.30264433305495964,Medium
1,0,1,0,42,1,0,1,0,2,2,0,1,0,96.05,4163.17,1,0,1,0.53,0.44361622414895147,Medium
0,0,0,0,4,1,0,1,0,0,2,2,1,0,35.12,145.34,0,1,1,0.27,0.22055279221406793,Low
0,0,0,0,67,0,2,0,2,0,1,0,1,0,22.35,1546.64,0,0,0,0.37,0.43875126384905644,Medium
1,1,1,0,7,1,2,0,1,2,0,2,0,1,98.63,719.9,1,0,1,0.55,0.24574008731374256,Medium
0,0,0,0,69,1,0,0,1,0,1,0,1,0,106.3,7547.55,1,0,0,0.42,0.5029834734624745,Medium
0,0,0,0,52,1,0,1,1,2,2,2,1,3,36.29,1868.78,0,0,1,0.25,0.1728236608337248,Low
0,0,0,1,8,1,2,1,0,0,0,0,1,3,63.68,520.81,0,1,1,0.4,0.5603168050834095,Medium
1,1,0,1,10,1,2,1,0,0,0,1,1,2,68.98,656.09,0,1,1,0.53,0.4175957922334159,Medium
0,0,0,0,5,1,2,0,1,2,0,0,1,1,85.23,415.24,1,0,1,0.6,0.5525641984204295,Medium
1,0,0,1,10,1,1,1,2,0,2,2,1,2,36.52,367.72,0,0,0,0.45,0.22521180357938966,Medium
1,0,0,0,12,1,1,0,0,0,0,0,0,0,103.74,1274.43,1,1,0,0.36,0.5965068229599699,Medium
0,0,0,1,29,1,0,1,2,0,0,0,1,3,32.89,1000.85,0,0,1,0.55,0.5090534605805963,Medium
0,0,1,1,37,0,0,2,0,2,0,2,0,2,115.23,4263.52,1,0,0,0.18,0.18305293331602548,Low
1,0,1,1,17,1,2,0,0,0,2,1,0,2,71.38,1219.82,0,1,1,0.12,0.3415544003169111,Low
1,0,0,0,25,1,2,1,0,1,2,0,1,2,58.75,1505.66,0,0,0,0.35,0.495766088439418,Medium
1,0,1,1,40,1,0,1,0,2,0,1,1,3,67.05,2768.61,0,0,0,0.16,0.23903583916774285,Low
1,1,1,1,58,1,0,0,0,0,0,0,0,1,74.87,4328.07,0,1,1,0.36,0.45400643454146994,Medium
1,0,0,0,23,1,2,2,0,0,0,0,0,1,56.91,1252.77,0,1,1,0.44,0.5092959164440227,Medium
1,0,1,0,20,1,0,0,0,2,1,0,0,3,30.74,609.71,0,0,0,0.5,0.43206900661903663,Medium
0,1,0,0,35,1,0,1,0,2,2,0,1,2,66.77,2246.47,0,0,0,0.56,0.49462177428945864,Medium
1,0,0,0,38,1,2,0,0,0,0,0,0,0,56.69,2174.96,0,1,0,0.42,0.47242045599112154,Medium
0,0,0,0,36,1,0,0,0,0,1,1,0,0,112.96,4121.82,1,1,0,0.23,0.40271738314210265,Low
0,0,0,0,56,1,0,1,0,1,0,1,1,2,47.26,2638.76,0,0,1,0.18,0.2846876980394423,Low
0,0,0,0,37,1,2,1,0,0,2,0,1,1,43.73,1620.9,0,1,0,0.6,0.5184784912011261,Medium
1,1,1,0,5,1,2,1,1,2,2,0,1,3,70.96,352.2,0,0,1,0.56,0.5061929692193351,Medium
1,0,0,0,8,1,2,1,2,2,2,2,0,1,106.56,838.4,1,0,0,0.42,0.24651041185718522,Medium
0,0,0,1,66,1,1,0,0,2,0,2,1,3,52.55,3463.45,0,0,0,0.25,0.15441658298902186,Low
0,0,0,0,71,1,2,0,1,2,0,0,1,2,24.78,1687.92,0,0,0,0.51,0.40836917326917743,Medium
1,0,0,0,17,1,0,1,1,1,1,0,1,1,76.33,1265.87,0,0,0,0.58,0.45266550073045836,Medium
0,1,1,0,48,1,2,1,2,1,2,0,0,2,41.63,1941.17,0,0,0,0.65,0.4865931375793005,High
0,0,1,1,47,1,0,0,1,0,2,0,0,0,50.56,2325.34,0,0,0,0.51,0.41588040295361445,Medium
0,1,0,1,48,1,2,0,1,1,0,2,1,1,22.9,1130.06,0,0,0,0.27,0.20222647687145584,Low
1,0,1,1,19,1,0,0,0,0,0,0,1,2,69.95,1331.67,0,1,0,0.25,0.4637118734955447,Low
0,0,1,0,2,1,0,1,0,0,2,0,1,2,63.18,129.92,0,1,0,0.61,0.5156446379036882,High
1,0,1,0,18,1,1,1,0,0,2,1,0,1,49.41,876.46,0,1,0,0.25,0.3252821186848757,Low
1,0,1,0,32,1,2,1,0,0,0,0,1,3,69.68,2181.82,0,1,1,0.64,0.48489451817551205,High
0,0,1,1,40,1,1,0,1,1,0,0,1,2,71.39,2895.52,0,0,0,0.3,0.40145941045517886,Low
1,0,0,0,61,1,0,0,2,0,2,2,1,2,81.44,5028.62,1,0,0,0.51,0.25028925488962794,Medium
1,1,0,0,67,1,0,0,1,0,2,0,1,3,82.14,5265.93,1,0,1,0.34,0.633027265426379,Medium
0,0,0,1,56,1,2,0,1,2,2,0,1,2,42.68,2429.69,0,0,0,0.45,0.42951640618714126,Medium
1,0,1,0,44,0,0,0,0,2,2,2,0,1,67.79,2914.2,0,0,0,0.13,0.12818377371552264,Low
1,0,0,0,45,1,2,0,0,2,0,0,1,2,60.06,2668.94,0,0,0,0.56,0.41869934992149765,Medium
0,0,1,0,44,1,2,2,2,0,2,0,1,1,84.11,3565.23,1,0,0,0.48,0.5425538207121312,Medium
1,0,0,0,51,1,0,0,0,0,0,1,0,2,86.39,4541.31,1,1,0,0.42,0.413086939917954,Medium
1,0,1,1,24,1,2,1,1,0,2,0,1,2,91.5,2102.75,1,0,1,0.69,0.5809749939784064,High
0,0,1,0,16,1,2,0,2,1,0,1,1,3,99.55,1636.4,1,0,0,0.28,0.39160087484332495,Low
1,0,0,0,53,1,0,2,1,2,0,1,0,3,117.55,5998.76,1,0,0,0.33,0.3387507125056654,Medium
0,1,0,1,48,1,2,0,2,0,2,2,1,1,93.43,4683.75,1,0,0,0.25,0.29925568664677676,Low
1,0,1,0,64,1,2,2,1,0,0,0,1,0,53.53,3377.98,0,0,0,0.34,0.38257961401850427,Medium
1,1,0,0,66,1,2,1,2,1,1,0,0,0,59.14,3716.68,0,0,1,0.57,0.44798321085800064,Medium
0,0,0,1,8,1,0,0,0,0,1,1,1,1,87.15,719.0,1,1,0,0.35,0.45730090487023123,Medium
1,0,1,0,33,1,0,2,0,1,0,0,1,3,66.29,2272.31,0,0,0,0.34,0.4269449619896203,Medium
1,0,0,0,14,1,1,0,0,1,2,2,1,0,61.38,873.08,0,0,0,0.17,0.18246928141820473,Low
1,0,1,0,12,1,2,1,2,0,0,1,0,1,103.08,1291.85,1,0,0,0.45,0.391415105069806,Medium
0,0,0,0,4,1,2,0,1,1,0,0,1,1,102.1,394.8,1,0,1,0.52,0.5854290105273116,Medium
1,0,0,1,2,0,0,0,1,0,0,0,1,3,32.99,67.63,0,0,0,0.51,0.5283971995870095,Medium
0,0,1,0,15,1,1,1,2,2,2,1,1,0,63.34,990.4,0,0,0,0.16,0.23741205521264122,Low
1,0,1,0,20,1,1,1,2,0,0,2,1,2,44.9,921.62,0,0,0,0.27,0.17903569570322295,Low
0,0,0,1,60,1,0,1,0,0,2,1,0,3,54.51,3126.08,0,1,1,0.25,0.3523221974727222,Low
0,0,1,1,7,1,0,0,2,0,2,1,1,1,75.12,514.63,0,0,0,0.33,0.30485029965022836,Medium
1,1,0,0,71,1,1,1,1,0,1,1,1,2,25.69,1852.63,0,0,0,0.5,0.36104738843065626,Medium
0,0,1,0,5,1,0,1,0,1,2,2,0,2,53.25,259.78,0,0,0,0.33,0.18990758057607313,Medium
0,1,0,0,25,1,2,0,2,0,2,1,0,1,42.03,1070.46,0,0,0,0.07,0.4012146410901508,Low
0,0,0,0,27,1,1,0,2,2,2,0,1,0,42.77,1125.23,0,0,1,0.5,0.4132032387373607,Medium
1,0,1,0,20,1,2,1,2,0,0,0,0,0,110.42,2243.94,1,0,0,0.52,0.5261678913101853,Medium
1,0,0,1,58,1,0,0,0,2,1,2,1,3,114.58,6862.01,1,0,0,0.36,0.2056000188634211,Medium
0,1,0,0,32,1,0,0,1,0,0,0,1,1,39.94,1269.5,0,0,0,0.56,0.5293855133451264,Medium
0,0,1,0,46,1,0,0,0,0,1,0,0,2,45.91,2150.23,0,1,1,0.42,0.4657625158607649,Medium
1,1,1,1,21,1,2,0,0,0,2,1,1,0,106.33,2221.91,1,1,0,0.43,0.4440143841214936,Medium
1,0,1,0,12,0,0,1,1,2,2,1,1,2,75.65,891.38,0,0,0,0.18,0.25653808350049284,Low
1,0,1,1,54,1,1,1,0,0,2,1,1,2,73.33,4060.35,0,1,0,0.17,0.29074820954042174,Low
1,0,1,1,21,1,0,0,1,2,1,2,1,0,53.75,1177.78,0,0,0,0.11,0.12511674313253293,Low
0,0,1,0,57,1,1,0,0,1,1,0,0,2,93.35,5115.74,1,0,0,0.33,0.5076648248659532,Medium
0,0,1,1,66,1,2,2,0,2,1,2,1,2,82.87,5479.81,1,0,0,0.27,0.18240341109320476,Low
0,0,0,0,40,1,0,1,0,2,1,0,1,1,94.23,3797.78,1,0,0,0.58,0.5064143462327396,Medium
0,0,0,1,23,1,0,1,0,1,2,0,1,2,89.9,2106.54,1,0,1,0.54,0.58967204840865,Medium
0,0,1,0,65,1,0,1,2,0,0,0,1,1,42.92,2858.8,0,0,0,0.54,0.3916415547223269,Medium
1,0,1,1,14,1,0,1,0,0,2,0,1,3,89.73,1223.8,1,1,0,0.6,0.6147273025562737,Medium
1,0,1,1,24,1,0,0,0,0,2,1,1,1,26.63,643.55,0,1,0,0.22,0.3106979906539317,Low
1,0,0,1,10,0,2,0,2,0,2,0,0,0,28.47,295.6,0,0,1,0.55,0.4959648820821438,Medium
0,0,1,1,17,0,0,2,2,0,0,0,1,2,70.2,1240.6,0,0,1,0.36,0.44301839527753223,Medium
1,0,1,1,31,1,1,1,1,0,2,1,1,3,37.68,1118.12,0,0,0,0.32,0.32798353192541696,Medium
1,0,1,0,12,1,0,1,1,2,2,0,0,2,71.92,865.62,0,0,0,0.48,0.41705827027747056,Medium
0,1,1,0,29,1,2,0,0,0,2,1,0,2,93.36,2603.48,1,1,1,0.54,0.49095036709673995,Medium
0,0,1,1,2,1,0,2,0,2,0,2,1,0,23.82,47.52,0,0,0,0.19,0.13798424855945143,Low
0,0,0,1,53,1,2,0,2,0,2,0,1,2,48.91,2530.91,0,0,0,0.56,0.4930148914893896,Medium
1,1,0,0,31,1,0,0,0,0,2,0,0,3,59.2,1905.72,0,1,0,0.47,0.5964336991721467,Medium
0,0,1,1,27,1,2,1,0,0,2,0,0,2,52.73,1412.61,0,1,0,0.45,0.504201055119684,Medium
0,0,0,0,13,1,1,0,0,1,2,0,0,0,32.14,411.09,0,0,1,0.18,0.48144702229978464,Low
0,0,1,0,4,1,1,1,2,0,0,0,1,0,109.24,427.88,1,0,1,0.51,0.5441494917589144,Medium
0,0,0,1,6,1,1,1,0,0,1,2,0,1,107.86,666.88,1,1,0,0.51,0.3101139327565716,Medium
1,0,1,0,27,1,1,1,0,0,1,2,1,3,83.94,2239.46,1,1,0,0.42,0.28010757147310694,Medium
0,0,0,1,5,1,2,0,1,0,2,0,0,0,58.31,297.04,0,0,1,0.43,0.5166597919351559,Medium
0,0,0,0,66,0,0,0,0,1,0,2,1,2,96.86,6392.5,1,0,0,0.36,0.20984559768033675,Medium
0,0,0,0,44,1,0,1,1,2,2,0,0,1,99.27,4559.84,1,0,0,0.72,0.5073067186327358,High
1,0,0,1,39,1,0,0,2,2,2,2,0,2,47.06,1880.66,0,0,0,0.17,0.1609216606849652,Low
0,0,1,0,10,1,1,1,2,1,1,2,1,2,114.42,1118.12,1,0,0,0.4,0.2396081199861575,Medium
1,0,0,1,22,1,2,0,2,0,1,1,0,3,72.16,1594.95,0,0,0,0.31,0.36369674408170505,Medium
1,0,0,0,20,1,0,1,0,0,2,2,1,3,18.36,354.53,0,1,1,0.39,0.24882763656475262,Medium
0,0,0,1,6,1,0,1,2,1,1,0,1,2,77.75,476.16,0,0,0,0.58,0.48153833233823523,Medium
0,0,1,0,66,1,2,1,2,2,2,1,1,3,63.07,4268.79,0,0,0,0.23,0.24056205446026105,Low
1,0,1,0,47,1,2,0,0,0,1,2,1,2,87.8,4005.4,1,1,0,0.23,0.24928372040755487,Low
1,0,1,0,37,1,0,0,0,0,1,0,1,3,32.83,1196.23,0,1,1,0.25,0.487590463878661,Low
0,0,0,0,32,1,2,1,1,0,0,0,0,2,100.13,3237.14,1,0,1,0.6,0.6049142982202519,Medium
1,0,0,1,11,1,0,1,0,0,1,0,1,1,41.17,472.99,0,1,1,0.75,0.5126454770665866,High
1,0,1,1,65,1,2,1,2,1,0,0,1,2,56.2,3742.96,0,0,0,0.52,0.37376500012184255,Medium
1,0,1,0,18,0,0,1,0,1,0,2,1,3,50.73,937.3,0,0,1,0.12,0.1696994516802838,Low
0,0,1,0,64,1,0,1,0,0,0,1,0,1,86.44,5695.31,1,1,0,0.45,0.3441217368342796,Medium
0,0,1,0,16,1,2,1,2,2,2,0,1,1,76.58,1181.89,0,0,0,0.44,0.40092624748405636,Medium
1,0,0,0,4,1,2,1,0,0,0,0,1,2,69.34,288.14,0,1,1,0.63,0.5425504161225724,High
0,1,0,0,27,1,2,0,2,0,0,2,1,3,30.63,819.41,0,0,0,0.15,0.2654023236360835,Low
1,0,0,0,7,1,0,2,2,2,0,2,1,3,88.09,597.43,1,0,0,0.45,0.2495967941751168,Medium
1,0,1,0,47,1,2,0,2,2,2,1,1,3,21.55,1027.47,0,0,0,0.26,0.26538752350581263,Low
1,0,0,0,2,1,2,1,0,1,1,1,1,0,51.53,106.9,0,0,1,0.31,0.315108027892744,Medium
0,1,0,0,45,0,0,2,2,0,0,0,0,2,46.88,2017.71,0,0,0,0.5,0.5248106623233474,Medium
1,0,0,0,35,1,2,1,2,0,2,0,0,1,77.95,2815.88,0,0,0,0.58,0.48592545984776286,Medium
1,1,0,0,69,1,0,0,0,0,0,0,1,2,29.04,1905.37,0,1,0,0.43,0.5259248513413395,Medium
1,0,1,0,71,1,2,0,1,0,2,1,1,2,92.28,6360.24,1,0,0,0.38,0.3576859221947874,Medium
0,1,0,1,63,1,2,0,0,0,0,0,1,0,72.9,4783.37,0,1,0,0.52,0.4859014735320511,Medium
0,0,0,1,59,1,2,1,0,2,2,2,0,0,57.05,3411.6,0,0,0,0.18,0.14411976509226695,Low
0,0,1,0,28,0,0,2,2,2,0,0,1,1,79.2,2199.97,0,0,1,0.44,0.34762695674580596,Medium
1,0,1,1,37,1,0,2,0,2,2,2,0,0,26.02,962.14,0,0,0,0.13,0.13114554618198013,Low
1,0,0,0,52,1,0,2,1,0,2,0,1,0,36.19,1902.6,0,0,0,0.51,0.45089275851961574,Medium
1,1,0,1,43,1,0,0,1,0,0,2,1,0,39.41,1723.88,0,0,0,0.36,0.19832075509297223,Medium
1,0,0,0,10,1,2,1,0,1,0,1,1,1,30.62,297.48,0,0,1,0.21,0.318719091362496,Low
0,0,0,0,64,1,2,1,1,2,0,2,1,2,44.57,2853.11,0,0,0,0.39,0.14991491293336348,Medium
0,0,1,0,42,1,0,2,1,2,0,0,0,1,42.3,1832.51,0,0,0,0.34,0.3608346130074579,Medium
1,0,0,1,14,1,0,2,1,0,0,2,0,3,113.03,1596.12,1,0,0,0.23,0.2992127915858063,Low
1,0,1,1,39,1,0,1,1,2,0,0,1,2,39.62,1505.36,0,0,0,0.45,0.36843869740289603,Medium
0,0,0,0,27,1,0,2,0,0,2,0,1,0,105.6,2843.45,1,1,0,0.55,0.589684125137063,Medium
1,0,1,0,43,1,0,2,0,0,0,0,1,2,102.55,4542.97,1,1,0,0.43,0.5367879957679144,Medium
1,0,0,0,44,1,0,1,1,0,0,2,1,1,114.25,5246.75,1,0,1,0.32,0.2322662417397764,Medium
0,1,0,0,1,1,2,1,0,1,0,0,1,2,36.11,37.35,0,0,0,0.55,0.5661200418061432,Medium
1,0,1,0,66,1,1,1,0,2,2,0,0,0,99.35,6631.44,1,0,0,0.55,0.42185083058553663,Medium
0,0,0,0,22,1,0,1,0,1,1,2,0,3,32.71,755.07,0,0,0,0.16,0.21469774949826467,Low
1,0,0,0,39,1,2,1,0,0,2,0,1,0,55.28,2121.0,0,1,1,0.41,0.48681117520779643,Medium
1,0,0,0,44,1,0,0,1,0,0,1,1,2,116.11,4960.48,1,0,0,0.35,0.39234185130523463,Medium
0,0,0,0,58,1,2,2,0,0,2,1,0,2,103.25,6102.52,1,1,0,0.43,0.43576668182898926,Medium
0,0,1,1,62,1,2,1,0,2,0,0,1,0,73.56,4599.09,0,0,1,0.44,0.3203506747468791,Medium
0,0,0,0,47,1,2,2,1,0,1,0,0,2,60.96,2859.97,0,0,0,0.58,0.5000266417376628,Medium
1,0,0,1,66,1,0,1,1,0,1,0,1,2,38.28,2585.83,0,0,1,0.55,0.4599580104343665,Medium
0,0,0,1,5,1,2,2,2,2,2,0,1,3,53.39,255.71,0,0,0,0.47,0.4947817657395749,Medium
1,0,1,1,58,1,0,1,0,0,0,0,1,2,86.42,4814.08,1,1,1,0.56,0.5211747169454489,Medium
0,1,0,0,6,1,0,1,1,0,0,1,0,1,40.06,232.39,0,0,0,0.46,0.39468836148770137,Medium
1,0,0,1,60,1,2,1,1,0,2,0,0,1,54.18,3144.34,0,0,0,0.46,0.46911878230251347,Medium
1,0,0,0,41,1,2,2,0,0,2,1,0,3,65.09,2703.34,0,1,0,0.2,0.37774504171691853,Low
1,0,1,1,17,1,2,2,0,0,2,0,1,0,97.88,1660.65,1,1,1,0.45,0.5660339953849762,Medium
1,1,0,0,68,1,0,0,2,0,1,1,1,0,58.67,3994.46,0,0,1,0.35,0.3027701346616463,Medium
1,0,1,1,60,1,0,0,0,0,2,2,1,2,25.23,1506.85,0,1,0,0.16,0.17800183115903578,Low
1,0,0,0,54,1,0,1,2,2,1,2,1,3,40.86,2150.31,0,0,0,0.26,0.1581827105329795,Low
0,0,0,1,4,1,0,1,2,0,2,0,1,2,48.74,193.54,0,0,1,0.68,0.5327534455369424,High
1,0,0,0,16,1,0,1,1,2,2,0,1,1,42.26,691.46,0,0,1,0.52,0.4365416193269121,Medium
0,0,0,0,71,1,2,1,1,0,1,0,0,3,93.71,6738.95,1,0,0,0.63,0.5837186539832651,High
0,0,1,1,53,1,2,2,2,0,2,0,1,3,115.1,6333.31,1,0,1,0.51,0.549943735600162,Medium
0,0,0,0,54,1,2,1,1,2,0,2,1,3,93.6,5041.79,1,0,0,0.31,0.22174668574825723,Medium
0,0,0,1,13,1,2,0,0,1,2,1,0,0,46.75,584.23,0,0,0,0.17,0.3210691416992643,Low
1,0,1,0,7,1,0,1,0,0,2,0,1,0,104.45,726.34,1,1,1,0.52,0.5691404409823512,Medium
0,1,1,0,28,1,2,2,1,0,1,0,0,3,109.4,3182.92,1,0,0,0.44,0.6445507956671437,Medium
0,0,1,0,68,1,2,1,2,2,0,0,1,1,87.37,5662.45,1,0,1,0.41,0.42195215177362416,Medium
1,0,0,0,58,1,2,0,0,0,2,0,0,2,52.19,2932.84,0,1,1,0.7,0.5110910949503215,High
1,0,0,0,21,1,2,0,0,0,2,1,0,3,40.77,824.91,0,1,0,0.22,0.406262635640292,Low
1,0,1,1,24,1,0,0,0,2,0,0,0,2,103.84,2502.8,1,0,1,0.45,0.4867989811481033,Medium
0,0,0,0,37,1,1,0,0,0,0,2,1,1,28.36,1051.46,0,1,0,0.29,0.20375543931534185,Low
0,0,1,0,17,1,1,1,0,0,0,0,0,0,76.47,1304.71,0,1,1,0.33,0.44870002034843237,Medium
1,0,0,0,39,1,2,0,0,1,0,1,1,0,114.49,4439.16,1,0,0,0.26,0.34924990957157487,Low
0,1,1,1,12,1,0,0,0,0,2,2,1,0,56.95,667.34,0,1,0,0.27,0.21676589552145803,Low
1,0,0,1,49,1,2,2,0,2,2,1,0,2,75.41,3830.11,0,0,0,0.34,0.2760957459781016,Medium
0,0,0,0,30,0,0,2,0,1,2,1,0,2,39.47,1196.36,0,0,1,0.34,0.32564219858159865,Medium
0,0,1,1,45,1,1,1,2,1,2,2,0,2,22.39,1016.87,0,0,0,0.33,0.165103061060243,Medium
1,0,0,0,32,1,0,0,2,2,0,0,1,0,107.71,3331.22,1,0,0,0.45,0.46577965848851216,Medium
0,0,0,1,29,1,0,1,2,1,1,2,0,0,106.52,3001.84,1,0,0,0.24,0.22119003741898827,Low
1,0,1,1,8,1,2,1,1,0,2,0,0,2,23.81,188.35,0,0,1,0.6,0.5078389705911395,Medium
0,0,0,1,4,1,0,2,0,2,1,2,0,0,82.1,334.63,1,0,1,0.4,0.2329096616149299,Medium
0,0,0,0,2,1,2,1,1,1,0,0,0,2,59.39,114.32,0,0,1,0.4,0.5079348388987678,Medium
1,1,1,0,30,1,2,0,2,1,2,1,1,0,38.94,1197.64,0,0,0,0.14,0.2985435936719155,Low
1,0,1,0,18,1,2,1,2,1,2,0,1,0,102.6,1879.14,1,0,1,0.52,0.5109877131805555,Medium
1,0,0,0,43,1,0,1,0,0,1,1,1,3,88.79,3792.18,1,1,0,0.44,0.4469851681609397,Medium
1,0,1,0,69,1,1,0,0,0,1,1,0,1,67.06,4558.43,0,1,0,0.15,0.26322212046613147,Low
1,0,0,0,26,0,1,2,2,0,0,2,1,0,113.38,3078.8,1,0,1,0.22,0.23308564551800628,Low
1,0,1,1,65,1,2,0,0,2,0,0,0,1,91.59,6056.02,1,0,0,0.45,0.42885687323146904,Medium
0,0,0,0,39,1,2,1,1,0,0,2,0,1,63.78,2540.32,0,0,0,0.22,0.19219178119665373,Low
0,0,0,0,51,1,1,2,0,1,2,0,1,2,60.64,2970.2,0,0,1,0.61,0.4658306836291833,High
1,0,1,0,10,1,0,0,1,2,0,1,1,3,98.82,1035.93,1,0,0,0.56,0.3544299764084736,Medium
0,0,1,0,33,1,0,0,2,1,1,0,1,3,35.23,1151.44,0,0,0,0.32,0.44090734712160967,Medium
1,0,0,0,11,1,2,1,1,2,2,0,1,2,58.6,637.98,0,0,1,0.51,0.4714053284140003,Medium
1,0,0,0,57,1,0,1,0,0,2,2,1,1,93.42,5230.63,1,1,0,0.49,0.2528304254366978,Medium
0,0,0,1,7,1,2,1,2,0,1,0,0,2,59.05,421.15,0,0,1,0.58,0.5365895603298165,Medium
1,0,1,0,42,1,2,0,0,1,0,1,0,1,72.51,3131.88,0,0,0,0.17,0.2495192336276966,Low
0,0,0,1,67,1,2,1,0,0,2,0,1,0,91.36,6019.2,1,1,1,0.61,0.5507346532330665,High
0,0,0,0,1,1,2,0,2,0,2,0,0,0,27.2,26.38,0,0,1,0.54,0.5227341104751679,Medium
0,0,0,1,49,1,0,0,1,2,1,2,1,2,88.68,4460.84,1,0,0,0.29,0.2091693776182448,Low
0,0,1,0,16,1,0,2,0,1,2,2,0,2,29.85,479.27,0,0,0,0.18,0.1854388829682491,Low
0,0,1,1,7,1,0,0,0,1,2,1,1,3,99.14,663.25,1,0,0,0.44,0.4188445052327686,Medium
0,1,1,0,37,1,2,2,0,0,2,0,1,3,39.02,1510.96,0,1,0,0.55,0.5683840410794483,Medium
0,1,1,0,49,1,0,0,2,0,0,2,1,3,87.03,4294.45,1,0,0,0.42,0.2730314239163087,Medium
0,1,0,0,68,1,0,1,0,1,2,0,1,2,57.15,3707.76,0,0,1,0.62,0.4951780650967073,High
0,1,1,1,56,1,0,1,1,0,2,2,1,0,41.69,2249.22,0,0,0,0.43,0.1795966710098068,Medium
1,0,0,0,62,1,0,1,0,0,1,0,1,0,32.5,2044.56,0,1,0,0.34,0.4482007240842884,Medium
0,1,0,1,42,1,2,2,0,0,2,1,1,0,62.21,2576.07,0,1,0,0.18,0.3714711602792651,Low
0,1,1,0,32,1,0,1,0,2,1,0,1,3,84.93,2585.98,1,0,1,0.65,0.5697310351621023,High
0,0,0,0,4,1,2,2,2,2,2,2,1,0,61.66,257.25,0,0,0,0.35,0.16965525393226497,Medium
1,0,0,0,65,1,0,1,0,1,1,1,1,3,38.4,2442.43,0,0,0,0.2,0.2994967969637117,Low
0,1,0,1,26,1,2,2,0,1,0,2,1,0,79.38,2139.09,0,0,0,0.32,0.19714382473977857,Medium
1,0,1,0,26,1,2,1,0,0,1,1,0,0,78.21,1979.41,0,1,0,0.18,0.2920499284273017,Low
1,0,1,0,45,1,0,1,0,1,0,0,0,1,111.79,5042.73,1,0,0,0.47,0.4731258089630191,Medium
0,0,0,0,42,1,0,0,0,0,0,2,0,3,84.39,3480.95,1,1,0,0.5,0.29560726242422375,Medium
0,0,0,1,4,1,0,2,1,2,1,1,0,3,102.51,393.41,1,0,0,0.52,0.42045045952002474,Medium
0,0,1,0,36,1,1,1,1,1,2,0,1,1,71.32,2499.92,0,0,0,0.38,0.411357288703691,Medium
1,0,1,0,30,1,0,1,1,0,1,0,1,1,75.3,2218.64,0,0,1,0.46,0.4282816545018891,Medium
1,0,0,1,34,1,2,1,1,2,1,0,1,1,97.78,3228.42,1,0,1,0.49,0.5111114872888715,Medium
1,0,1,0,29,1,0,2,0,1,0,2,1,1,116.71,3267.74,1,0,1,0.29,0.19972912846907234,Low
0,0,1,0,39,1,2,0,2,1,0,2,0,0,117.42,4697.04,1,0,0,0.17,0.18531761479856654,Low
0,0,0,0,30,1,0,0,1,2,0,0,0,3,35.11,1010.57,0,0,1,0.29,0.4543809206077424,Low
1,1,0,0,42,1,2,0,1,0,0,0,1,2,23.62,973.96,0,0,0,0.35,0.5512154616795942,Medium
1,0,0,0,12,1,0,2,0,0,0,0,0,0,100.74,1221.96,1,1,1,0.46,0.5907687395429951,Medium
0,0,1,0,69,0,2,0,0,0,0,0,1,1,101.05,6920.11,1,1,0,0.64,0.4949937648106988,High
1,0,1,1,47,1,0,1,0,0,0,1,0,2,67.34,3036.71,0,1,0,0.28,0.28338272110054563,Low
0,0,1,0,39,1,2,1,2,0,1,2,1,3,27.62,1059.15,0,0,0,0.11,0.19640720234756548,Low
0,0,0,0,19,1,2,2,0,2,2,0,1,2,43.18,848.39,0,0,0,0.4,0.47825036256614584,Medium
1,0,0,0,33,1,2,2,0,0,0,2,1,2,29.12,923.18,0,1,0,0.04,0.21949239649755337,Low
0,0,0,0,18,1,0,1,0,0,2,0,1,0,26.37,487.36,0,1,0,0.55,0.5097153956999043,Medium
1,0,0,0,2,1,0,0,1,0,2,0,1,2,81.36,157.22,1,0,1,0.67,0.6417819493893635,High
0,0,1,0,32,0,2,1,2,0,0,2,1,3,39.82,1327.24,0,0,0,0.2,0.18712426607190802,Low
1,0,1,1,32,1,2,0,0,0,0,0,1,3,31.13,992.79,0,1,0,0.17,0.4925452090909627,Low
1,0,1,0,34,1,0,2,0,0,0,0,0,3,55.65,1973.53,0,1,1,0.39,0.4781953269745085,Medium
1,0,1,0,46,1,2,1,1,0,0,0,1,2,79.28,3799.18,0,0,1,0.65,0.4283128955206641,High
1,0,1,1,16,1,2,0,2,2,1,1,0,2,39.6,624.37,0,0,1,0.22,0.2632941508845936,Low
0,0,1,1,53,0,2,0,0,2,2,0,0,0,112.47,5666.39,1,0,0,0.61,0.43787352826079,High
0,0,0,1,2,1,2,1,2,1,2,2,1,3,82.96,173.31,1,0,0,0.34,0.3122064946019361,Medium
1,0,0,0,10,1,0,2,2,2,1,0,0,0,23.8,234.33,0,0,0,0.47,0.4165526438138404,Medium
1,0,0,0,44,1,0,0,2,1,2,2,1,0,52.9,2391.21,0,0,0,0.18,0.15385177868314642,Low
1,1,1,1,70,1,0,2,0,0,2,0,1,1,111.85,8177.15,1,1,0,0.43,0.5430844437118723,Medium
0,0,1,0,14,1,2,1,0,2,2,0,1,3,26.86,384.41,0,0,1,0.54,0.4628924228204969,Medium
1,0,0,0,45,1,2,2,0,0,0,1,1,3,38.2,1705.34,0,1,0,0.16,0.3594913486526942,Low
0,1,1,0,45,1,0,0,1,1,2,2,1,0,63.27,2748.43,0,0,0,0.13,0.16399157442128384,Low
0,0,0,0,64,1,2,0,2,0,2,1,1,2,61.97,4153.4,0,0,0,0.16,0.3170057388960477,Low
0,0,0,1,35,1,2,1,0,0,2,0,1,0,81.17,2856.11,1,1,0,0.57,0.5953760930427604,Medium
1,0,1,0,23,1,0,0,0,2,0,0,0,0,96.97,2244.26,1,0,1,0.39,0.4552983762200579,Medium
0,0,1,0,68,1,0,1,2,2,0,0,1,2,25.72,1716.73,0,0,0,0.57,0.3511374599095596,Medium
1,0,1,0,53,1,0,0,0,1,2,0,0,3,113.66,6070.18,1,0,1,0.59,0.5189949697358718,Medium
0,0,0,0,39,1,0,2,0,1,0,2,1,0,25.75,1002.58,0,0,0,0.16,0.16148209977585515,Low
0,0,0,1,11,1,0,0,2,1,1,0,1,2,113.83,1228.61,1,0,0,0.48,0.5794697995344738,Medium
0,0,1,0,41,1,0,0,2,0,2,1,1,2,103.71,4082.78,1,0,1,0.07,0.37910433398026216,Low
0,1,1,1,53,1,0,1,0,0,1,0,0,0,28.87,1595.41,0,1,0,0.33,0.47676022509075017,Medium
0,0,0,0,26,1,0,0,0,1,2,0,1,2,19.36,484.54,0,0,1,0.36,0.4985748358504919,Medium
0,0,0,0,68,1,2,0,0,0,2,0,0,3,60.9,4334.21,0,1,0,0.44,0.5194663876121525,Medium
0,0,1,1,55,1,0,2,0,2,2,0,1,1,32.81,1859.16,0,0,0,0.36,0.3678486981362089,Medium
1,0,0,0,58,0,2,2,0,2,0,0,0,0,107.81,6427.2,1,0,1,0.54,0.45052078249643235,Medium
0,0,0,0,34,1,2,0,0,2,2,0,1,1,36.22,1230.17,0,0,0,0.53,0.4455530170557895,Medium
1,0,0,1,30,1,0,2,1,0,1,0,1,1,100.03,3126.88,1,0,0,0.5,0.5699296983243185,Medium
1,1,1,0,1,1,2,0,0,2,2,2,0,3,59.43,60.96,0,0,0,0.36,0.2220051898329376,Medium
0,0,0,0,67,1,2,1,0,0,0,2,1,1,72.36,5063.07,0,1,0,0.31,0.17537006203527594,Medium
1,0,0,1,48,1,2,1,2,2,0,0,0,2,96.07,4485.53,1,0,1,0.5,0.5010695645255455,Medium
0,0,1,1,44,1,1,0,1,1,0,2,1,2,58.05,2620.35,0,0,0,0.09,0.14809216246914592,Low
1,1,0,0,53,1,2,2,0,1,2,1,1,2,26.93,1410.12,0,0,0,0.33,0.36603606236046754,Medium
0,0,1,0,47,1,0,1,0,0,2,2,0,2,111.67,5244.15,1,1,0,0.33,0.2480395161277787,Medium
0,0,1,0,31,1,2,0,0,1,0,2,0,1,23.97,778.2,0,0,1,0.15,0.16293049327775624,Low
0,1,1,1,55,1,0,1,0,1,0,1,1,2,21.7,1151.83,0,0,0,0.38,0.3005941319525246,Medium
1,0,0,0,32,1,2,2,1,2,0,2,1,0,81.04,2657.15,1,0,0,0.29,0.20106331684185957,Low
1,0,0,0,9,1,1,1,1,0,0,0,1,2,64.6,553.68,0,0,0,0.56,0.515092098668101,Medium
0,0,1,0,67,1,0,0,2,0,2,2,1,3,97.0,6779.73,1,0,0,0.38,0.22520242356947945,Medium
0,1,0,0,59,1,0,1,0,0,0,0,0,0,79.78,4851.67,0,1,1,0.44,0.48377860313043536,Medium
1,0,1,0,22,1,0,0,1,0,0,0,0,1,45.63,1023.63,0,0,0,0.58,0.44036171993550294,Medium
0,0,0,1,30,1,0,0,2,0,0,0,1,3,18.37,558.31,0,0,0,0.52,0.5125225830632195,Medium
0,0,1,0,42,1,2,0,2,0,2,2,1,2,74.7,3072.32,0,0,0,0.16,0.17861636794052746,Low
1,0,0,1,54,1,0,1,2,2,0,2,1,2,83.68,4527.19,1,0,0,0.29,0.19219749696391364,Low
0,0,1,0,2,1,2,0,1,0,0,2,0,3,82.62,160.35,1,0,0,0.41,0.30089889390660635,Medium
0,1,0,0,16,1,0,1,0,2,1,1,1,0,68.03,1122.65,0,0,1,0.33,0.3091189030348346,Medium
1,0,1,0,3,0,2,1,0,2,2,1,1,3,51.93,156.56,0,0,0,0.26,0.2992866144177276,Low
0,0,0,0,34,1,0,2,1,1,0,1,1,3,86.5,2851.84,1,0,0,0.3,0.40704742801118593,Low
1,0,1,0,24,1,0,0,0,2,2,0,1,0,80.21,1999.14,1,0,1,0.32,0.4724937095654408,Medium
1,0,1,0,19,1,1,1,1,2,0,0,1,3,92.94,1731.86,1,0,0,0.6,0.5149840589905211,Medium
1,0,0,1,5,1,2,2,0,1,0,1,0,0,75.84,394.84,0,0,1,0.27,0.30197285996380707,Low
0,1,1,0,16,1,2,0,0,2,2,1,1,3,45.99,763.83,0,0,0,0.28,0.34676412901040254,Low
1,0,1,1,4,1,0,2,2,0,1,0,1,1,84.59,337.48,1,0,1,0.47,0.5597720381245865,Medium
0,0,1,0,58,1,2,0,2,0,2,0,0,0,27.71,1612.93,0,0,1,0.32,0.42483401102775187,Medium
1,0,0,1,57,1,2,2,2,0,2,0,0,3,80.24,4386.4,1,0,1,0.54,0.6033610405090641,Medium
0,0,1,0,60,0,0,2,0,2,1,0,1,2,103.64,6243.58,1,0,0,0.46,0.44349004957786065,Medium
1,0,1,0,21,0,2,1,2,1,0,1,1,2,40.55,831.05,0,0,0,0.24,0.27126069893024446,Low
0,0,0,0,51,1,2,1,1,0,0,2,1,3,56.7,2820.69,0,0,0,0.4,0.20672603923327482,Medium
0,0,1,0,44,0,0,1,0,0,0,2,1,2,23.87,1078.76,0,1,0,0.23,0.1769981637872281,Low
1,0,0,1,49,1,2,1,1,0,1,0,1,2,81.21,3952.1,1,0,1,0.59,0.5843465623393239,Medium
0,0,1,1,16,1,2,0,0,0,1,0,0,2,92.04,1484.99,1,1,0,0.34,0.6075591223321609,Medium
1,0,0,0,3,0,2,0,0,0,2,0,1,3,85.07,265.67,1,1,1,0.61,0.6769404556910427,High
0,0,0,1,18,1,2,2,1,0,0,0,1,1,28.93,516.58,0,0,0,0.38,0.5023159467848539,Medium
1,0,1,0,53,1,0,1,0,2,0,1,0,2,41.45,2302.5,0,0,0,0.19,0.22851312742788338,Low
0,0,0,0,65,1,2,1,2,1,1,0,1,0,77.76,4965.15,0,0,1,0.42,0.3881643870385607,Medium
1,1,1,0,46,1,1,1,1,2,2,1,0,0,68.4,3008.76,0,0,0,0.18,0.2533618718371482,Low
0,0,1,0,48,1,0,1,2,0,0,0,1,2,41.95,1935.49,0,0,1,0.71,0.4289171130180952,High
1,0,0,1,39,0,2,2,2,0,0,1,0,0,19.54,790.74,0,0,0,0.38,0.294915115979732,Medium
0,0,1,1,5,1,2,1,2,1,1,0,0,0,102.5,530.43,1,0,1,0.6,0.5273565787294311,Medium
1,0,0,0,7,0,0,1,2,0,2,1,0,2,96.31,649.59,1,0,1,0.7,0.4601211887334683,High
0,0,0,1,5,1,0,1,0,1,2,0,1,1,99.92,477.22,1,0,1,0.65,0.5931856153540498,High
1,1,1,0,12,1,2,0,0,0,2,0,0,0,74.85,930.92,0,1,0,0.46,0.5289923442529989,Medium
1,0,0,0,70,1,0,1,1,0,0,0,1,0,111.43,7683.81,1,0,0,0.32,0.4843556140225082,Medium
1,0,0,1,24,1,0,1,0,1,1,0,0,3,27.94,680.63,0,0,1,0.44,0.5024392453351999,Medium
0,0,0,0,45,1,2,1,0,2,0,1,0,3,96.27,4192.78,1,0,0,0.41,0.3808195639762678,Medium
0,0,1,0,12,1,2,1,0,1,1,0,0,1,93.54,1171.28,1,0,0,0.52,0.5544196159880856,Medium
0,0,1,0,5,1,1,1,0,1,2,0,0,2,116.28,602.64,1,0,0,0.56,0.582832184595073,Medium
1,0,0,0,9,1,2,2,1,0,2,0,1,1,45.14,397.97,0,0,0,0.67,0.5258207676965092,High
0,0,1,0,71,1,0,1,0,0,2,2,0,3,39.12,2686.45,0,1,0,0.54,0.18855437951129023,Medium
1,0,0,0,63,1,0,2,2,1,0,2,0,2,47.64,3073.87,0,0,0,0.13,0.15668454431569062,Low
1,1,1,0,32,1,2,1,2,0,1,0,0,2,33.26,1105.37,0,0,1,0.52,0.5234205082952458,Medium
0,0,0,0,38,1,2,1,0,0,2,1,1,2,41.81,1653.23,0,1,0,0.3,0.37121865294511025,Low
0,0,0,0,65,1,0,0,1,2,1,0,1,1,75.41,5137.73,0,0,0,0.3,0.36628960959477275,Low
1,0,1,0,5,0,0,0,0,1,0,0,1,1,77.94,405.13,0,0,0,0.54,0.41322621555677425,Medium
0,0,1,0,44,1,0,0,0,2,1,1,0,0,98.17,4160.27,1,0,0,0.31,0.2886521329731329,Medium
0,0,1,0,63,1,2,0,0,0,0,1,1,2,103.14,6648.14,1,1,0,0.45,0.36283502245735266,Medium
0,0,1,0,50,0,0,1,0,2,0,0,0,1,24.87,1282.9,0,0,0,0.33,0.35857399148818864,Medium
0,0,0,1,71,1,0,1,0,0,2,2,0,0,86.68,6448.88,1,1,0,0.5,0.23154441123669994,Medium
0,0,0,0,35,0,2,1,1,1,0,0,1,3,88.24,3045.08,1,0,0,0.59,0.5778089502491607,Medium
1,0,0,1,24,1,2,2,2,2,2,0,1,2,84.33,1995.19,1,0,1,0.53,0.5510393608605639,Medium
1,0,0,1,4,1,2,0,0,0,0,0,1,3,93.32,367.59,1,1,1,0.58,0.6602865216361347,Medium
0,0,0,0,15,1,0,1,2,1,2,0,1,0,34.22,492.99,0,0,0,0.42,0.4547064432219948,Medium
1,1,1,1,15,1,2,0,0,0,0,0,0,0,66.91,995.77,0,1,0,0.23,0.5032173358844511,Low
1,0,1,0,63,1,0,2,1,0,2,2,1,3,97.43,5977.03,1,0,1,0.25,0.23071676432892876,Low
0,0,1,0,9,0,2,1,0,0,2,2,0,2,39.37,340.37,0,1,1,0.31,0.2212128313303412,Medium
0,0,1,1,27,1,0,2,0,1,0,1,0,2,58.67,1601.47,0,0,0,0.23,0.27368486000859177,Low
1,0,1,1,41,1,2,2,0,0,1,0,1,2,101.73,4303.01,1,1,0,0.45,0.5593230959820342,Medium
0,0,1,0,10,1,0,2,2,0,0,0,0,0,50.7,516.19,0,0,0,0.64,0.43352910116082055,High
1,0,1,1,14,1,0,1,0,0,2,2,0,0,19.07,277.14,0,1,0,0.27,0.1849637177618319,Low
1,0,1,0,56,1,2,1,2,0,1,0,0,2,28.38,1594.45,0,0,1,0.71,0.44828086255914995,High
1,0,0,0,16,1,0,1,0,0,1,1,1,1,41.24,649.11,0,1,0,0.28,0.34766905800130093,Low
1,0,0,0,13,1,2,1,0,1,0,1,0,3,31.82,400.19,0,0,0,0.24,0.35522357696994344,Low
1,0,0,0,52,1,0,0,1,0,0,0,1,1,45.08,2355.04,0,0,0,0.66,0.4463273320957194,High
1,0,1,1,63,1,2,2,0,0,2,0,1,2,19.46,1165.4,0,1,1,0.58,0.46897653625171626,Medium
1,0,0,0,24,0,2,1,0,0,2,0,1,1,24.86,587.77,0,1,1,0.58,0.5232722326838632,Medium
0,1,0,0,65,1,2,2,0,0,0,1,0,0,79.93,5200.86,0,1,0,0.37,0.32880333437908804,Medium
0,0,1,0,64,1,2,1,2,2,0,1,1,0,25.63,1621.53,0,0,0,0.11,0.20185585237336978,Low
1,0,1,0,46,1,2,0,0,0,2,0,0,3,48.18,2163.82,0,1,1,0.28,0.5017236801457873,Low
0,0,1,0,48,1,2,0,1,0,2,0,0,1,34.2,1723.6,0,0,0,0.51,0.4564996709565367,Medium
1,1,1,0,38,1,2,1,0,2,1,0,1,3,107.54,4156.05,1,0,1,0.54,0.5601132272491031,Medium
0,0,1,0,4,1,0,1,2,0,2,1,0,1,92.22,379.17,1,0,1,0.56,0.4166235367442986,Medium
1,0,0,0,20,1,0,1,2,1,1,0,1,2,78.04,1557.34,0,0,1,0.49,0.46134967367080737,Medium
1,1,0,1,1,1,2,1,1,0,2,2,1,3,23.67,22.51,0,0,0,0.44,0.2997828005920246,Medium
0,0,0,0,30,1,1,2,2,0,0,1,1,3,109.05,3118.55,1,0,0,0.18,0.4402847372830705,Low
0,0,1,0,63,1,0,1,2,2,2,0,1,3,40.29,2530.48,0,0,0,0.54,0.3854119106910664,Medium
1,0,1,1,54,1,0,1,0,0,1,1,1,3,93.07,5075.5,1,1,0,0.3,0.38474169842817246,Low
1,0,0,0,60,1,0,2,1,1,0,0,0,0,63.03,3936.52,0,0,1,0.52,0.3821109635785264,Medium
0,1,0,0,63,1,2,1,1,1,2,0,0,0,50.53,3280.31,0,0,1,0.56,0.4765222373052272,Medium
1,0,1,1,15,1,2,2,2,2,2,0,1,1,73.85,1101.56,0,0,0,0.36,0.39264516943683675,Medium
0,0,0,0,27,1,0,0,0,2,1,2,1,3,115.82,3101.42,1,0,0,0.24,0.24561377672375798,Low
1,0,0,1,29,1,0,0,2,0,0,2,0,1,49.48,1430.75,0,0,1,0.26,0.1837951463548266,Low
0,0,1,0,37,1,2,1,2,0,1,0,0,0,57.47,2084.11,0,0,1,0.49,0.4253781767693422,Medium
1,0,0,0,3,1,0,0,0,2,1,1,1,1,47.7,140.43,0,0,1,0.19,0.29037129650594073,Low
1,0,1,1,33,1,0,1,2,0,2,0,1,2,50.45,1664.56,0,0,1,0.45,0.4509987602714541,Medium
0,0,1,1,60,1,2,1,1,2,2,2,0,0,34.75,2139.43,0,0,0,0.13,0.12540246948704928,Low
1,0,1,1,8,1,0,0,1,0,2,0,0,2,56.45,437.25,0,0,1,0.55,0.4890456562798943,Medium
1,0,1,0,32,1,0,1,1,0,1,2,1,2,82.11,2701.06,1,0,1,0.28,0.24279221542023058,Low
0,0,0,0,33,1,0,2,2,0,0,0,0,2,19.45,618.98,0,0,0,0.52,0.4997105864999065,Medium
0,0,1,0,54,1,1,1,2,2,2,0,1,2,115.26,5938.42,1,0,0,0.45,0.4603742818329883,Medium
1,0,0,0,38,1,0,1,1,0,0,0,1,0,39.33,1510.82,0,0,0,0.6,0.44400985026319784,Medium
0,0,0,1,7,1,0,2,0,2,2,1,1,2,33.11,224.96,0,0,1,0.36,0.3157371342569722,Medium
0,0,1,0,34,1,0,1,0,0,2,0,0,3,52.14,1824.44,0,1,1,0.5,0.5059408639741224,Medium
0,0,1,0,48,1,2,1,2,1,0,2,0,0,79.96,4005.17,0,0,0,0.27,0.1277670183225722,Low
1,0,0,0,33,1,0,1,0,0,0,1,1,0,105.8,3336.85,1,1,0,0.36,0.38940232289772153,Medium
1,0,1,0,34,1,2,0,0,0,0,2,1,1,67.15,2374.19,0,1,1,0.15,0.1714768400188757,Low
0,0,0,1,66,1,2,0,0,0,2,0,1,2,115.7,7914.16,1,1,0,0.64,0.5755707013271716,High
0,0,0,0,20,1,1,0,0,2,0,0,1,0,65.69,1278.68,0,0,1,0.48,0.4077720938194872,Medium
0,0,0,1,46,1,0,1,1,0,1,0,0,1,40.5,1888.99,0,0,0,0.43,0.4723412806234618,Medium
1,1,1,0,31,1,1,1,2,2,0,0,0,1,84.37,2533.07,1,0,0,0.32,0.5159401901100255,Medium
0,0,1,1,70,1,1,1,0,2,0,0,0,1,32.54,2354.4,0,0,1,0.42,0.3467851583296902,Medium
0,0,0,0,22,1,2,0,2,0,0,0,0,3,95.16,2014.37,1,0,1,0.52,0.6321788098467425,Medium
1,0,1,0,59,1,0,0,2,0,0,0,1,0,30.84,1831.49,0,0,0,0.46,0.37887405226958626,Medium
1,0,0,0,55,1,2,1,2,0,0,0,1,1,72.16,3840.65,0,0,0,0.61,0.43929324245924145,High
0,0,1,1,29,1,2,0,0,2,1,1,1,2,86.13,2421.91,1,0,0,0.27,0.34622660089151636,Low
0,0,0,0,25,0,1,1,1,1,1,2,0,2,51.66,1342.27,0,0,0,0.14,0.1923804435345037,Low
1,0,0,1,64,0,0,0,0,2,0,0,1,3,84.84,5524.23,1,0,0,0.5,0.4887127800682408,Medium
1,1,1,1,4,1,2,2,1,0,2,1,1,1,24.67,100.32,0,0,1,0.45,0.37454470137969226,Medium
1,0,1,1,37,1,2,0,2,1,2,2,1,0,43.67,1674.95,0,0,0,0.2,0.14234669023566401,Low
0,0,1,1,48,1,0,0,1,0,2,0,1,3,21.98,1002.96,0,0,0,0.44,0.47802402750281575,Medium
1,0,1,0,7,1,2,2,0,2,1,1,0,2,103.99,698.53,1,0,0,0.55,0.3726897700568437,Medium
1,0,1,0,28,1,1,1,1,2,0,0,0,1,68.1,1826.48,0,0,1,0.43,0.3686791233202329,Medium
0,0,1,0,38,1,2,1,0,0,2,0,1,0,52.79,2040.43,0,1,1,0.46,0.45163287980080674,Medium
1,0,0,0,14,1,0,1,0,1,2,2,1,3,64.7,889.21,0,0,0,0.22,0.21474423462782705,Low
1,0,1,0,19,1,0,1,0,0,2,0,0,2,68.34,1247.15,0,1,0,0.34,0.4937490746129931,Medium
0,0,1,1,54,1,2,1,2,0,1,0,1,2,83.31,4423.87,1,0,0,0.73,0.5349219742855765,High
0,0,1,1,21,1,2,1,0,0,2,0,1,3,78.75,1626.74,0,1,0,0.43,0.5185919329815796,Medium
0,0,0,1,51,1,1,1,0,2,1,0,1,3,48.74,2526.23,0,0,1,0.47,0.44087489289839005,Medium
0,0,1,0,18,1,0,1,0,2,1,0,1,3,93.45,1624.06,1,0,1,0.54,0.5323079361699792,Medium
1,0,0,0,69,1,0,0,1,2,0,1,1,3,70.92,4914.25,0,0,0,0.25,0.24230269127713971,Low
1,1,1,0,4,0,0,1,0,0,2,2,0,3,107.04,447.86,1,1,0,0.52,0.3501373989051829,Medium
0,1,1,0,26,0,2,2,1,0,1,0,1,2,49.54,1268.77,0,0,0,0.5,0.5251433583349642,Medium
0,0,0,0,14,1,2,1,0,1,1,0,0,0,19.61,269.44,0,0,1,0.52,0.47969570784986165,Medium
1,0,0,0,41,1,0,0,0,0,1,1,1,3,92.01,3801.58,1,1,0,0.36,0.44808538696197103,Medium
1,0,0,0,4,1,0,0,0,0,0,0,0,3,78.01,302.22,0,1,1,0.69,0.5525764086346449,High
1,0,0,0,71,1,2,0,1,2,1,0,0,3,90.27,6553.41,1,0,0,0.5,0.5103985047517351,Medium
1,0,0,0,71,1,0,1,1,2,0,0,0,0,58.05,4084.86,0,0,1,0.34,0.3417470141385906,Medium
0,1,1,0,63,1,2,1,1,0,2,0,1,0,32.38,2014.49,0,0,1,0.37,0.4720059302526146,Medium
0,0,1,0,69,1,1,2,2,2,2,1,1,3,64.67,4408.91,0,0,0,0.15,0.23326596750109743,Low
0,0,0,1,3,1,1,1,0,0,0,0,1,1,54.6,168.34,0,1,1,0.58,0.5224107170066886,Medium
0,0,1,0,67,1,0,1,0,1,0,0,0,2,45.72,3159.98,0,0,1,0.77,0.39058117576443807,High
0,1,0,0,22,1,2,0,0,1,1,0,1,0,99.31,2112.18,1,0,0,0.47,0.6108237930261619,Medium
1,0,1,0,71,1,0,2,2,0,1,2,1,3,44.51,3211.51,0,0,0,0.23,0.16112601497425716,Low
1,0,0,0,40,1,2,0,2,0,0,0,0,1,22.2,869.18,0,0,0,0.35,0.4798866173668925,Medium
1,0,1,1,65,1,0,2,0,0,0,0,0,1,51.84,3468.86,0,1,1,0.24,0.4036286886822566,Low
0,0,0,0,36,1,2,1,2,0,2,1,1,1,62.75,2297.95,0,0,0,0.11,0.32936324546846685,Low
0,0,0,0,40,1,2,1,0,1,2,0,1,2,28.1,1106.65,0,0,0,0.42,0.4961455548912202,Medium
0,1,1,1,37,1,2,0,0,1,0,2,1,0,62.13,2403.98,0,0,0,0.12,0.16637382581284185,Low
1,0,1,1,55,1,0,1,0,2,0,0,0,2,100.38,5711.97,1,0,0,0.73,0.4435648004469615,High
0,0,1,1,50,0,0,2,0,0,2,0,1,0,52.77,2632.25,0,1,1,0.33,0.4144229988246907,Medium
1,0,1,1,15,1,0,1,2,1,0,0,1,2,38.42,572.52,0,0,0,0.44,0.4192333102603635,Medium
1,0,0,0,45,1,1,1,1,0,0,0,1,1,62.42,2938.31,0,0,1,0.54,0.4531487819676237,Medium
1,1,1,1,45,1,0,0,0,1,1,0,1,1,31.98,1379.94,0,0,1,0.33,0.44753505065540183,Medium
0,0,1,1,14,1,0,0,0,0,2,0,1,1,26.01,373.69,0,1,1,0.47,0.48569412088069697,Medium
1,1,0,0,21,1,2,1,0,0,0,2,1,2,68.47,1366.74,0,1,1,0.3,0.2603357219230292,Low
0,0,0,0,14,1,0,1,0,2,2,0,1,1,25.65,362.83,0,0,0,0.41,0.4544854567990982,Medium
0,0,0,0,37,1,2,2,1,0,0,0,1,3,54.34,2006.65,0,0,1,0.43,0.5177456857109048,Medium
1,1,1,1,25,1,2,2,0,0,2,1,0,2,77.25,2022.88,0,1,0,0.41,0.3802975813787908,Medium
1,1,0,1,9,1,1,1,2,2,0,0,1,1,109.09,1028.68,1,0,0,0.63,0.5731736528825867,High
1,1,0,0,20,1,2,1,1,0,0,2,0,1,34.83,689.2,0,0,0,0.15,0.24452882044610896,Low
1,1,1,0,10,1,2,0,1,1,2,2,1,1,74.31,717.55,0,0,0,0.18,0.20290917889697044,Low
0,0,0,0,30,1,1,1,2,0,2,0,1,3,115.04,3516.4,1,0,1,0.55,0.6231461300504743,Medium
0,0,0,1,58,1,0,1,0,1,0,0,0,1,115.83,6732.34,1,0,0,0.61,0.49806985251284125,High
1,0,1,1,52,1,2,0,0,1,0,1,1,2,62.77,3294.24,0,0,0,0.21,0.25117189244684257,Low
1,0,0,1,36,1,2,2,1,0,0,0,0,3,105.08,3692.35,1,0,1,0.37,0.6073716604335822,Medium
0,0,0,1,42,1,2,0,0,0,0,0,0,0,115.19,4991.73,1,1,1,0.44,0.559257325100804,Medium
0,0,1,0,5,1,2,0,2,1,0,2,1,0,84.71,430.17,1,0,0,0.46,0.21813743219844198,Medium
1,0,1,1,46,1,0,1,0,0,0,1,1,2,19.81,933.76,0,1,0,0.31,0.2944434522916423,Medium
1,0,1,1,22,0,0,0,2,0,0,1,0,0,73.79,1574.58,0,0,0,0.33,0.25185069288866097,Medium
1,0,0,1,23,1,0,2,2,1,0,0,1,0,60.61,1381.87,0,0,0,0.36,0.4104526630175314,Medium
0,0,0,0,36,1,0,1,0,2,0,0,0,0,113.31,3941.59,1,0,1,0.48,0.48259747561231175,Medium
0,0,0,1,13,1,2,0,0,1,0,0,1,3,33.74,428.55,0,0,0,0.54,0.5164501140229918,Medium
1,0,0,0,52,1,2,1,0,0,0,2,1,3,66.8,3514.52,0,1,0,0.32,0.20886621014326484,Medium
0,0,1,0,7,1,1,1,1,0,0,0,1,1,23.32,164.69,0,0,1,0.44,0.46766545054412006,Medium
0,0,0,0,21,1,0,0,1,1,2,2,0,2,27.24,593.59,0,0,1,0.22,0.20595934594198656,Low
1,0,1,0,1,1,2,1,0,0,2,0,1,1,57.14,59.88,0,1,1,0.61,0.5052684249673933,High
1,0,1,1,68,1,1,1,1,0,2,1,1,2,41.57,2757.73,0,0,0,0.35,0.2780904963451261,Medium
0,0,0,0,40,1,2,0,0,0,1,2,1,3,32.51,1363.5,0,1,0,0.2,0.23859262508087173,Low
1,0,0,0,45,1,2,0,1,0,0,0,0,2,78.85,3611.45,0,0,0,0.53,0.47848486865677087,Medium
1,0,1,1,45,1,2,0,2,0,0,2,1,2,93.18,4060.88,1,0,0,0.26,0.22381219750077863,Low
0,0,1,1,60,1,2,0,2,0,2,0,0,1,41.17,2562.62,0,0,1,0.51,0.4313169888044323,Medium
1,0,1,1,65,1,0,0,0,1,2,1,1,0,67.23,4550.31,0,0,0,0.14,0.2151797190101428,Low
1,0,0,0,2,1,0,1,1,2,0,0,1,3,24.6,51.04,0,0,0,0.43,0.47185619313124905,Medium
0,0,1,1,30,1,0,1,0,2,2,2,1,2,82.85,2595.33,1,0,0,0.19,0.20916194201025223,Low
1,0,1,0,17,1,0,0,0,0,2,0,1,1,93.85,1543.45,1,1,1,0.6,0.5765962204202609,Medium
1,0,1,0,15,1,2,1,0,1,0,1,1,3,72.04,1125.72,0,0,1,0.19,0.30288634235150996,Low
1,0,1,0,12,0,2,1,2,0,2,0,1,0,61.41,763.59,0,0,0,0.71,0.44315845308219826,High
1,0,1,0,3,1,0,2,1,0,1,1,1,2,87.08,273.98,1,0,0,0.4,0.42220963845267145,Medium
1,0,1,0,24,1,0,0,2,2,0,1,1,1,54.37,1338.91,0,0,0,0.11,0.22169392184188919,Low
1,0,1,0,69,0,0,1,2,0,2,0,1,0,107.81,7560.61,1,0,0,0.47,0.4494753853001343,Medium
0,0,1,0,70,1,0,1,0,0,1,2,0,1,28.42,1950.91,0,1,1,0.2,0.16405347502805498,Low
1,0,0,0,33,1,2,2,0,0,2,0,0,3,106.67,3435.37,1,1,1,0.71,0.6479976608622099,High
0,0,1,0,53,1,2,0,0,0,1,1,0,0,62.09,3285.66,0,1,0,0.14,0.2748813990705405,Low
1,1,1,0,40,1,0,0,1,2,2,2,1,1,68.03,2704.38,0,0,0,0.16,0.15436900135110718,Low
0,0,1,0,59,0,0,2,1,0,0,0,1,2,69.51,4064.05,0,0,1,0.24,0.40371274086787906,Low
1,0,1,0,37,1,2,1,0,1,1,0,0,2,80.44,3051.76,1,0,0,0.65,0.5377473341020299,High
1,0,1,0,29,1,2,1,1,0,2,0,1,1,75.58,2152.59,0,0,0,0.51,0.452576380591709,Medium
1,0,0,1,59,1,0,1,0,2,2,0,1,3,77.45,4562.25,0,0,0,0.41,0.4163865367442121,Medium
1,0,0,0,32,1,2,2,1,2,2,1,0,2,71.06,2289.46,0,0,0,0.15,0.2931418437379576,Low
1,0,1,0,26,1,2,1,2,0,0,0,1,0,54.24,1396.08,0,0,0,0.55,0.41698789217407317,Medium
0,0,0,1,15,1,2,1,0,0,2,1,0,3,63.04,956.52,0,1,0,0.28,0.4101811524442683,Low
0,0,0,1,51,0,0,1,0,0,2,2,1,1,19.5,994.84,0,1,0,0.27,0.1987316095977863,Low
1,0,0,0,10,1,1,2,2,0,2,0,1,1,70.28,691.25,0,0,0,0.61,0.5074135088262015,High
0,0,1,0,52,1,1,1,1,0,0,1,0,3,45.24,2418.96,0,0,0,0.31,0.3022576002666886,Medium
0,0,0,1,58,1,0,1,2,0,2,1,1,0,31.3,1733.72,0,0,0,0.36,0.2890661806253682,Medium
1,0,0,1,37,1,0,0,0,2,0,2,1,3,101.64,3639.52,1,0,1,0.36,0.22413052469234357,Medium
1,0,1,0,46,1,2,1,2,1,2,1,1,0,34.79,1524.83,0,0,0,0.12,0.24485532117406286,Low
1,1,0,1,53,0,0,2,2,2,2,2,1,0,90.51,4835.39,1,0,0,0.17,0.20882380852997634,Low
1,0,0,0,39,1,0,0,1,0,0,2,1,3,35.05,1315.06,0,0,0,0.2,0.20748469373248465,Low
0,0,1,0,23,1,0,0,2,0,1,1,1,2,27.84,671.99,0,0,0,0.2,0.30902246374741776,Low
1,0,1,0,18,1,0,0,2,0,1,2,1,3,108.31,1911.51,1,0,0,0.28,0.2623303352669779,Low
1,0,1,1,67,1,0,1,2,0,1,1,0,3,74.71,5061.01,0,0,1,0.4,0.2661670108288497,Medium
0,1,0,0,26,1,0,0,0,0,1,0,1,0,58.27,1563.61,0,1,0,0.48,0.5367964048603219,Medium
0,0,1,1,52,1,2,2,0,2,0,0,1,0,84.56,4274.05,1,0,1,0.46,0.43246324896787913,Medium
1,1,1,0,20,1,0,0,0,0,2,0,1,1,42.54,810.19,0,1,0,0.38,0.5275357647103323,Medium
1,0,1,0,23,1,2,1,2,0,0,2,0,2,19.78,467.28,0,0,0,0.27,0.1882477816666742,Low
1,0,0,0,45,1,0,2,1,0,0,0,1,3,45.96,2105.59,0,0,1,0.47,0.49184787522589735,Medium
0,0,1,0,34,1,1,2,2,0,1,1,1,2,111.45,3879.71,1,0,0,0.21,0.3816600650740426,Low
0,0,1,0,52,1,2,0,0,0,0,1,0,3,101.35,5498.28,1,1,0,0.38,0.40113297117693986,Medium
0,0,0,0,30,1,0,1,0,2,0,0,1,1,65.35,1863.37,0,0,0,0.55,0.4089275087606882,Medium
1,0,0,1,35,1,0,1,0,0,1,0,0,0,39.67,1426.05,0,1,1,0.31,0.4740472243911627,Medium
1,0,0,0,3,1,0,0,2,0,0,0,0,1,93.91,275.53,1,0,1,0.76,0.601180432970951,High
0,0,0,0,68,1,0,1,0,2,2,0,0,0,113.07,7872.88,1,0,0,0.39,0.45379627178393717,Medium
1,1,1,0,53,1,2,2,1,0,1,1,0,3,52.94,2937.61,0,0,0,0.15,0.35455629260136223,Low
0,0,0,0,59,1,2,0,0,2,1,0,1,3,37.92,2300.59,0,0,1,0.49,0.4475222792649195,Medium
1,0,1,0,21,1,2,1,0,0,0,0,0,0,74.51,1575.32,0,1,0,0.44,0.44444759679724644,Medium
1,0,1,0,10,1,0,0,2,0,1,0,1,3,67.49,658.56,0,0,1,0.53,0.48634473509046494,Medium
0,0,1,0,42,1,0,2,2,0,0,0,1,2,116.63,4677.09,1,0,1,0.59,0.5196177853472631,Medium
1,0,0,0,63,1,0,1,0,0,2,2,0,0,78.59,5122.36,0,1,1,0.25,0.16876634372597416,Low
0,0,1,0,42,1,2,1,1,1,2,2,1,2,66.74,2796.34,0,0,0,0.24,0.164025471378072,Low
1,0,1,0,49,1,2,2,0,1,1,2,0,2,66.91,3183.2,0,0,1,0.12,0.15716805196006864,Low
1,0,1,0,24,1,1,0,2,2,0,0,1,0,21.36,534.12,0,0,0,0.26,0.3551470749555791,Low
1,0,1,0,15,1,2,2,2,2,0,1,1,1,33.68,484.69,0,0,0,0.08,0.24181773518625246,Low
0,0,0,1,37,1,2,1,1,0,2,0,1,0,18.69,663.4,0,0,0,0.53,0.4881339575010164,Medium
1,0,1,0,67,1,0,0,0,0,0,2,1,1,81.8,5467.35,1,1,0,0.26,0.2026647025359818,Low
0,0,0,0,51,1,1,1,0,2,2,1,0,0,82.69,4213.88,1,0,0,0.14,0.3367576876849775,Low
1,0,0,0,6,1,1,2,0,0,2,0,1,2,44.05,255.65,0,1,1,0.64,0.5573556967527804,High
1,1,1,0,68,0,2,0,2,2,0,0,1,3,99.98,6978.34,1,0,1,0.48,0.4903890485052051,Medium
1,0,0,1,54,1,2,1,1,2,2,2,1,2,39.07,2030.76,0,0,0,0.34,0.16219540740647911,Medium
0,0,0,0,1,1,0,1,0,1,1,0,0,3,41.87,43.74,0,0,1,0.61,0.533280585464646,High
1,0,0,1,42,0,0,0,0,0,2,2,0,1,117.33,4970.53,1,1,1,0.22,0.2564242529887458,Low
0,0,0,1,6,1,0,2,0,2,0,0,1,3,30.07,172.62,0,0,1,0.63,0.4761369575830429,High
0,0,1,1,24,1,0,1,2,0,0,0,0,0,106.08,2428.75,1,0,0,0.56,0.511518803933164,Medium
1,0,0,1,42,1,0,2,1,2,1,0,0,3,80.45,3264.49,1,0,0,0.45,0.5370859614498299,Medium
1,0,0,0,14,1,0,0,1,1,2,2,0,1,102.1,1433.68,1,0,0,0.18,0.2612461402663096,Low
1,0,0,0,55,1,2,0,2,0,0,0,1,2,97.9,5409.05,1,0,0,0.62,0.5570261811002769,High
1,0,0,0,1,0,2,0,2,0,0,2,0,2,46.92,47.27,0,0,0,0.43,0.22259766714329643,Medium
1,0,1,0,36,0,0,0,1,0,1,0,0,2,60.56,2215.13,0,0,1,0.44,0.4421199061793212,Medium
0,0,1,0,50,1,0,0,0,2,1,1,1,3,114.84,5675.95,1,0,1,0.3,0.31975002933812535,Low
1,0,0,0,33,1,0,0,0,1,0,0,1,2,38.39,1209.86,0,0,0,0.42,0.45999602415342594,Medium
0,0,1,1,26,1,0,1,0,0,2,0,0,0,23.3,627.43,0,1,1,0.54,0.46111692052730396,Medium
0,0,1,0,52,1,2,2,1,2,2,0,1,1,32.01,1710.1,0,0,0,0.24,0.38140897384317013,Low
0,0,1,0,24,1,2,0,0,2,2,0,1,3,48.53,1144.54,0,0,0,0.35,0.44789419461075436,Medium
0,0,0,0,43,1,0,1,1,2,1,0,0,0,53.68,2397.73,0,0,0,0.33,0.38753479665404417,Medium
1,0,0,0,62,1,2,0,2,1,0,0,1,3,65.72,4236.43,0,0,1,0.27,0.43613708345876523,Low
0,0,0,0,71,1,0,1,0,2,2,0,1,3,29.32,2138.42,0,0,0,0.4,0.4366787689097359,Medium
1,1,0,1,31,1,2,0,0,1,2,0,0,0,58.91,1887.36,0,0,1,0.51,0.5053099868604551,Medium
0,0,1,0,7,1,2,0,0,1,2,0,1,3,97.17,666.26,1,0,1,0.68,0.602931290994286,High
1,0,0,0,39,1,2,2,2,1,2,1,0,2,68.52,2716.75,0,0,0,0.21,0.31040140449036396,Low
0,0,1,0,30,1,2,2,0,1,0,0,1,0,34.27,1024.32,0,0,0,0.43,0.40317752310708166,Medium
1,0,1,1,14,1,0,1,0,0,1,1,1,3,115.19,1627.61,1,1,0,0.32,0.43301937716649086,Medium
1,0,0,0,14,1,0,0,0,0,1,2,1,3,101.39,1452.46,1,1,0,0.27,0.32181131781961547,Low
1,0,1,1,34,1,0,1,1,0,0,0,1,3,25.65,839.6,0,0,0,0.52,0.46336892180699085,Medium
1,1,0,0,71,1,1,2,0,0,2,1,1,3,97.47,7140.4,1,1,0,0.43,0.47403863582252653,Medium
0,0,0,0,49,1,0,1,1,2,2,0,1,3,78.45,3666.56,0,0,0,0.59,0.43329793242271386,Medium
1,0,0,0,23,1,0,0,1,0,1,0,0,1,40.71,924.77,0,0,0,0.56,0.4938164803597976,Medium
1,0,1,0,22,1,2,0,0,0,0,0,1,1,117.1,2584.45,1,1,0,0.42,0.5574029403738869,Medium
1,0,0,0,27,1,2,1,0,1,2,0,0,1,83.84,2372.06,1,0,0,0.48,0.5827748033918242,Medium
0,0,0,0,25,1,2,0,2,1,2,2,1,0,92.97,2221.68,1,0,0,0.27,0.24352117485363375,Low
1,0,0,0,28,1,0,1,1,2,2,0,1,1,21.62,590.07,0,0,0,0.59,0.4300612086464259,Medium
0,0,0,0,43,1,1,0,1,0,1,0,0,2,82.5,3524.17,1,0,0,0.62,0.5999299291756807,High
0,0,1,1,55,1,2,1,0,0,2,1,1,3,79.75,4220.68,0,1,1,0.28,0.31607545782551905,Low
0,0,1,0,40,1,2,2,0,0,1,1,1,2,19.94,786.44,0,1,0,0.33,0.3283120708272699,Medium
1,0,0,0,41,1,2,0,1,2,0,1,1,3,30.14,1219.54,0,0,0,0.27,0.2911958781722086,Low
1,0,1,0,66,1,2,0,0,1,2,2,1,1,66.87,4288.25,0,0,0,0.34,0.1395078785040357,Medium
1,0,0,1,40,1,2,0,0,2,2,0,0,2,63.5,2485.99,0,0,0,0.45,0.4445145599887894,Medium
1,0,1,0,20,1,2,0,1,0,2,1,0,3,29.64,584.16,0,0,0,0.16,0.3539183420346508,Low
1,0,0,1,12,1,2,0,1,0,2,0,0,2,52.86,630.66,0,0,1,0.52,0.54179620975785,Medium
1,0,0,0,30,1,0,2,2,0,0,0,1,0,39.52,1184.85,0,0,1,0.45,0.4461409710089149,Medium
1,0,0,1,26,1,2,1,2,2,1,1,1,3,105.02,2761.06,1,0,0,0.24,0.38516437934549747,Low
1,1,1,0,40,1,1,1,0,1,2,1,0,2,80.78,3312.62,1,0,0,0.42,0.42276573811407736,Medium
1,0,0,0,53,0,2,1,0,2,1,0,0,1,63.59,3529.23,0,0,0,0.45,0.396230828685501,Medium
0,0,0,0,43,1,2,1,1,0,0,0,0,1,63.47,2843.18,0,0,1,0.53,0.47365179162752297,Medium
0,0,0,1,17,1,1,0,0,0,0,2,0,1,85.38,1399.2,1,1,1,0.22,0.2927295155220493,Low
1,0,1,0,21,1,2,1,0,0,0,1,1,3,107.9,2345.7,1,1,0,0.22,0.43129417741030723,Low
1,0,1,1,71,1,2,2,2,1,0,1,1,1,37.32,2534.55,0,0,0,0.3,0.22272532821901256,Low
0,1,0,0,44,1,2,2,0,0,2,0,0,1,23.91,1003.74,0,1,1,0.34,0.5774839487647393,Medium
1,0,1,0,42,0,0,0,0,1,2,1,1,3,82.83,3417.02,1,0,0,0.19,0.3686544725899947,Low
1,1,1,0,23,1,0,2,0,2,2,2,0,3,91.49,2031.34,1,0,0,0.27,0.270077045306116,Low
1,0,1,1,67,0,0,1,0,0,1,2,1,3,84.06,5450.87,1,1,0,0.35,0.22775263328563466,Medium
0,0,1,1,63,1,0,1,0,0,0,0,0,2,101.5,6398.15,1,1,1,0.61,0.5178309268004339,High
0,0,0,1,44,1,0,1,0,1,0,0,0,0,104.08,4587.93,1,0,0,0.54,0.5041085465652174,Medium
1,0,1,0,61,1,0,1,1,0,0,0,0,1,34.94,2073.3,0,0,1,0.47,0.40506586749412515,Medium
1,0,1,0,3,1,2,1,1,1,0,2,0,2,94.23,272.19,1,0,1,0.41,0.250615950984,Medium
1,0,0,0,13,1,2,2,1,0,2,1,1,1,44.2,590.8,0,0,0,0.25,0.35693252244403706,Low
0,0,0,0,23,1,1,0,2,2,0,1,0,3,70.31,1581.39,0,0,0,0.2,0.2965666013697,Low
1,1,0,1,3,1,0,2,2,0,1,0,1,2,28.38,88.02,0,0,1,0.6,0.5734280146303015,Medium
1,0,1,0,57,1,2,0,2,0,0,0,0,3,68.17,4022.67,0,0,0,0.35,0.4377329879907202,Medium
0,0,0,0,26,1,0,2,0,0,2,0,1,3,46.67,1154.28,0,1,0,0.42,0.5547442067213161,Medium
1,1,0,0,41,1,2,0,2,2,2,0,0,0,73.21,2866.23,0,0,0,0.41,0.4468591979285642,Medium
1,1,1,0,29,1,2,1,1,0,1,1,0,3,28.65,851.52,0,0,0,0.13,0.3866530766145045,Low
0,0,1,0,71,1,2,0,1,0,2,2,1,2,75.31,5363.1,0,0,0,0.25,0.16130003606251608,Low
1,0,0,1,64,1,0,2,2,2,0,1,0,1,46.75,3066.96,0,0,0,0.19,0.2241620587956538,Low
1,0,0,1,27,1,2,0,1,1,2,0,0,1,102.92,2764.16,1,0,0,0.48,0.5684031634747215,Medium
1,0,1,1,44,1,0,0,0,0,2,1,1,3,77.15,3522.01,0,1,0,0.19,0.3103336864427374,Low
0,0,0,0,3,1,2,0,0,0,0,1,1,1,35.79,102.26,0,1,1,0.3,0.3698339676041608,Low
1,0,0,0,7,1,0,2,0,0,0,0,1,0,26.01,190.37,0,1,1,0.58,0.4938737017031089,Medium
1,0,0,0,41,1,2,0,0,2,0,0,0,2,29.27,1256.34,0,0,0,0.39,0.43889174862552355,Medium
1,0,0,0,42,1,2,1,1,0,1,2,1,0,117.83,4791.95,1,0,0,0.27,0.2380708167937293,Low
0,0,0,0,70,1,0,2,0,1,1,0,0,3,114.43,7692.05,1,0,0,0.44,0.5354363731665396,Medium
1,0,1,0,66,1,2,0,0,0,2,2,1,3,23.12,1549.18,0,1,0,0.15,0.19739041754919417,Low
1,0,0,1,16,1,2,0,1,0,2,0,0,3,20.75,345.28,0,0,1,0.41,0.5631097981905164,Medium
1,0,0,0,42,1,0,1,0,1,2,2,0,2,63.03,2774.83,0,0,1,0.12,0.1845222366685475,Low
0,1,1,1,24,1,0,0,0,0,2,1,1,1,96.26,2292.88,1,1,0,0.33,0.45455779452177014,Medium
1,0,1,1,35,1,2,0,0,0,1,1,0,1,55.49,2022.96,0,1,0,0.1,0.30087072850213675,Low
0,1,0,0,38,0,0,0,1,2,1,0,1,0,80.19,3193.86,1,0,1,0.43,0.5338620828303835,Medium
1,0,1,1,58,1,2,1,2,0,0,0,1,2,40.54,2324.06,0,0,0,0.71,0.4220590504227809,High
1,0,1,1,58,1,2,1,1,2,1,0,1,2,94.26,5423.58,1,0,1,0.59,0.45532741920741837,Medium
0,0,1,1,28,1,0,2,2,0,0,0,0,2,97.77,2778.55,1,0,1,0.33,0.545757489208569,Medium
1,1,0,0,27,1,0,1,1,2,2,2,1,3,80.58,2255.22,1,0,0,0.46,0.29303393042165077,Medium
1,0,0,0,4,1,2,0,2,0,0,1,1,1,87.84,337.73,1,0,0,0.49,0.44166397498153437,Medium
1,1,1,1,59,1,1,1,2,1,0,2,0,3,96.47,5706.1,1,0,1,0.53,0.23503987682167593,Medium
0,0,0,0,3,1,2,0,1,0,1,0,1,1,46.11,140.15,0,0,1,0.4,0.5283249897879603,Medium
1,0,0,0,71,1,0,0,0,1,1,2,1,2,97.6,7136.14,1,0,1,0.44,0.21157754331262577,Medium
1,0,0,0,65,1,2,2,2,2,0,0,1,3,71.89,4491.94,0,0,0,0.27,0.3981413418701421,Low
0,0,1,0,68,0,0,2,1,0,0,0,0,0,115.81,8244.69,1,0,0,0.5,0.44338994226433154,Medium
1,0,0,1,19,1,2,1,2,0,0,2,0,2,28.6,552.77,0,0,0,0.36,0.21468975512031474,Medium
0,0,0,1,68,1,1,0,0,1,0,2,1,0,55.61,3950.96,0,0,0,0.18,0.140237701901823,Low
1,0,1,0,11,1,2,0,1,2,2,0,1,3,33.79,362.77,0,0,1,0.51,0.45197250923807597,Medium
1,0,1,1,11,1,0,2,0,1,0,1,1,1,28.84,319.39,0,0,0,0.26,0.2679724096546626,Low
0,0,0,0,20,1,0,2,0,0,2,2,1,2,23.17,440.39,0,1,0,0.19,0.2385903774105206,Low
0,0,1,1,41,1,0,1,2,0,1,1,1,1,45.53,1859.03,0,0,0,0.24,0.2706439779482626,Low
0,0,0,0,53,0,2,1,1,0,0,2,0,2,77.95,4201.76,0,0,0,0.32,0.18547299176650572,Medium
0,0,1,0,56,0,0,2,1,0,0,0,0,1,80.1,4385.63,1,0,0,0.41,0.49921268162733134,Medium
0,0,0,1,70,1,0,1,2,0,1,0,0,1,25.7,1744.1,0,0,0,0.41,0.4496291697163928,Medium
1,1,0,1,71,1,0,0,0,0,2,0,1,2,93.05,6622.1,1,1,0,0.7,0.6143214213504323,High
0,0,1,0,14,1,2,2,0,2,1,0,1,0,80.44,1151.18,1,0,0,0.55,0.49545942979837704,Medium
0,0,1,0,56,1,1,0,1,0,2,0,1,1,20.15,1109.14,0,0,0,0.5,0.4433936393516032,Medium
0,0,0,0,56,1,2,1,0,0,1,2,1,0,27.54,1520.48,0,1,1,0.2,0.1908345653119392,Low
0,1,1,0,71,1,0,2,1,1,1,0,1,1,66.94,4841.84,0,0,1,0.4,0.40711374741897666,Medium
0,0,1,0,24,1,2,1,0,2,1,0,0,0,33.02,768.87,0,0,0,0.34,0.3910157295700275,Medium
0,0,1,0,54,1,0,1,2,0,1,2,0,1,18.71,981.09,0,0,0,0.3,0.1627925259529458,Low
0,1,1,0,34,1,1,2,0,2,2,1,1,3,34.62,1188.89,0,0,0,0.27,0.32690746190757447,Low
1,0,1,0,7,0,0,0,2,1,2,2,0,2,22.8,156.88,0,0,0,0.26,0.1756304477071477,Low
1,1,0,1,52,1,2,2,0,0,1,0,1,3,63.26,3183.51,0,1,1,0.45,0.5666106493238671,Medium
1,0,0,0,50,1,0,0,1,1,0,0,1,1,113.38,5508.32,1,0,0,0.57,0.49778592345890815,Medium
1,0,0,0,25,1,2,1,2,2,0,0,1,0,20.03,523.23,0,0,0,0.49,0.401712297928794,Medium
1,0,0,0,8,1,0,0,2,0,0,1,0,0,33.26,258.98,0,0,0,0.29,0.3154471137270101,Low
1,0,0,0,25,1,0,1,0,0,1,0,0,2,25.34,625.49,0,1,1,0.64,0.530920395587519,High
0,0,1,0,17,1,0,0,0,0,2,1,1,0,89.64,1573.23,1,1,0,0.35,0.39734767937483784,Medium
0,0,0,1,30,1,2,2,0,0,0,0,0,1,23.23,717.3,0,1,1,0.41,0.5133804971936474,Medium
0,0,0,0,14,1,2,0,2,1,1,0,1,0,105.37,1420.26,1,0,0,0.51,0.5560455146708245,Medium
0,0,0,0,38,1,1,1,2,1,2,2,0,2,18.38,671.7,0,0,0,0.24,0.19790951128028428,Low
0,0,0,1,47,1,2,2,0,2,2,1,1,2,103.28,5038.45,1,0,0,0.2,0.36593929360721167,Low
1,0,0,1,54,1,2,1,2,1,0,1,1,0,80.05,4240.88,1,0,0,0.38,0.3285772896412233,Medium
1,0,0,0,35,0,0,0,2,0,2,0,0,0,21.22,710.08,0,0,0,0.57,0.46479791049303204,Medium
1,0,0,0,23,1,0,0,1,2,1,0,1,2,75.34,1696.82,0,0,0,0.55,0.43041543540865773,Medium
0,1,1,0,66,1,0,1,2,0,0,0,1,2,72.56,4731.85,0,0,0,0.51,0.44776765243606803,Medium
0,1,0,0,39,1,0,1,1,2,0,2,1,3,33.27,1256.15,0,0,0,0.26,0.2020868089155756,Low
0,0,1,0,28,1,2,0,0,1,0,0,1,3,74.81,2111.83,0,0,0,0.47,0.45032149548920286,Medium
1,1,0,1,15,1,0,1,0,0,2,0,1,1,20.72,319.43,0,1,0,0.5,0.5759726588500198,Medium
1,0,1,0,16,1,2,1,0,0,1,0,0,3,61.98,959.21,0,1,1,0.27,0.5213150426870187,Low
0,0,1,0,46,1,0,0,0,0,0,0,1,3,89.63,4274.0,1,1,0,0.43,0.5628635565856503,Medium
1,0,0,0,51,1,1,1,2,0,2,1,0,3,28.16,1496.51,0,0,0,0.35,0.35424860404266206,Medium
0,0,0,1,4,1,2,1,2,0,2,0,0,3,48.56,188.14,0,0,0,0.64,0.5705470272495704,High
0,0,1,1,9,1,0,1,0,0,1,2,0,0,55.84,501.87,0,1,1,0.36,0.18183428125387063,Medium
1,0,1,0,35,1,1,1,0,0,0,0,0,0,36.44,1333.03,0,1,0,0.3,0.43257919864056893,Low
0,1,1,1,11,1,2,2,1,2,2,0,1,0,37.02,420.01,0,0,0,0.49,0.44980974836659965,Medium
1,0,0,1,8,1,1,0,2,0,0,0,1,2,22.0,179.75,0,0,1,0.58,0.5129427239395643,Medium
1,0,1,0,21,1,0,1,0,2,0,0,1,3,83.0,1720.49,1,0,0,0.59,0.5141119305171322,Medium
1,0,1,1,33,1,2,1,1,0,2,0,1,1,67.76,2237.71,0,0,1,0.55,0.44598211553755396,Medium
0,0,1,0,37,1,0,1,2,0,2,0,0,0,92.37,3247.33,1,0,1,0.33,0.5217671848004966,Medium
1,0,0,0,2,1,2,1,2,2,1,0,0,0,101.31,195.29,1,0,1,0.69,0.5380486114608571,High
0,0,0,1,42,1,1,0,0,1,2,1,1,2,98.64,4313.91,1,0,0,0.3,0.40050797106501945,Low
0,0,0,0,40,0,1,2,1,0,0,0,0,2,75.88,3139.85,0,0,1,0.43,0.47795359815824534,Medium
0,0,1,0,7,0,0,0,2,2,0,1,0,1,67.69,467.56,0,0,0,0.39,0.23694008031821498,Medium
0,0,1,0,6,1,0,1,0,2,2,1,0,0,38.69,224.12,0,0,1,0.21,0.25658350085327003,Low
0,0,0,0,43,1,0,0,0,2,2,2,1,1,114.98,4855.98,1,0,0,0.25,0.2093033311831663,Low
0,0,1,0,14,1,0,0,1,2,2,0,0,1,66.16,934.34,0,0,1,0.49,0.40325144520661155,Medium
1,0,0,1,50,1,2,0,2,2,1,2,1,0,44.96,2275.61,0,0,0,0.26,0.1349900778442994,Low
1,0,1,1,50,1,0,0,0,0,0,0,1,1,37.6,1787.41,0,1,1,0.42,0.42123297253667835,Medium
0,1,0,0,38,1,2,2,1,1,2,0,1,3,97.27,3548.68,1,0,0,0.48,0.6487901719041492,Medium
1,0,1,0,30,1,2,1,1,0,2,0,1,1,116.82,3341.18,1,0,1,0.48,0.5509371557425624,Medium
1,0,1,1,61,1,2,1,1,1,0,2,1,2,32.58,1979.78,0,0,0,0.33,0.14484881843119382,Medium
0,0,0,0,52,1,0,1,1,1,1,2,1,2,29.19,1545.8,0,0,0,0.14,0.17742347044354717,Low
1,1,1,0,25,1,1,2,1,0,2,0,1,2,51.75,1296.48,0,0,1,0.43,0.5299044836274744,Medium
1,1,0,1,62,1,0,2,1,1,1,0,0,3,74.07,4518.69,0,0,0,0.47,0.49138679617349396,Medium
0,0,0,0,68,1,0,0,1,1,0,1,1,2,116.93,8157.58,1,0,0,0.31,0.3310645801471565,Medium
1,0,1,0,54,1,2,2,2,0,1,0,0,0,43.71,2464.45,0,0,0,0.37,0.4053180038351838,Medium
1,0,1,1,15,1,0,0,2,0,0,0,1,2,53.78,768.11,0,0,0,0.26,0.4502325006550498,Low
0,0,0,0,10,1,2,1,0,1,2,0,1,2,63.96,642.33,0,0,1,0.4,0.518741879012384,Medium
1,0,0,0,45,1,2,0,0,2,2,0,1,2,99.7,4359.04,1,0,1,0.53,0.5346778536960289,Medium
1,0,0,1,18,1,0,1,2,0,2,0,0,0,44.47,770.86,0,0,1,0.62,0.47900504045182485,High
0,0,0,0,47,1,2,1,0,2,2,0,1,3,85.5,4141.45,1,0,1,0.65,0.5615794570118868,High
0,0,1,1,64,1,0,1,1,0,0,1,0,3,87.72,5795.45,1,0,0,0.43,0.36074578311490174,Medium
1,0,0,0,2,1,2,1,0,2,1,0,1,2,100.62,194.62,1,0,1,0.63,0.5830971293574309,High
0,0,1,1,8,1,2,1,0,1,1,0,0,3,62.93,506.59,0,0,1,0.47,0.48875851003193393,Medium
0,0,0,0,25,1,0,1,2,2,2,0,1,3,72.04,1884.42,0,0,1,0.42,0.45735498291241383,Medium
1,0,0,1,11,1,0,0,2,0,2,0,1,2,105.84,1156.11,1,0,0,0.57,0.6174408320352498,Medium
0,0,1,1,42,1,0,1,1,2,0,0,1,0,53.94,2163.88,0,0,1,0.32,0.3318932422403192,Medium
0,0,1,0,2,1,2,1,0,2,0,0,1,0,91.72,176.08,1,0,0,0.67,0.4994616274243052,High
0,0,1,0,55,1,2,1,1,1,2,0,0,1,39.71,2267.07,0,0,0,0.52,0.41328621585421,Medium
0,0,0,0,1,1,0,0,1,2,2,0,0,2,85.34,83.71,1,0,1,0.6,0.5883376451418952,Medium
1,0,0,1,32,1,2,2,2,0,2,0,0,3,80.9,2584.68,1,0,1,0.55,0.6323181128794044,Medium
0,1,1,0,31,1,0,1,0,0,1,1,1,3,24.11,734.05,0,1,0,0.37,0.38951487760891623,Medium
0,0,0,0,34,1,0,1,0,1,0,0,1,2,37.43,1262.26,0,0,1,0.47,0.46546193353906956,Medium
0,0,0,0,35,0,1,2,0,0,1,0,1,3,71.44,2531.35,0,1,1,0.47,0.5258074265096089,Medium
0,0,0,0,64,1,0,0,2,0,1,0,0,1,63.45,4242.76,0,0,0,0.37,0.43909184580942295,Medium
1,0,0,1,40,1,0,2,2,2,2,0,0,1,49.3,1992.09,0,0,0,0.3,0.4049564141147108,Low
0,0,1,0,41,1,2,1,1,0,2,2,0,1,89.15,3539.99,1,0,1,0.19,0.24500447682970178,Low
1,0,0,0,32,1,2,1,2,1,0,0,1,0,32.89,1016.18,0,0,0,0.57,0.42549548163027157,Medium
1,0,0,1,65,1,2,0,2,1,0,0,1,2,83.73,5586.17,1,0,1,0.66,0.5114370635137736,High
1,0,0,0,10,1,0,1,1,0,1,0,0,0,52.82,551.47,0,0,1,0.65,0.48578581690686545,High
1,1,1,1,22,1,2,1,0,2,0,0,1,3,57.56,1311.95,0,0,1,0.43,0.4707418953387436,Medium
0,0,1,1,20,1,0,0,0,2,0,0,1,2,26.49,505.77,0,0,1,0.47,0.4018666790870502,Medium
1,1,1,0,50,1,0,2,0,0,1,2,1,2,100.33,4806.1,1,1,0,0.4,0.27385014128037627,Medium
0,0,1,0,34,1,0,1,2,1,2,0,0,3,111.74,3799.6,1,0,0,0.63,0.5419111245366329,High
0,0,1,0,1,1,1,0,1,0,2,0,1,3,89.25,86.59,1,0,1,0.64,0.6320132028992846,High
1,0,0,0,7,1,2,1,2,0,0,0,0,3,93.29,638.21,1,0,1,0.83,0.6451399946415889,High
1,0,1,0,39,1,0,0,1,2,1,2,1,2,76.85,3091.93,0,0,0,0.08,0.13136832764500495,Low
0,0,0,1,16,1,2,2,0,2,0,0,0,2,68.92,1065.83,0,0,0,0.37,0.45790291298113495,Medium
1,0,0,0,63,1,0,1,1,0,2,2,1,2,61.8,3891.18,0,0,0,0.23,0.18428677527257178,Low
1,0,0,0,70,1,0,0,1,1,2,0,1,0,110.62,7373.64,1,0,0,0.43,0.4717829012409736,Medium
0,0,0,0,61,1,0,1,0,0,2,2,0,2,56.39,3481.63,0,1,0,0.12,0.2045175795215136,Low
0,0,0,0,7,1,2,0,2,1,0,2,1,1,108.89,744.9,1,0,0,0.44,0.25900619216062376,Medium
0,0,1,0,46,1,0,1,2,0,1,0,0,0,108.84,5153.51,1,0,1,0.56,0.49126280960308993,Medium
0,0,0,0,67,1,0,0,2,1,2,0,0,1,48.31,3141.98,0,0,1,0.46,0.4208558932940124,Medium
1,0,1,1,61,1,2,0,2,1,1,1,0,2,113.0,6742.07,1,0,0,0.21,0.3166314933935448,Low
0,0,0,0,55,1,2,0,0,0,2,1,1,3,106.52,5621.18,1,1,0,0.4,0.4542156134039343,Medium
1,1,0,0,14,1,0,2,1,1,0,0,1,0,50.59,694.44,0,0,1,0.52,0.48582079010859036,Medium
0,0,1,0,15,1,0,1,1,2,0,0,1,3,38.71,605.55,0,0,1,0.47,0.4202567549684428,Medium
1,1,0,0,33,0,0,0,1,0,2,0,0,2,100.15,3287.87,1,0,1,0.73,0.6472873265931676,High
1,0,0,1,56,1,2,0,1,0,0,2,0,2,95.64,5253.77,1,0,0,0.28,0.2519005637650035,Low
0,0,0,0,27,1,0,1,1,2,0,0,0,2,62.93,1652.62,0,0,0,0.41,0.43078024047131963,Medium
1,0,0,0,63,1,0,0,2,0,0,2,1,0,40.61,2662.44,0,0,1,0.28,0.1533759897860311,Low
0,0,0,0,35,1,2,2,1,0,2,2,0,0,83.23,2858.72,1,0,0,0.48,0.2707355040274576,Medium
0,0,0,0,27,0,2,1,2,2,0,0,0,0,73.45,1914.85,0,0,1,0.43,0.39042753966354143,Medium
0,0,0,0,69,1,0,1,0,0,2,0,1,1,30.05,2051.72,0,1,0,0.37,0.4784571117712341,Medium
1,0,0,0,5,1,0,1,0,0,1,1,0,0,98.64,479.8,1,1,0,0.66,0.4435029224103681,High
1,1,0,0,51,1,2,0,0,1,0,2,0,1,95.21,4655.8,1,0,0,0.33,0.2654069157908285,Medium
0,0,0,0,64,1,0,1,0,0,0,0,0,3,34.72,2129.52,0,1,0,0.41,0.5053904356540531,Medium
0,0,1,1,8,0,0,0,1,0,2,2,1,3,85.22,707.02,1,0,0,0.35,0.28554474341490715,Medium
1,0,1,0,60,1,1,0,0,2,2,1,1,2,91.29,5278.32,1,0,0,0.29,0.30950314976638915,Low
0,0,1,0,34,0,2,0,2,0,2,0,0,0,83.22,2746.55,1,0,0,0.4,0.5340491254203956,Medium
0,0,1,0,31,1,1,0,2,0,2,2,1,0,115.36,3589.55,1,0,0,0.22,0.2213667269994853,Low
0,0,1,0,68,1,2,2,0,0,1,2,0,1,50.46,3530.32,0,1,1,0.19,0.16577852872202048,Low
1,0,0,0,23,1,0,1,0,2,0,0,1,0,92.57,2223.23,1,0,0,0.37,0.49380596406180105,Medium
0,0,0,1,27,1,2,1,0,0,0,2,1,1,36.79,986.21,0,1,0,0.2,0.2105409145178768,Low
1,1,1,0,47,1,2,0,0,1,2,2,0,2,106.17,5001.04,1,0,0,0.46,0.26223972810277035,Medium
1,0,0,0,44,1,0,1,0,0,0,1,0,0,86.87,3716.31,1,1,0,0.36,0.3861233864234158,Medium
1,0,0,0,12,1,2,1,1,0,2,0,1,0,89.59,1115.95,1,0,1,0.65,0.6044222710082522,High
1,1,0,0,24,0,2,2,0,0,0,2,0,1,87.84,2129.69,1,1,0,0.22,0.3271640300800898,Low
1,1,1,1,68,1,0,0,2,0,2,2,1,2,22.98,1610.08,0,0,0,0.25,0.1931046910169128,Low
1,0,0,0,3,1,0,0,0,0,2,1,0,0,80.25,251.84,1,1,0,0.61,0.45844364403334653,High
0,0,0,1,66,1,2,1,0,0,0,2,1,0,49.88,3385.24,0,1,1,0.29,0.16979381444284344,Low
0,1,1,0,4,1,1,2,0,0,1,0,0,2,86.08,359.45,1,1,1,0.7,0.6702325707366676,High
0,0,0,1,14,1,0,1,0,1,2,0,0,0,68.89,924.54,0,0,1,0.43,0.4628298939381572,Medium
1,0,0,1,30,1,1,2,1,0,0,0,1,0,85.35,2686.96,1,0,1,0.32,0.5519075252464997,Medium
0,0,1,0,37,1,2,0,0,1,2,0,0,0,91.7,3386.35,1,0,0,0.42,0.5123090850797513,Medium
0,0,1,0,51,1,2,1,1,0,2,0,1,2,45.56,2421.44,0,0,1,0.59,0.46253943489472066,Medium
0,1,0,1,18,1,0,0,0,0,1,0,1,2,45.71,843.07,0,1,0,0.42,0.5830086369706808,Medium
1,1,0,0,61,1,0,0,2,2,2,0,0,0,42.39,2462.58,0,0,1,0.41,0.4237911126846091,Medium
1,0,1,1,28,1,0,2,1,0,1,1,0,1,111.52,3277.92,1,0,0,0.27,0.36636958673643183,Low
0,0,1,0,25,1,2,2,0,0,1,1,1,2,115.48,2864.13,1,1,0,0.24,0.4215607421441817,Low
0,0,0,0,37,1,2,2,0,1,2,0,1,0,100.81,3596.71,1,0,0,0.46,0.5478947964118914,Medium
0,0,1,0,37,1,2,0,1,1,0,0,1,1,44.14,1585.88,0,0,0,0.22,0.4059436042349185,Low
0,1,0,0,3,1,0,1,2,2,2,0,1,2,74.98,219.19,0,0,0,0.48,0.5189006378655291,Medium
1,1,1,0,54,1,1,2,0,0,1,0,1,0,33.8,1759.23,0,1,0,0.41,0.4732178173270136,Medium
1,0,1,0,45,1,2,0,0,0,2,2,0,3,111.91,5058.06,1,1,0,0.35,0.27025743002695735,Medium
1,0,0,0,14,1,0,1,0,0,2,1,1,2,79.18,1143.33,0,1,0,0.22,0.36936029662386866,Low
1,0,0,1,4,1,2,1,1,1,0,2,0,1,115.51,440.85,1,0,0,0.69,0.26272786424690747,High
1,0,0,0,61,1,0,1,0,1,0,1,0,3,68.52,4022.45,0,0,0,0.34,0.28759290705785706,Medium
1,0,1,0,30,1,2,2,0,0,0,0,1,2,65.97,1979.17,0,1,0,0.54,0.4689165736843714,Medium
0,0,0,0,8,1,0,0,1,2,2,1,1,2,33.97,260.31,0,0,0,0.18,0.31264554257840116,Low
0,0,1,0,64,1,0,1,0,1,0,1,1,0,85.73,5723.06,1,0,0,0.2,0.2848087811601954,Low
1,0,1,1,14,1,0,2,0,0,2,1,1,1,112.49,1560.82,1,1,0,0.43,0.4059343673851538,Medium
1,0,0,0,33,1,0,1,0,0,2,0,1,1,76.68,2532.2,0,1,1,0.45,0.4925321689692905,Medium
1,0,0,0,45,1,0,0,1,0,2,1,1,0,104.17,4697.05,1,0,0,0.11,0.3768330527508164,Low
0,0,1,0,36,1,0,0,1,2,1,0,1,0,85.87,2947.88,1,0,1,0.28,0.4469217346731994,Low
1,0,0,0,12,1,2,0,0,2,2,0,1,2,77.67,959.16,0,0,0,0.47,0.47263150631613116,Medium
0,1,0,0,18,1,2,1,0,1,2,2,1,2,46.58,796.65,0,0,0,0.27,0.2532622689628425,Low
0,1,0,1,60,1,2,1,0,2,0,0,0,1,76.15,4556.58,0,0,1,0.4,0.4357075022368742,Medium
0,0,1,0,59,1,2,0,1,0,0,0,0,0,61.0,3728.39,0,0,1,0.53,0.39472287603038,Medium
0,0,1,1,42,1,1,0,2,0,2,1,1,1,114.57,4945.59,1,0,0,0.23,0.3570971864366785,Low
1,0,0,0,28,1,0,0,0,0,2,0,0,1,116.98,3349.52,1,1,1,0.43,0.602226074296889,Medium
1,0,1,1,48,1,2,2,2,0,2,1,0,3,19.34,899.66,0,0,0,0.33,0.32428252909274086,Medium
1,0,1,0,49,1,2,0,0,0,0,0,1,3,84.27,4252.22,1,1,1,0.53,0.5681325773767618,Medium
1,1,0,0,21,1,0,2,2,0,1,0,1,1,19.33,424.71,0,0,1,0.38,0.5430457489503454,Medium
1,0,1,0,61,1,2,0,0,2,2,2,0,1,49.6,3007.34,0,0,0,0.27,0.13222603501968527,Low
0,1,0,0,71,1,2,0,2,0,2,0,1,2,21.49,1517.71,0,0,1,0.43,0.5453527240009317,Medium
0,0,1,1,26,1,1,2,0,0,2,2,0,1,100.35,2626.43,1,1,0,0.37,0.26119249480015544,Medium
0,1,0,0,58,1,2,2,2,0,1,1,0,3,47.62,2751.37,0,0,0,0.23,0.39318113178916003,Low
0,0,0,0,58,1,2,0,0,2,0,1,0,3,46.15,2757.3,0,0,1,0.27,0.28580513178583195,Low
1,1,1,0,36,1,0,0,0,2,2,0,0,0,104.75,3923.7,1,0,1,0.61,0.5077203422923827,High
1,0,0,0,69,1,2,2,1,1,2,1,1,1,104.12,7140.92,1,0,0,0.19,0.34415808508450474,Low
0,1,1,0,19,1,0,0,2,1,0,2,1,3,81.09,1533.89,1,0,1,0.3,0.27829714240237385,Low
0,0,1,0,41,1,2,1,0,1,2,0,1,3,73.5,2993.85,0,0,0,0.43,0.45490794931209955,Medium
0,0,1,0,33,1,2,0,1,2,2,1,1,2,32.23,1093.51,0,0,0,0.29,0.26767496739263197,Low
1,0,0,1,38,1,2,1,1,2,1,1,1,1,75.17,2742.49,0,0,1,0.14,0.25600684709043386,Low
0,1,0,0,45,1,0,2,0,1,2,0,1,3,37.16,1625.65,0,0,0,0.51,0.547551703539328,Medium
0,0,1,0,9,1,2,2,0,2,2,0,1,2,91.0,815.13,1,0,1,0.59,0.5487412672575441,Medium
1,0,1,0,26,1,1,0,0,1,0,2,0,2,45.15,1201.01,0,0,0,0.14,0.1657670478588402,Low
0,0,0,0,59,1,2,2,2,2,0,2,0,0,20.32,1196.49,0,0,0,0.33,0.13871308634804966,Medium
1,0,1,0,26,0,2,1,0,0,1,1,1,0,47.75,1200.22,0,1,1,0.13,0.2881492185927978,Low
1,0,1,1,8,1,2,1,1,2,1,2,1,0,44.24,369.31,0,0,0,0.31,0.13877705999969114,Medium
0,0,0,1,13,0,2,1,0,0,2,0,1,3,25.13,314.54,0,1,0,0.59,0.5743369584599802,Medium
1,0,0,0,43,1,2,1,0,0,0,0,0,0,106.89,4581.24,1,1,1,0.46,0.5593506347148507,Medium
1,1,0,1,56,1,0,2,2,0,2,0,0,2,24.89,1382.65,0,0,0,0.4,0.5395828300550837,Medium
0,0,0,0,22,1,0,2,0,1,1,0,0,1,117.94,2484.81,1,0,1,0.42,0.5655280366371536,Medium
1,1,0,0,8,1,1,1,0,0,0,2,1,1,83.17,647.72,1,1,0,0.57,0.34276876094918013,Medium
1,0,1,0,36,1,2,1,2,2,0,0,1,2,72.27,2483.01,0,0,0,0.44,0.3720385705162183,Medium
1,0,0,1,63,1,2,2,0,0,2,1,1,2,104.17,6372.49,1,1,0,0.45,0.4148177670042925,Medium
0,0,0,0,24,1,1,0,1,0,1,0,1,0,24.17,587.29,0,0,1,0.23,0.4854036221517835,Low
0,0,0,1,21,1,2,1,2,1,0,0,0,3,22.26,485.45,0,0,1,0.5,0.5040633843851697,Medium
0,0,1,0,60,1,2,1,2,0,1,1,1,3,76.14,4417.4,0,0,0,0.26,0.28829333123597406,Low
1,0,1,1,24,1,2,1,0,0,2,0,1,0,79.36,1927.81,0,1,0,0.44,0.4501245968671619,Medium
0,0,1,0,58,1,1,1,2,2,2,1,0,3,30.59,1766.4,0,0,0,0.34,0.25836477510907147,Medium
0,0,0,0,18,1,2,0,1,2,0,2,0,3,46.7,809.28,0,0,0,0.23,0.19129925226145214,Low
1,0,0,0,15,1,0,2,2,2,0,0,1,3,106.26,1607.79,1,0,0,0.39,0.5476769126069785,Medium
1,1,1,0,53,0,2,0,2,0,0,0,1,2,66.62,3504.88,0,0,0,0.52,0.46547017004978375,Medium
0,0,1,0,10,0,2,2,2,1,2,1,1,2,44.23,427.89,0,0,0,0.32,0.30178635545398147,Medium
1,0,1,0,63,1,2,1,0,1,1,0,1,0,37.92,2430.87,0,0,0,0.41,0.3730904133048457,Medium
1,0,1,0,23,1,2,0,2,1,1,0,1,0,80.59,1767.02,1,0,1,0.3,0.5001233099206618,Low
0,0,0,0,3,1,1,1,2,2,2,0,0,0,108.53,316.29,1,0,0,0.7,0.5453891450452116,High
0,0,0,0,51,1,2,0,0,2,1,1,1,1,45.89,2296.19,0,0,0,0.14,0.26536192579255036,Low
0,0,0,0,58,1,2,1,1,0,1,2,0,0,39.36,2220.86,0,0,0,0.2,0.18023220442521376,Low
1,0,0,0,50,1,0,1,0,0,2,0,0,1,48.91,2388.13,0,1,1,0.47,0.4884246329755518,Medium
0,0,0,1,34,1,0,1,0,2,2,0,1,0,82.79,2845.1,1,0,1,0.36,0.5050894456100975,Medium
0,0,0,0,43,1,0,0,0,0,0,0,0,2,35.29,1466.81,0,1,0,0.45,0.5067170055547348,Medium
1,0,1,0,7,1,2,0,2,1,0,0,1,2,87.94,635.79,1,0,0,0.75,0.547257152299148,High
1,0,0,0,64,1,0,1,0,0,0,0,1,3,98.15,6437.13,1,1,0,0.44,0.571373947635434,Medium
0,0,0,1,70,1,2,0,1,2,2,0,1,0,103.59,7234.6,1,0,0,0.54,0.4549844595385295,Medium
0,0,0,0,16,0,2,0,1,0,1,1,1,0,110.76,1786.69,1,0,0,0.12,0.41712912154527415,Low
0,0,0,1,32,1,2,1,0,0,0,0,0,2,45.73,1531.39,0,1,1,0.59,0.5235468302671716,Medium
1,0,1,0,71,1,2,0,2,2,2,1,0,2,117.19,7915.16,1,0,0,0.33,0.2862128504871825,Medium
0,0,0,1,25,1,0,1,2,2,2,1,0,3,27.33,669.45,0,0,0,0.3,0.3121391376814489,Low
0,0,1,1,46,1,0,1,2,2,2,1,0,1,57.87,2626.35,0,0,0,0.2,0.22337366239262785,Low
0,1,1,0,68,1,2,2,2,0,1,1,0,2,79.06,5217.88,0,0,0,0.4,0.31216644302130425,Medium
1,0,1,0,65,1,2,0,0,1,2,0,0,1,21.89,1462.39,0,0,0,0.56,0.41191994367517676,Medium
0,1,0,1,61,0,0,0,0,0,1,2,1,2,69.95,4151.06,0,1,0,0.35,0.2187423624596195,Medium
1,0,0,0,48,1,2,0,0,0,2,1,1,2,34.84,1615.25,0,1,0,0.26,0.35873558070030337,Low
0,0,0,0,48,1,2,1,1,1,2,0,1,0,79.63,3916.4,0,0,1,0.48,0.4227702135180069,Medium
1,0,0,1,30,1,0,2,2,0,0,0,1,3,73.45,2177.6,0,0,0,0.5,0.49013381259291483,Medium
0,0,0,0,47,1,0,1,0,1,2,2,1,3,19.13,926.3,0,0,0,0.23,0.20487068316302712,Low
1,0,1,0,21,1,2,2,1,0,2,0,1,0,43.12,897.29,0,0,0,0.31,0.4510044889379723,Medium
0,0,0,0,67,1,2,1,2,0,2,0,1,3,43.57,2961.06,0,0,1,0.5,0.5030996577866702,Medium
0,0,1,0,3,1,1,0,1,0,2,0,0,0,87.95,253.93,1,0,1,0.66,0.5795583194008079,High
1,0,1,1,12,1,0,0,0,0,2,0,0,2,37.91,439.39,0,1,0,0.5,0.5037914051051811,Medium
0,1,0,1,4,1,2,1,1,2,0,0,1,0,20.6,78.79,0,0,0,0.49,0.4824006135009099,Medium
1,0,1,0,39,1,0,1,0,2,1,0,0,3,31.36,1262.92,0,0,0,0.39,0.4134084558115098,Medium
1,0,0,1,8,1,0,1,0,0,2,2,1,3,86.67,713.37,1,1,1,0.66,0.3369672024899694,High
1,0,0,0,68,1,2,1,2,2,2,2,0,3,104.51,7368.7,1,0,0,0.38,0.2125557628665616,Medium
0,0,0,0,42,1,0,1,0,1,0,0,1,3,70.13,2954.85,0,0,1,0.68,0.46447906999869726,High
1,0,0,1,18,1,2,1,2,1,2,0,1,2,44.03,753.45,0,0,0,0.56,0.4912524885240794,Medium
1,0,1,0,11,1,0,0,1,0,2,0,1,3,47.35,538.72,0,0,0,0.63,0.5048691368999617,High
0,0,0,0,43,1,0,2,1,2,0,1,0,2,92.39,3859.55,1,0,1,0.37,0.34850190146148485,Medium
0,0,0,1,45,1,0,2,2,2,2,2,0,3,59.96,2622.86,0,0,0,0.21,0.16926638483436512,Low
1,0,0,1,69,1,0,1,0,0,0,0,1,0,107.47,7460.47,1,1,1,0.46,0.49887856574290323,Medium
1,1,0,0,7,0,2,0,2,2,1,0,1,1,59.91,419.49,0,0,0,0.42,0.4863525157984409,Medium
1,0,1,0,61,1,0,1,0,1,2,2,1,3,77.59,4893.83,0,0,0,0.22,0.15163170752946084,Low
1,0,0,0,19,1,0,1,0,1,1,2,0,3,24.15,444.09,0,0,0,0.24,0.2138982602062062,Low
1,0,1,1,68,1,0,1,2,0,2,2,1,1,83.39,5665.47,1,0,0,0.29,0.19759383301478045,Low
1,0,0,0,37,1,0,2,0,0,0,0,1,3,44.69,1572.91,0,1,1,0.49,0.5173671384480124,Medium
0,0,1,0,51,0,0,0,1,0,0,0,1,2,23.18,1201.95,0,0,1,0.57,0.4316643494213473,Medium
1,0,1,0,4,1,2,2,0,0,0,0,1,2,49.56,202.36,0,1,1,0.72,0.5021916025826829,High
0,0,1,1,35,0,2,0,0,1,2,0,0,3,59.35,2167.3,0,0,0,0.42,0.4602093129536278,Medium
1,1,1,1,28,1,2,1,2,2,0,2,0,0,32.56,921.83,0,0,1,0.1,0.15115498847848363,Low
1,0,0,0,23,1,0,1,1,1,1,1,1,2,24.7,565.06,0,0,0,0.27,0.3173009344341065,Low
0,0,1,1,25,1,0,1,0,1,0,0,1,1,31.82,793.78,0,0,0,0.4,0.4105171016995997,Medium
1,0,1,1,61,1,0,0,1,1,1,2,1,1,107.93,6603.93,1,0,1,0.15,0.17271342953441407,Low
1,0,0,1,24,1,0,1,1,1,1,2,1,2,95.65,2372.02,1,0,1,0.36,0.25149712328901663,Medium
1,0,1,0,18,1,0,0,2,2,1,0,0,0,87.76,1511.38,1,0,1,0.28,0.4622818400246589,Low
1,1,0,0,65,1,0,1,2,0,0,0,0,0,49.03,3342.82,0,0,0,0.54,0.4631410070930624,Medium
1,0,1,0,16,1,1,0,0,2,2,0,0,2,96.06,1578.22,1,0,1,0.49,0.530247787821855,Medium
1,1,1,0,48,1,2,1,0,0,2,0,0,0,44.41,2057.39,0,1,1,0.46,0.49709737615022753,Medium
1,0,1,0,60,1,0,1,0,0,0,2,1,3,66.36,3841.09,0,1,0,0.41,0.16908639575038203,Medium
0,1,0,0,59,1,0,1,0,1,2,0,1,1,43.23,2582.95,0,0,0,0.47,0.4913954999872603,Medium
0,0,0,1,42,0,2,1,0,0,1,2,0,1,116.91,4754.31,1,1,0,0.2,0.26509185689963066,Low
1,0,0,1,9,1,2,1,0,1,0,0,0,3,28.86,268.54,0,0,1,0.45,0.5201949230062158,Medium
1,1,1,0,46,1,1,2,2,0,0,1,0,3,92.64,4132.85,1,0,1,0.44,0.4328776905992187,Medium
1,0,1,1,2,1,2,1,0,2,0,0,0,2,87.02,176.91,1,0,1,0.74,0.5336799589769,High
1,1,0,0,39,1,0,0,0,0,2,0,1,1,63.53,2582.12,0,1,0,0.42,0.5425832023138659,Medium
0,0,1,1,3,1,0,0,0,0,2,2,1,1,81.26,240.74,1,1,0,0.54,0.27901359138239734,Medium
1,0,0,0,19,1,0,0,1,2,0,2,1,1,86.68,1566.16,1,0,0,0.41,0.21556996736490033,Medium
0,0,1,1,32,1,0,2,2,0,1,0,1,0,61.02,2039.08,0,0,0,0.38,0.407103299567156,Medium
0,0,1,0,71,1,0,1,0,0,0,0,0,3,102.88,6991.48,1,1,0,0.54,0.5308760617362801,Medium
0,1,1,0,7,1,0,1,0,0,1,1,1,1,31.29,218.2,0,1,0,0.51,0.37331159225855226,Medium
1,0,0,0,12,1,2,1,1,2,2,0,0,1,109.99,1355.51,1,0,0,0.51,0.5575151141285197,Medium
0,0,0,0,65,1,2,0,1,2,1,1,0,0,66.15,4175.37,0,0,0,0.2,0.23185550220485626,Low
1,0,0,1,27,1,2,2,2,1,0,2,0,1,68.65,1890.73,0,0,0,0.23,0.16961869945351485,Low
0,0,0,0,25,0,1,0,2,0,0,0,0,2,27.38,684.37,0,0,0,0.46,0.5038899371581141,Medium
1,0,1,1,6,1,1,0,0,0,2,0,1,1,43.76,262.84,0,1,0,0.51,0.4909711920287124,Medium
0,0,1,0,45,1,0,1,0,0,2,1,1,0,85.83,4016.85,1,1,0,0.38,0.3629894574062673,Medium
0,1,1,1,11,1,0,0,2,0,2,1,1,1,34.71,379.28,0,0,0,0.4,0.35436281054489094,Medium
0,0,1,0,61,1,0,0,0,2,1,2,1,3,54.13,3299.71,0,0,1,0.09,0.13873685269002273,Low
0,0,0,1,52,1,2,0,1,2,2,0,1,3,66.96,3343.19,0,0,0,0.58,0.4435290928309443,Medium
1,0,0,0,27,0,0,0,1,1,0,0,0,0,36.3,1008.42,0,0,0,0.44,0.4198902809920243,Medium
0,0,1,0,39,1,2,1,0,0,1,0,0,0,32.72,1214.74,0,1,1,0.55,0.4534405108694359,Medium
1,0,0,0,54,1,0,2,0,0,1,1,1,2,57.29,3190.58,0,1,0,0.13,0.32266172088339207,Low
1,0,0,1,10,0,0,1,1,0,2,0,0,1,117.04,1163.21,1,0,0,0.63,0.6025095769581742,High
0,0,1,1,33,1,2,1,0,2,2,2,1,1,44.7,1464.07,0,0,0,0.26,0.1463170471047974,Low
0,0,0,0,65,1,0,1,1,0,0,2,0,2,26.44,1774.24,0,0,0,0.51,0.1884692617632545,Medium
1,0,1,1,30,1,0,2,2,0,1,0,1,3,104.79,3013.16,1,0,1,0.47,0.5592933951792198,Medium
1,0,1,0,7,1,0,1,0,0,1,1,1,3,114.0,787.54,1,1,1,0.38,0.4474212532612383,Medium
1,1,0,0,54,1,0,0,2,2,1,1,1,2,18.35,1018.75,0,0,0,0.18,0.30542370741597175,Low
0,0,1,0,33,1,2,1,0,0,0,1,1,0,112.32,3655.79,1,1,1,0.53,0.364875892980797,Medium
0,1,1,1,65,1,0,1,2,0,2,0,0,3,66.33,4440.91,0,0,0,0.47,0.4917710279291316,Medium
1,0,1,0,6,1,2,1,2,0,2,2,0,1,75.16,455.18,0,0,1,0.43,0.19318211326372067,Medium
0,1,0,0,44,1,0,2,0,0,0,0,1,2,108.59,4813.01,1,1,0,0.49,0.6339492781262995,Medium
0,0,0,0,60,1,0,1,1,0,0,0,1,0,94.01,5451.11,1,0,0,0.71,0.5141214599700894,High
1,0,0,0,57,1,2,1,2,1,1,2,1,0,29.58,1618.09,0,0,0,0.16,0.1540495068618125,Low
0,0,0,0,67,1,0,1,2,0,1,0,1,3,92.58,5951.83,1,0,0,0.55,0.5670493471327639,Medium
1,0,0,0,48,1,0,1,0,2,2,0,1,0,93.58,4408.78,1,0,0,0.48,0.4807436174214015,Medium
0,0,1,0,68,0,1,2,1,1,2,0,1,3,104.72,6906.32,1,0,0,0.31,0.49718127496814685,Medium
0,0,1,0,62,1,0,0,0,0,1,2,1,1,44.68,2693.69,0,1,0,0.19,0.16112467006621461,Low
1,0,0,0,50,1,0,2,2,2,2,0,0,0,72.81,3785.4,0,0,0,0.44,0.3699669208206376,Medium
1,0,1,1,32,0,0,0,0,0,0,0,1,2,101.79,3351.14,1,1,0,0.42,0.5412530316344424,Medium
0,0,1,0,34,1,2,0,2,2,0,2,0,0,71.8,2331.09,0,0,0,0.09,0.12230311848723145,Low
1,0,0,1,60,1,2,2,1,1,1,0,1,2,83.26,4769.71,1,0,1,0.51,0.5366741099449351,Medium
1,0,0,0,59,1,1,0,2,2,0,1,1,0,92.23,5575.05,1,0,0,0.14,0.2853622830264173,Low
0,0,1,1,5,1,0,1,1,0,1,2,0,3,81.05,422.6,1,0,0,0.39,0.29172765305650433,Medium
1,0,0,0,71,0,2,1,0,2,2,0,1,2,58.31,4284.2,0,0,0,0.31,0.4016512643850438,Medium
0,0,0,1,24,1,0,1,2,0,0,0,1,2,48.28,1148.63,0,0,0,0.5,0.49107191672646305,Medium
0,0,1,1,43,1,0,1,0,1,0,0,0,2,34.11,1523.86,0,0,1,0.66,0.416036075244936,High
0,0,1,1,26,0,0,2,0,2,1,0,1,3,60.51,1645.22,0,0,1,0.51,0.4080227801456193,Medium
0,0,0,0,67,0,0,1,1,2,2,2,1,1,26.79,1731.88,0,0,0,0.26,0.1429890117489246,Low
0,0,1,0,38,1,0,0,1,2,0,1,0,2,111.68,4195.81,1,0,0,0.44,0.3099320782367512,Medium
0,0,0,0,48,1,2,2,0,0,0,0,0,0,88.99,4319.71,1,1,1,0.44,0.5653939081556316,Medium
0,0,0,1,5,1,2,0,1,1,1,2,1,1,24.02,124.31,0,0,0,0.26,0.20001050494701214,Low
1,0,1,0,61,1,2,0,1,0,1,0,0,2,37.43,2323.93,0,0,1,0.38,0.4450822306846875,Medium
1,0,1,1,61,1,1,0,0,1,1,0,1,2,18.41,1179.05,0,0,0,0.69,0.4105370638730599,High
0,0,0,0,40,1,2,0,0,0,1,0,0,0,79.15,3118.05,0,1,0,0.43,0.4790471055646335,Medium
0,0,1,0,8,0,2,0,1,2,0,2,0,1,101.52,774.65,1,0,1,0.37,0.20639940765918927,Medium
1,0,0,0,11,1,2,2,0,0,0,0,0,0,101.66,1150.68,1,1,0,0.67,0.6047768421552103,High
0,0,0,1,39,1,2,2,0,1,2,2,1,1,60.47,2358.93,0,0,1,0.16,0.18244814667439754,Low
0,0,1,0,68,1,0,1,0,0,0,0,1,0,85.8,5576.55,1,1,1,0.57,0.4804025242542181,Medium
1,0,1,1,51,1,0,0,2,1,0,2,1,1,68.03,3599.86,0,0,0,0.12,0.12402445594424812,Low
0,0,1,0,22,1,0,0,2,0,2,0,0,0,23.19,494.34,0,0,0,0.51,0.44702785095106373,Medium
1,1,0,1,23,0,2,1,0,0,2,2,0,2,24.45,565.43,0,1,0,0.32,0.27796019679050266,Medium
0,0,1,1,63,1,1,0,2,1,0,0,0,0,84.22,5393.2,1,0,0,0.54,0.43761986394419755,Medium
0,0,1,1,48,1,0,2,2,0,2,0,1,1,19.73,989.87,0,0,1,0.48,0.4340029343417283,Medium
0,0,0,0,69,0,2,2,2,2,2,0,0,2,25.29,1727.92,0,0,0,0.51,0.4211446854327614,Medium
0,0,0,0,61,1,2,0,0,0,2,2,1,3,36.29,2227.02,0,1,0,0.23,0.22972777859083177,Low
1,0,0,0,2,1,1,0,2,1,0,1,0,1,114.76,240.71,1,0,1,0.5,0.40569959150557094,Medium
0,0,1,1,59,1,2,1,2,2,2,0,0,2,67.15,4103.64,0,0,0,0.47,0.37259060266455624,Medium
0,0,0,0,44,1,0,2,2,2,2,0,1,3,110.39,4965.53,1,0,1,0.44,0.5306051527632222,Medium
1,1,1,0,27,1,0,1,0,0,1,0,0,2,103.44,2680.26,1,1,0,0.62,0.6269840030164076,High
0,0,1,1,10,1,2,1,2,2,0,0,0,3,38.17,395.38,0,0,0,0.54,0.4340397091317772,Medium
1,1,0,0,66,1,0,0,0,1,2,1,0,2,47.68,3042.43,0,0,1,0.25,0.3380293306530202,Low
1,0,0,0,8,1,1,1,0,2,0,2,1,3,73.67,604.69,0,0,1,0.3,0.18748706045971303,Low
1,0,1,0,14,1,1,2,1,2,2,0,0,2,50.29,724.83,0,0,0,0.41,0.4253878027374168,Medium
0,0,1,1,58,1,2,0,2,1,1,1,0,0,114.56,6630.3,1,0,0,0.24,0.2918348623687346,Low
1,0,0,0,46,1,2,0,0,0,2,2,1,1,86.42,3958.47,1,1,0,0.32,0.27663639508659965,Medium
0,0,1,0,57,1,2,2,2,1,2,0,0,0,78.28,4441.96,0,0,0,0.44,0.3708612155511093,Medium
1,1,1,0,61,1,2,0,2,1,2,1,1,3,116.56,6849.6,1,0,0,0.38,0.39003745190272104,Medium
0,0,0,0,1,0,0,0,0,0,2,0,0,2,48.32,49.39,0,1,0,0.61,0.5595453766301483,High
1,0,0,1,3,1,0,0,0,2,2,0,1,3,74.0,224.42,0,0,0,0.52,0.4866162614267092,Medium
1,0,1,1,17,1,0,0,2,1,0,2,1,3,71.29,1250.72,0,0,0,0.11,0.1628704479012537,Low
1,0,1,0,69,1,0,0,0,0,0,0,1,2,96.77,6363.26,1,1,1,0.57,0.5057539860022646,Medium
0,1,0,1,71,1,0,1,1,0,2,2,0,3,96.01,6926.33,1,0,1,0.51,0.30329151325920406,Medium
0,0,0,0,35,1,0,2,1,2,0,2,0,3,31.05,1139.45,0,0,0,0.08,0.17509519107626811,Low
1,0,1,0,29,1,2,2,2,0,0,0,1,2,69.26,1917.33,0,0,1,0.65,0.4478261215648042,High
0,0,1,0,10,1,0,1,0,0,2,0,0,2,56.68,552.52,0,1,1,0.56,0.5128893512897695,Medium
0,0,1,1,46,1,2,2,0,1,2,2,1,2,116.14,5299.65,1,0,0,0.3,0.21944351242577448,Low
0,0,0,0,30,1,2,0,0,2,0,1,1,2,100.02,2862.53,1,0,1,0.15,0.37585128591685907,Low
0,0,1,0,52,1,2,1,0,0,2,1,0,0,80.3,4346.63,1,1,0,0.46,0.3740951701366877,Medium
0,0,1,0,14,1,2,1,1,1,0,0,1,1,45.22,607.75,0,0,1,0.27,0.4294578215375625,Low
0,1,0,0,14,1,2,0,0,2,2,2,1,2,19.22,255.95,0,0,1,0.16,0.23481741179494298,Low
1,0,0,0,40,1,0,1,1,1,1,2,0,1,75.82,2985.13,0,0,1,0.11,0.1634354151593157,Low
0,0,0,0,68,0,0,0,1,2,0,0,1,3,82.06,5383.39,1,0,0,0.56,0.4907511634880645,Medium
1,0,0,1,12,1,2,1,0,2,1,0,1,2,72.07,843.29,0,0,0,0.53,0.4601841275354487,Medium
0,0,1,0,48,1,0,0,2,2,0,2,1,0,33.8,1616.23,0,0,0,0.11,0.11341685791680131,Low
1,0,0,0,14,1,2,1,1,0,1,0,1,2,115.73,1572.69,1,0,0,0.45,0.624520196337307,Medium
0,1,1,1,54,1,2,0,2,1,0,0,1,2,107.78,5668.56,1,0,1,0.51,0.5337823770839977,Medium
0,0,0,0,53,1,0,0,2,1,1,0,1,0,58.74,2968.77,0,0,0,0.54,0.3979069060078591,Medium
0,0,0,1,61,1,0,1,2,2,0,0,0,2,72.81,4350.01,0,0,1,0.38,0.37829370209362784,Medium
1,0,1,0,7,1,0,0,2,2,1,0,1,2,37.46,273.3,0,0,0,0.64,0.4071941758979356,High
0,1,1,0,26,1,0,2,1,2,0,0,1,2,64.26,1732.3,0,0,0,0.5,0.4359510597398944,Medium
1,0,1,0,22,1,0,1,0,0,1,0,1,3,34.45,768.47,0,1,1,0.39,0.5020154576978845,Medium
0,0,0,0,40,1,1,1,0,2,2,2,0,2,83.44,3293.95,1,0,1,0.35,0.24202761209759996,Medium
0,0,0,1,6,1,0,1,0,0,0,1,0,2,58.06,343.88,0,1,0,0.5,0.37078891451968155,Medium
0,0,1,0,58,1,1,2,0,0,0,0,1,3,28.39,1616.81,0,1,0,0.47,0.4720529085196408,Medium
0,1,1,0,30,0,0,1,0,1,2,0,0,1,82.45,2483.95,1,0,1,0.4,0.5759572163466099,Medium
1,0,0,0,44,1,0,1,1,0,1,0,1,2,22.79,1042.95,0,0,1,0.56,0.4923495909800186,Medium
0,0,0,1,63,1,2,0,1,2,0,2,0,2,108.15,7055.14,1,0,0,0.27,0.1961709097718329,Low
1,0,0,0,9,1,2,1,1,2,0,2,1,2,115.98,1071.6,1,0,1,0.52,0.2441127781474201,Medium
1,0,1,0,70,1,2,2,1,2,0,1,0,2,49.92,3609.91,0,0,1,0.23,0.21803545743588532,Low
0,0,1,0,18,1,2,0,2,0,2,0,0,0,74.65,1338.57,0,0,1,0.38,0.45259220730449484,Medium
1,0,1,0,61,1,1,0,2,0,0,0,0,2,111.55,6545.52,1,0,1,0.68,0.49945598934505697,High
0,1,0,1,23,1,2,1,2,2,1,0,0,3,46.95,1110.75,0,0,0,0.38,0.5250958711284094,Medium
1,0,0,0,3,1,0,2,2,0,1,1,1,1,36.5,106.53,0,0,1,0.15,0.340649991973393,Low
0,0,1,0,41,1,2,1,1,0,2,1,1,2,32.27,1329.71,0,0,1,0.24,0.3184296177509414,Low
1,0,0,1,15,1,2,2,0,0,0,0,1,2,50.86,739.92,0,1,1,0.48,0.529468718764118,Medium
1,0,1,0,30,1,0,1,2,2,2,0,1,2,19.05,554.37,0,0,1,0.55,0.3996404753704625,Medium
1,0,0,1,63,1,0,0,0,0,0,0,1,2,25.29,1547.61,0,1,0,0.36,0.4756942331004776,Medium
1,0,0,1,27,0,2,0,2,2,0,0,0,2,25.53,688.36,0,0,1,0.45,0.4302344978748857,Medium
1,0,1,0,17,1,0,0,0,0,0,0,1,3,57.28,960.42,0,1,0,0.4,0.49211619538650025,Medium
0,0,0,0,8,1,1,1,0,1,1,0,1,3,22.72,176.17,0,0,1,0.61,0.5304493179050322,High
1,0,1,1,9,1,2,0,2,0,0,2,1,2,74.26,693.55,0,0,0,0.33,0.1847152201532329,Medium
0,0,0,0,52,1,0,2,2,2,2,2,1,0,73.08,3676.28,0,0,0,0.2,0.13211546435002097,Low
1,1,0,0,64,1,0,1,1,2,1,0,1,3,104.29,6394.79,1,0,0,0.69,0.5501282332575542,High
0,0,1,1,26,1,0,2,2,2,2,0,1,0,55.23,1477.74,0,0,1,0.38,0.35962435208136867,Medium
1,0,1,0,17,1,0,1,0,0,2,1,1,1,50.87,849.44,0,1,1,0.3,0.31540701789596187,Low
1,0,0,0,54,1,0,2,1,1,2,0,1,1,108.58,6013.64,1,0,0,0.58,0.5123263480937553,Medium
0,0,0,0,62,1,2,1,0,0,1,0,1,2,25.31,1627.44,0,1,1,0.51,0.5098477440046928,Medium
1,1,1,0,50,1,0,0,0,2,0,2,0,2,66.03,3153.47,0,0,0,0.16,0.15458618070092825,Low
0,0,0,0,35,1,2,1,0,2,2,0,0,2,84.95,2970.81,1,0,1,0.54,0.5642752219566011,Medium
0,0,0,0,68,1,0,1,1,2,2,2,1,2,46.11,3035.05,0,0,0,0.24,0.1510222001676483,Low
0,0,1,0,5,1,0,1,0,0,2,1,1,2,105.95,513.88,1,1,0,0.46,0.4487448555210835,Medium
1,0,1,0,30,1,1,2,1,0,0,2,0,0,83.06,2575.8,1,0,0,0.17,0.2185070653572613,Low
1,0,1,1,18,1,1,0,1,0,1,2,0,2,72.97,1346.37,0,0,0,0.14,0.18713962095232767,Low
1,0,0,0,35,1,2,0,0,0,1,0,1,3,92.64,3080.94,1,1,0,0.43,0.6356617780385484,Medium
1,0,1,1,70,0,0,2,1,0,0,0,0,0,94.14,6505.79,1,0,0,0.63,0.4443534313135534,High
0,1,0,0,56,1,2,2,0,0,1,0,1,1,95.16,5228.22,1,1,0,0.7,0.6280455764374658,High
1,0,1,1,29,1,2,0,0,2,2,2,1,1,50.41,1530.82,0,0,0,0.24,0.14415316672130557,Low
1,0,1,0,23,1,1,2,0,0,2,1,1,0,50.11,1154.98,0,1,0,0.15,0.2991761345414861,Low
0,0,1,0,29,1,0,0,0,2,0,2,0,1,107.3,3153.57,1,0,0,0.36,0.18660887534670284,Medium
1,0,0,0,31,1,0,2,1,0,1,0,1,0,114.06,3636.95,1,0,0,0.32,0.5493086243000881,Medium
1,0,0,1,4,1,2,2,0,2,0,0,1,3,81.87,323.04,1,0,0,0.57,0.5882274139126967,Medium
1,0,0,0,30,1,2,2,1,2,1,0,0,0,31.91,954.9,0,0,0,0.32,0.4150185651477517,Medium
0,0,1,0,46,1,0,0,2,2,1,2,1,2,56.68,2557.83,0,0,0,0.12,0.13143319916151025,Low
1,0,1,0,69,1,1,1,0,2,0,0,1,0,19.0,1258.34,0,0,0,0.56,0.3303179392708678,Medium
0,0,0,0,45,1,0,1,1,1,0,1,0,3,60.88,2666.26,0,0,0,0.23,0.30594870496637544,Low
0,0,0,0,29,1,0,1,0,2,2,2,0,3,105.2,3097.36,1,0,0,0.35,0.25702668082838126,Medium
0,0,1,0,48,1,0,1,0,2,2,1,0,1,92.48,4551.85,1,0,1,0.26,0.3092164450353166,Low
1,0,0,0,58,1,0,0,0,2,0,0,1,2,50.6,3029.17,0,0,0,0.53,0.39467209899902184,Medium
1,0,1,0,22,1,2,0,0,2,0,2,1,1,99.34,2286.91,1,0,0,0.43,0.19481651381348292,Medium
1,0,0,0,63,1,2,2,0,0,2,2,1,1,110.86,7229.28,1,1,1,0.45,0.24889552331684778,Medium
1,0,0,0,41,1,0,1,2,0,0,2,0,2,86.87,3636.0,1,0,0,0.43,0.2571501956790733,Medium
0,0,0,0,4,1,2,2,0,1,2,0,1,1,39.91,166.52,0,0,0,0.51,0.5099384970914924,Medium
0,0,0,0,22,1,2,2,2,2,0,2,1,1,57.23,1263.73,0,0,0,0.13,0.15832993157457229,Low
1,0,0,0,7,1,0,1,1,2,0,2,0,0,57.33,414.63,0,0,0,0.25,0.15277721506602604,Low
0,0,1,1,25,1,0,1,1,2,2,0,1,0,48.03,1252.51,0,0,0,0.45,0.3680956633313957,Medium
1,0,0,0,48,1,1,1,0,0,1,0,0,3,97.74,4701.24,1,1,1,0.36,0.615130777717897,Medium
1,0,0,0,33,1,2,2,1,0,2,0,0,3,68.61,2276.82,0,0,0,0.5,0.5366640693690697,Medium
0,0,1,1,30,1,0,0,0,0,1,0,1,0,82.7,2493.76,1,1,1,0.49,0.5355979548902893,Medium
1,0,1,0,30,1,0,1,1,1,2,2,0,2,95.8,2788.05,1,0,0,0.58,0.22865095991584095,Medium
0,0,0,0,34,0,0,0,0,2,1,1,0,3,58.89,2065.67,0,0,0,0.22,0.2948049877624597,Low
1,0,1,1,34,1,0,1,2,2,0,0,1,2,37.85,1242.06,0,0,0,0.42,0.36802251372631734,Medium
1,0,0,0,30,1,2,0,2,0,1,1,0,2,34.53,1069.35,0,0,1,0.2,0.3505348351168308,Low
0,0,0,0,24,1,2,2,2,0,2,0,0,1,23.7,576.62,0,0,0,0.45,0.5208783177047484,Medium
1,1,1,0,62,1,0,1,0,0,1,0,0,2,79.3,4878.8,0,1,1,0.49,0.48016194207338886,Medium
1,1,1,0,16,1,0,0,1,2,0,0,0,2,39.32,621.01,0,0,1,0.4,0.4521311013903785,Medium
1,1,1,1,27,1,2,2,0,0,0,0,1,3,70.72,1995.9,0,1,0,0.44,0.5397681825120232,Medium
1,0,0,0,32,1,2,0,2,2,2,0,1,2,94.84,3095.7,1,0,0,0.41,0.5406922468022343,Medium
0,0,1,1,4,1,2,1,0,0,0,0,1,0,32.83,130.73,0,1,1,0.46,0.4685046300740485,Medium
1,0,0,0,31,1,0,2,2,0,0,2,0,2,115.69,3731.05,1,0,1,0.26,0.2603241614421236,Low
1,0,1,0,29,1,2,1,2,2,2,1,1,1,85.58,2361.32,1,0,1,0.22,0.3249909986342005,Low
1,0,1,1,37,1,2,1,0,2,1,0,0,0,65.66,2330.71,0,0,0,0.49,0.35931520988009596,Medium
1,0,0,0,35,1,0,0,0,0,0,1,0,3,68.2,2335.23,0,1,0,0.25,0.35270539345646396,Low
1,0,1,0,37,1,0,2,2,0,2,1,1,2,64.92,2460.67,0,0,0,0.25,0.29016489933381384,Low
0,0,1,0,13,1,2,0,2,1,0,0,0,2,66.43,863.85,0,0,1,0.4,0.44445173250864606,Medium
0,0,1,0,44,1,0,0,0,2,0,0,1,0,56.8,2600.44,0,0,0,0.19,0.33678807982307185,Low
1,1,1,1,23,1,0,2,0,0,0,0,0,2,85.67,1988.67,1,1,1,0.43,0.6228085316995583,Medium
1,0,1,1,46,1,2,0,1,1,2,0,1,0,89.94,4222.27,1,0,0,0.53,0.47840819073681123,Medium
1,1,1,1,42,1,2,0,2,1,2,0,1,0,25.7,1076.66,0,0,0,0.39,0.44424019014089017,Medium
